path,cluster,dist
imgs\img_427_lat-19.9632_lon-43.9961_h162.47954177321583_p-45.jpg,0,0.54497427
imgs\img_70_lat-7.0659_lon-34.8484_h169.4782731466039_p-45.jpg,0,0.54814297
imgs\img_56_lat-23.5915_lon-46.7121_h39.50116392807058_p-45.jpg,0,0.5492916
imgs\img_92_lat-7.0620_lon-34.8485_h256.2911187349904_p-45.jpg,0,0.55081797
imgs\img_22_lat-23.5827_lon-46.7093_h195.77946761361028_p-45.jpg,0,0.55329907
imgs\img_341_lat-19.9624_lon-43.9965_h115.97167612396612_p-45.jpg,0,0.5591797
imgs\img_348_lat-19.9690_lon-43.9927_h309.5657253099334_p-45.jpg,0,0.5595573
imgs\img_2_lat-23.5913_lon-46.7082_h256.6227905516978_p-45.jpg,0,0.5623655
imgs\img_344_lat-19.9690_lon-43.9927_h309.5658370528279_p-45.jpg,0,0.56478035
imgs\img_361_lat-19.9607_lon-43.9955_h341.8056049972337_p-45.jpg,0,0.5707499
imgs\img_1004_lat-20.3562_lon-40.2905_h57.417841791493856_p-45.jpg,0,0.5748551
imgs\img_1030_lat-20.3562_lon-40.2905_h57.41815273973885_p-45.jpg,0,0.5759111
imgs\img_518_lat-23.6201_lon-46.6848_h34.706405799318645_p-45.jpg,0,0.5776848
imgs\img_434_lat-19.9607_lon-43.9955_h341.80551859496575_p-45.jpg,0,0.57781905
imgs\img_393_lat-19.9566_lon-43.9893_h342.39270277323783_p-45.jpg,0,0.5779952
imgs\img_441_lat-19.9631_lon-43.9957_h161.61185295306132_p-45.jpg,0,0.5822444
imgs\img_308_lat-19.9621_lon-43.9948_h252.8458054795724_p-45.jpg,0,0.5822867
imgs\img_336_lat-19.9566_lon-43.9893_h342.3925848855774_p-45.jpg,0,0.58433187
imgs\img_94_lat-23.5969_lon-46.7114_h144.26247493885103_p-45.jpg,0,0.58504575
imgs\img_22_lat-23.5827_lon-46.7093_h15.77946761361028_p-45.jpg,0,0.58537173
imgs\img_341_lat-19.9624_lon-43.9965_h295.9716761239661_p-45.jpg,0,0.58786744
imgs\img_97_lat-23.5881_lon-46.6965_h149.3908665372174_p-45.jpg,0,0.58898
imgs\img_495_lat-23.6196_lon-46.6866_h306.6204914388592_p-45.jpg,0,0.5904406
imgs\img_441_lat-19.9631_lon-43.9957_h341.6118529530613_p-45.jpg,0,0.59288394
imgs\img_105_lat-23.6044_lon-46.7233_h175.6687957001301_p-45.jpg,0,0.5966512
imgs\img_20_lat-7.0623_lon-34.8455_h344.55615606459645_p-45.jpg,0,0.59708774
imgs\img_115_lat-7.1172_lon-34.8266_h103.34159071917983_p-45.jpg,0,0.59723943
imgs\img_55_lat-7.0631_lon-34.8428_h167.04484965425013_p-45.jpg,0,0.5988797
imgs\img_65_lat-7.1113_lon-34.8239_h69.05028393090447_p-45.jpg,0,0.60292554
imgs\img_849_lat-23.5568_lon-46.6082_h66.73141890255442_p-45.jpg,0,0.6030164
imgs\img_55_lat-7.1113_lon-34.8239_h69.05034284588257_p-45.jpg,0,0.6040031
imgs\img_187_lat-23.6130_lon-46.7072_h214.82327300852398_p-45.jpg,0,0.6052831
imgs\img_182_lat-23.5865_lon-46.7012_h42.9667705389719_p-45.jpg,0,0.60542786
imgs\img_149_lat-7.0647_lon-34.8451_h254.7845313790171_p-45.jpg,0,0.6068541
imgs\img_252_lat-23.6020_lon-46.6583_h311.1654212746504_p-45.jpg,0,0.6071568
imgs\img_124_lat-7.0627_lon-34.8456_h75.7694748021425_p-45.jpg,0,0.6100686
imgs\img_182_lat-23.5865_lon-46.7012_h222.9667705389719_p-45.jpg,0,0.61185825
imgs\img_73_lat-7.0627_lon-34.8456_h75.76954246485364_p-45.jpg,0,0.6131831
imgs\img_306_lat-19.9619_lon-43.9916_h114.78565379542438_p-45.jpg,0,0.6141829
imgs\img_536_lat-23.6187_lon-46.6859_h306.3331236442333_p-45.jpg,0,0.61419606
imgs\img_91_lat-7.0658_lon-34.8422_h345.6112887025816_p-45.jpg,0,0.61632824
imgs\img_344_lat-19.9690_lon-43.9927_h129.56583705282785_p-45.jpg,0,0.6164459
imgs\img_35_lat-7.0709_lon-34.8418_h73.62949930974453_p-45.jpg,0,0.6187802
imgs\img_393_lat-19.9566_lon-43.9893_h162.39270277323783_p-45.jpg,0,0.61901426
imgs\img_348_lat-19.9690_lon-43.9927_h129.56572530993338_p-45.jpg,0,0.6196491
imgs\img_495_lat-23.6196_lon-46.6866_h126.6204914388592_p-45.jpg,0,0.61987823
imgs\img_397_lat-19.9607_lon-43.9921_h230.06816786253037_p-45.jpg,0,0.6206217
imgs\img_2_lat-7.0603_lon-34.8486_h6.735768498755251_p-45.jpg,0,0.6206951
imgs\img_56_lat-7.0603_lon-34.8486_h6.73575876392016_p-45.jpg,0,0.6206951
imgs\img_336_lat-19.9566_lon-43.9893_h162.39258488557743_p-45.jpg,0,0.6212015
imgs\img_45_lat-7.0740_lon-34.8428_h75.27051773029439_p-45.jpg,0,0.62191087
imgs\img_105_lat-23.6044_lon-46.7233_h355.6687957001301_p-45.jpg,0,0.6227964
imgs\img_144_lat-7.0740_lon-34.8428_h75.27058527857352_p-45.jpg,0,0.6240531
imgs\img_306_lat-19.9619_lon-43.9916_h294.78565379542437_p-45.jpg,0,0.6248736
imgs\img_359_lat-19.9621_lon-43.9945_h160.84597007628463_p-45.jpg,0,0.6252393
imgs\img_1190_lat-20.3428_lon-40.2908_h99.5593731655506_p-45.jpg,0,0.6270643
imgs\img_357_lat-19.9607_lon-43.9921_h230.0677278643468_p-45.jpg,0,0.6277561
imgs\img_1171_lat-20.3527_lon-40.2946_h189.75576657963265_p-45.jpg,0,0.62797
imgs\img_957_lat-23.5557_lon-46.5860_h42.75353322956307_p-45.jpg,0,0.6283208
imgs\img_12_lat-7.1216_lon-34.8289_h267.57701926494667_p-45.jpg,0,0.62986827
imgs\img_107_lat-7.0613_lon-34.8457_h165.90174636404754_p-45.jpg,0,0.63024324
imgs\img_18_lat-7.1216_lon-34.8289_h267.5770998734205_p-45.jpg,0,0.63049066
imgs\img_20_lat-7.0623_lon-34.8455_h164.55615606459645_p-45.jpg,0,0.6313842
imgs\img_323_lat-19.9612_lon-43.9930_h273.06778656219166_p-45.jpg,0,0.6318275
imgs\img_48_lat-7.0714_lon-34.8435_h75.20669564402273_p-45.jpg,0,0.6323178
imgs\img_1006_lat-20.3428_lon-40.2908_h99.55978991140256_p-45.jpg,0,0.6329238
imgs\img_36_lat-7.1202_lon-34.8290_h270.1518525001817_p-45.jpg,0,0.63331276
imgs\img_231_lat-23.6067_lon-46.6590_h41.03055027801712_p-45.jpg,0,0.6338209
imgs\img_25_lat-7.0714_lon-34.8435_h75.20663143217621_p-45.jpg,0,0.63419914
imgs\img_22_lat-7.1166_lon-34.8265_h103.12039247596289_p-45.jpg,0,0.63447607
imgs\img_954_lat-23.5713_lon-46.5859_h245.05869545151663_p-45.jpg,0,0.6345505
imgs\img_8_lat-7.0613_lon-34.8457_h165.90178690703374_p-45.jpg,0,0.6356521
imgs\img_24_lat-7.0730_lon-34.8443_h75.03528510607788_p-45.jpg,0,0.6359942
imgs\img_631_lat-23.5537_lon-46.5972_h101.25549641502616_p-45.jpg,0,0.6381687
imgs\img_320_lat-23.6070_lon-46.6578_h220.8334415193812_p-45.jpg,0,0.6397889
imgs\img_919_lat-23.5581_lon-46.5978_h214.37982894804028_p-45.jpg,0,0.6409463
imgs\img_383_lat-19.9579_lon-43.9889_h342.0189110642788_p-45.jpg,0,0.640952
imgs\img_130_lat-19.9831_lon-43.9789_h312.7287822055531_p-45.jpg,0,0.6414323
imgs\img_51_lat-7.0597_lon-34.8445_h254.99579040569688_p-45.jpg,0,0.6416853
imgs\img_517_lat-23.6149_lon-46.6936_h217.74146665400767_p-45.jpg,0,0.641883
imgs\img_558_lat-23.6162_lon-46.6945_h215.656034382594_p-45.jpg,0,0.64237314
imgs\img_1142_lat-20.3519_lon-40.2919_h190.33906077030312_p-45.jpg,0,0.6425113
imgs\img_186_lat-23.5841_lon-46.7000_h356.7933858790447_p-45.jpg,0,0.64290315
imgs\img_198_lat-23.5939_lon-46.7098_h150.08231623050364_p-45.jpg,0,0.6430295
imgs\img_35_lat-7.0709_lon-34.8418_h253.62949930974452_p-45.jpg,0,0.6433559
imgs\img_12_lat-7.1216_lon-34.8289_h87.57701926494667_p-45.jpg,0,0.6442255
imgs\img_49_lat-23.5906_lon-46.7001_h242.13883052041695_p-45.jpg,0,0.6451508
imgs\img_135_lat-23.5841_lon-46.7000_h356.793367794752_p-45.jpg,0,0.64515316
imgs\img_56_lat-23.5915_lon-46.7121_h219.50116392807055_p-45.jpg,0,0.64573514
imgs\img_18_lat-7.1216_lon-34.8289_h87.57709987342047_p-45.jpg,0,0.64612937
imgs\img_581_lat-23.6056_lon-46.6881_h131.16340364869163_p-45.jpg,0,0.646703
imgs\img_1012_lat-20.3519_lon-40.2919_h190.33918395603507_p-45.jpg,0,0.64799273
imgs\img_124_lat-7.0627_lon-34.8456_h255.7694748021425_p-45.jpg,0,0.6483885
imgs\img_73_lat-7.0627_lon-34.8456_h255.76954246485366_p-45.jpg,0,0.6486893
imgs\img_321_lat-19.9562_lon-43.9870_h281.95444957746486_p-45.jpg,0,0.6495369
imgs\img_1142_lat-20.3519_lon-40.2919_h10.33906077030315_p-45.jpg,0,0.6500039
imgs\img_1012_lat-20.3519_lon-40.2919_h10.339183956035084_p-45.jpg,0,0.65006673
imgs\img_110_lat-23.5969_lon-46.7178_h331.5821627543632_p-45.jpg,0,0.6511071
imgs\img_394_lat-23.6136_lon-46.6625_h221.07275938038407_p-45.jpg,0,0.65127647
imgs\img_1136_lat-20.3533_lon-40.2928_h190.3447312184124_p-45.jpg,0,0.6516595
imgs\img_1015_lat-20.3533_lon-40.2928_h190.34480370151806_p-45.jpg,0,0.6529417
imgs\img_46_lat-7.0617_lon-34.8471_h75.83548406139147_p-45.jpg,0,0.65316725
imgs\img_473_lat-23.6028_lon-46.6800_h134.6053262099776_p-45.jpg,0,0.6539807
imgs\img_628_lat-23.5716_lon-46.5859_h271.16019385260427_p-45.jpg,0,0.654089
imgs\img_449_lat-19.9638_lon-43.9949_h161.04051301226355_p-45.jpg,0,0.6542126
imgs\img_142_lat-7.0712_lon-34.8399_h256.48914562346664_p-45.jpg,0,0.65488213
imgs\img_218_lat-23.5836_lon-46.6499_h147.30395720379272_p-45.jpg,0,0.65497965
imgs\img_96_lat-7.1122_lon-34.8254_h56.254109592825216_p-45.jpg,0,0.65627825
imgs\img_22_lat-7.1166_lon-34.8265_h283.1203924759629_p-45.jpg,0,0.6568434
imgs\img_313_lat-19.9621_lon-43.9942_h254.15398642647412_p-45.jpg,0,0.65727234
imgs\img_94_lat-7.1122_lon-34.8254_h56.25420245206661_p-45.jpg,0,0.65802747
imgs\img_49_lat-23.5906_lon-46.7001_h62.13883052041696_p-45.jpg,0,0.6582609
imgs\img_410_lat-23.6067_lon-46.6905_h40.61508490104105_p-45.jpg,0,0.6584267
imgs\img_919_lat-23.5581_lon-46.5978_h34.37982894804031_p-45.jpg,0,0.6591244
imgs\img_93_lat-7.1123_lon-34.8272_h62.8121629919648_p-45.jpg,0,0.65929353
imgs\img_397_lat-19.9607_lon-43.9921_h50.06816786253037_p-45.jpg,0,0.6598724
imgs\img_94_lat-23.5969_lon-46.7114_h324.262474938851_p-45.jpg,0,0.66013616
imgs\img_22_lat-7.0682_lon-34.8392_h76.79860716755127_p-45.jpg,0,0.66052073
imgs\img_849_lat-23.5568_lon-46.6082_h246.7314189025544_p-45.jpg,0,0.66154194
imgs\img_280_lat-19.9368_lon-43.9304_h283.90592096620827_p-45.jpg,0,0.6618159
imgs\img_1162_lat-20.3482_lon-40.2918_h10.294274782478851_p-45.jpg,0,0.66259634
imgs\img_840_lat-23.5704_lon-46.5851_h106.01062908752283_p-45.jpg,0,0.66329193
imgs\img_97_lat-7.0733_lon-34.8427_h165.88431888984178_p-45.jpg,0,0.66388965
imgs\img_158_lat-23.5809_lon-46.7075_h237.54049105911167_p-45.jpg,0,0.6640822
imgs\img_74_lat-23.6016_lon-46.6993_h295.50334929274334_p-45.jpg,0,0.664239
imgs\img_864_lat-23.5584_lon-46.6011_h140.95558850391228_p-45.jpg,0,0.6645803
imgs\img_616_lat-23.5678_lon-46.5864_h132.93392272182024_p-45.jpg,0,0.66478777
imgs\img_1055_lat-20.3482_lon-40.2918_h10.294391861585144_p-45.jpg,0,0.664886
imgs\img_1015_lat-20.3533_lon-40.2928_h10.344803701518048_p-45.jpg,0,0.6648996
imgs\img_189_lat-23.5962_lon-46.7162_h331.61114049623404_p-45.jpg,0,0.665429
imgs\img_87_lat-23.5862_lon-46.7044_h247.39756164786274_p-45.jpg,0,0.66569704
imgs\img_55_lat-23.5949_lon-46.7141_h171.62291270315018_p-45.jpg,0,0.666442
imgs\img_55_lat-7.0631_lon-34.8428_h347.04484965425013_p-45.jpg,0,0.66651905
imgs\img_136_lat-23.5844_lon-46.7047_h282.71934099817724_p-45.jpg,0,0.66693157
imgs\img_1051_lat-20.3543_lon-40.2948_h306.02987272840613_p-45.jpg,0,0.6671007
imgs\img_383_lat-19.9579_lon-43.9889_h162.01891106427888_p-45.jpg,0,0.6673641
imgs\img_26_lat-7.0716_lon-34.8360_h73.45350079319486_p-45.jpg,0,0.6674747
imgs\img_353_lat-19.9677_lon-43.9944_h182.86822796507272_p-45.jpg,0,0.66796935
imgs\img_130_lat-19.9831_lon-43.9789_h132.7287822055531_p-45.jpg,0,0.66801107
imgs\img_1136_lat-20.3533_lon-40.2928_h10.344731218412392_p-45.jpg,0,0.6687438
imgs\img_69_lat-7.0696_lon-34.8365_h75.37025622529279_p-45.jpg,0,0.66897416
imgs\img_60_lat-7.1135_lon-34.8277_h71.71228922250566_p-45.jpg,0,0.6697103
imgs\img_87_lat-23.5862_lon-46.7044_h67.39756164786276_p-45.jpg,0,0.6697286
imgs\img_111_lat-7.0641_lon-34.8453_h256.54582641502486_p-45.jpg,0,0.66978616
imgs\img_113_lat-19.9690_lon-43.9653_h90.6917603389815_p-45.jpg,0,0.6699287
imgs\img_446_lat-23.6083_lon-46.6824_h130.949248899276_p-45.jpg,0,0.67000943
imgs\img_63_lat-7.0696_lon-34.8365_h75.37036264812403_p-45.jpg,0,0.6704646
imgs\img_146_lat-7.0721_lon-34.8378_h255.8302776781053_p-45.jpg,0,0.67223203
imgs\img_74_lat-23.6016_lon-46.6993_h115.50334929274332_p-45.jpg,0,0.6732604
imgs\img_357_lat-19.9607_lon-43.9921_h50.06772786434681_p-45.jpg,0,0.67343223
imgs\img_158_lat-23.5809_lon-46.7075_h57.54049105911167_p-45.jpg,0,0.6739679
imgs\img_1_lat-7.1340_lon-34.8207_h332.6825422977711_p-45.jpg,0,0.6741541
imgs\img_353_lat-19.9677_lon-43.9944_h2.868227965072712_p-45.jpg,0,0.6749247
imgs\img_146_lat-7.0721_lon-34.8378_h75.83027767810529_p-45.jpg,0,0.67498684
imgs\img_9_lat-7.0691_lon-34.8413_h345.922417279028_p-45.jpg,0,0.6750434
imgs\img_13_lat-7.0721_lon-34.8378_h255.83048882444206_p-45.jpg,0,0.6751362
imgs\img_146_lat-23.5865_lon-46.7080_h111.30896691206146_p-45.jpg,0,0.6755978
imgs\img_1095_lat-20.3426_lon-40.2917_h276.13964499983507_p-45.jpg,0,0.6764196
imgs\img_2_lat-7.0603_lon-34.8486_h186.73576849875525_p-45.jpg,0,0.6765927
imgs\img_144_lat-7.0740_lon-34.8428_h255.27058527857352_p-45.jpg,0,0.676704
imgs\img_56_lat-7.0603_lon-34.8486_h186.73575876392016_p-45.jpg,0,0.6770555
imgs\img_90_lat-7.1126_lon-34.8261_h250.09442114348218_p-45.jpg,0,0.677116
imgs\img_791_lat-23.5576_lon-46.5862_h292.8749562551959_p-45.jpg,0,0.67744434
imgs\img_1047_lat-20.3454_lon-40.2910_h9.782878583928824_p-45.jpg,0,0.67750907
imgs\img_97_lat-7.0733_lon-34.8427_h345.8843188898417_p-45.jpg,0,0.67792827
imgs\img_44_lat-7.1126_lon-34.8261_h250.09431631812012_p-45.jpg,0,0.67799896
imgs\img_1171_lat-20.3527_lon-40.2946_h9.755766579632644_p-45.jpg,0,0.67802453
imgs\img_46_lat-7.0617_lon-34.8471_h255.83548406139147_p-45.jpg,0,0.67822677
imgs\img_65_lat-7.0697_lon-34.8451_h256.7773945502511_p-45.jpg,0,0.6785691
imgs\img_594_lat-23.6207_lon-46.6906_h303.90153494143783_p-45.jpg,0,0.68047523
imgs\img_81_lat-23.5978_lon-46.7182_h203.36432770811157_p-45.jpg,0,0.6811366
imgs\img_1004_lat-20.3562_lon-40.2905_h237.41784179149383_p-45.jpg,0,0.6820006
imgs\img_69_lat-7.1170_lon-34.8275_h283.04112579565566_p-45.jpg,0,0.6823925
imgs\img_13_lat-7.0721_lon-34.8378_h75.83048882444204_p-45.jpg,0,0.6829559
imgs\img_141_lat-7.0670_lon-34.8428_h256.3037106036536_p-45.jpg,0,0.6831894
imgs\img_1135_lat-20.3454_lon-40.2910_h9.782814193363947_p-45.jpg,0,0.6832295
imgs\img_207_lat-19.9351_lon-43.9375_h14.53715623948574_p-45.jpg,0,0.6839097
imgs\img_231_lat-23.6067_lon-46.6590_h221.03055027801713_p-45.jpg,0,0.68409854
imgs\img_146_lat-23.5865_lon-46.7080_h291.30896691206146_p-45.jpg,0,0.68562824
imgs\img_1176_lat-20.3420_lon-40.2905_h49.93533643770599_p-45.jpg,0,0.68578243
imgs\img_45_lat-7.0740_lon-34.8428_h255.2705177302944_p-45.jpg,0,0.68588233
imgs\img_207_lat-19.9351_lon-43.9375_h194.5371562394857_p-45.jpg,0,0.6861485
imgs\img_1025_lat-20.3420_lon-40.2905_h49.93514899833758_p-45.jpg,0,0.6861593
imgs\img_14_lat-23.5862_lon-46.7112_h137.52709050342725_p-45.jpg,0,0.6863685
imgs\img_436_lat-19.9687_lon-43.9931_h309.36716384556564_p-45.jpg,0,0.68722713
imgs\img_252_lat-23.6020_lon-46.6583_h131.16542127465038_p-45.jpg,0,0.68757147
imgs\img_85_lat-23.5998_lon-46.7077_h206.16457319851028_p-45.jpg,0,0.68818396
imgs\img_57_lat-23.5933_lon-46.7073_h151.06405862737884_p-45.jpg,0,0.68899274
imgs\img_308_lat-19.9621_lon-43.9948_h72.84580547957238_p-45.jpg,0,0.68943954
imgs\img_111_lat-7.0641_lon-34.8453_h76.54582641502486_p-45.jpg,0,0.6899385
imgs\img_81_lat-23.5978_lon-46.7182_h23.364327708111546_p-45.jpg,0,0.69104123
imgs\img_317_lat-19.9570_lon-43.9869_h318.34244555039925_p-45.jpg,0,0.6911079
imgs\img_69_lat-7.1263_lon-34.8272_h145.88532415282617_p-45.jpg,0,0.69113123
imgs\img_609_lat-23.5603_lon-46.5898_h116.53363909604832_p-45.jpg,0,0.69141865
imgs\img_1091_lat-20.3426_lon-40.2917_h276.1397983761858_p-45.jpg,0,0.6922116
imgs\img_16_lat-7.0738_lon-34.8464_h345.87110990233464_p-45.jpg,0,0.69258547
imgs\img_194_lat-23.5834_lon-46.7095_h74.17567993598765_p-45.jpg,0,0.69259083
imgs\img_1120_lat-20.3553_lon-40.2886_h100.07991429805332_p-45.jpg,0,0.6930461
imgs\img_924_lat-23.5534_lon-46.5859_h222.4979057862956_p-45.jpg,0,0.6935439
imgs\img_186_lat-23.5841_lon-46.7000_h176.7933858790447_p-45.jpg,0,0.69428915
imgs\img_1181_lat-20.3553_lon-40.2886_h100.08015117749808_p-45.jpg,0,0.6949003
imgs\img_135_lat-23.5841_lon-46.7000_h176.79336779475193_p-45.jpg,0,0.6949716
imgs\img_283_lat-23.6048_lon-46.6557_h40.875891233290965_p-45.jpg,0,0.6958098
imgs\img_772_lat-23.5665_lon-46.5990_h225.63430009482184_p-45.jpg,0,0.696193
imgs\img_92_lat-7.1004_lon-34.8361_h90_p-45.jpg,0,0.69620717
imgs\img_536_lat-23.6187_lon-46.6859_h126.33312364423328_p-45.jpg,0,0.69682264
imgs\img_360_lat-23.5919_lon-46.6524_h321.6195925705189_p-45.jpg,0,0.6975665
imgs\img_69_lat-7.1170_lon-34.8275_h103.04112579565565_p-45.jpg,0,0.69762254
imgs\img_23_lat-23.5849_lon-46.7102_h136.91994816996635_p-45.jpg,0,0.6977447
imgs\img_399_lat-19.9614_lon-43.9953_h340.7204810891342_p-45.jpg,0,0.6978819
imgs\img_7_lat-7.0699_lon-34.8432_h256.419402543596_p-45.jpg,0,0.69833714
imgs\img_416_lat-19.9585_lon-43.9908_h27.93759369193168_p-45.jpg,0,0.69863725
imgs\img_181_lat-23.4023_lon-51.9179_h270_p-45.jpg,0,0.69866395
imgs\img_123_lat-23.5930_lon-46.7132_h257.180638945586_p-45.jpg,0,0.69866973
imgs\img_114_lat-19.9716_lon-43.9734_h334.1159054788102_p-45.jpg,0,0.69921976
imgs\img_32_lat-7.0673_lon-34.8439_h76.40673386913426_p-45.jpg,0,0.69930106
imgs\img_1113_lat-20.3541_lon-40.2901_h190.3224813179575_p-45.jpg,0,0.69936967
imgs\img_405_lat-19.9580_lon-43.9916_h141.480833040786_p-45.jpg,0,0.6998522
imgs\img_416_lat-19.9585_lon-43.9908_h207.93759369193168_p-45.jpg,0,0.7001585
imgs\img_399_lat-19.9614_lon-43.9953_h160.72048108913418_p-45.jpg,0,0.70103467
imgs\img_1030_lat-20.3562_lon-40.2905_h237.41815273973884_p-45.jpg,0,0.70119774
imgs\img_452_lat-23.5794_lon-46.6768_h236.09001237839308_p-45.jpg,0,0.70142645
imgs\img_90_lat-7.1126_lon-34.8261_h70.09442114348218_p-45.jpg,0,0.70200723
imgs\img_87_lat-19.9789_lon-43.9786_h236.58020942954408_p-45.jpg,0,0.70244586
imgs\img_1113_lat-20.3541_lon-40.2901_h10.322481317957497_p-45.jpg,0,0.70255125
imgs\img_38_lat-7.1109_lon-34.8247_h328.8653559676891_p-45.jpg,0,0.7043101
imgs\img_51_lat-7.1109_lon-34.8247_h328.8653690647217_p-45.jpg,0,0.7043101
imgs\img_44_lat-7.1126_lon-34.8261_h70.09431631812015_p-45.jpg,0,0.70447737
imgs\img_65_lat-7.0697_lon-34.8451_h76.77739455025105_p-45.jpg,0,0.70456487
imgs\img_47_lat-7.1110_lon-34.8246_h242.81277567424033_p-45.jpg,0,0.7054329
imgs\img_338_lat-19.9614_lon-43.9953_h160.72040635960025_p-45.jpg,0,0.70632225
imgs\img_870_lat-23.5514_lon-46.6104_h327.19773639793334_p-45.jpg,0,0.70645124
imgs\img_878_lat-23.5767_lon-46.5890_h84.72363406897603_p-45.jpg,0,0.7075368
imgs\img_71_lat-19.9699_lon-43.9656_h162.30888356276637_p-45.jpg,0,0.70898616
imgs\img_21_lat-7.0645_lon-34.8425_h346.1996430072289_p-45.jpg,0,0.7092049
imgs\img_2_lat-23.5913_lon-46.7082_h76.62279055169776_p-45.jpg,0,0.7094603
imgs\img_24_lat-7.0730_lon-34.8443_h255.03528510607788_p-45.jpg,0,0.71158975
imgs\img_361_lat-19.9607_lon-43.9955_h161.80560499723367_p-45.jpg,0,0.71216357
imgs\img_63_lat-19.9789_lon-43.9786_h236.57967645009944_p-45.jpg,0,0.7126222
imgs\img_134_lat-7.0704_lon-34.8368_h255.58913034424836_p-45.jpg,0,0.71288073
imgs\img_259_lat-19.9387_lon-43.9281_h104.32475363373499_p-45.jpg,0,0.7128932
imgs\img_95_lat-7.0643_lon-34.8449_h347.1868281781891_p-45.jpg,0,0.71294457
imgs\img_133_lat-7.0707_lon-34.8463_h75.45978243812063_p-45.jpg,0,0.7133847
imgs\img_278_lat-19.9340_lon-43.9365_h285.39938625092105_p-45.jpg,0,0.71347433
imgs\img_772_lat-23.5665_lon-46.5990_h45.63430009482183_p-45.jpg,0,0.7141986
imgs\img_434_lat-19.9607_lon-43.9955_h161.80551859496575_p-45.jpg,0,0.714335
imgs\img_470_lat-23.6078_lon-46.6847_h130.91272983543345_p-45.jpg,0,0.71576804
imgs\img_338_lat-19.9614_lon-43.9953_h340.7204063596002_p-45.jpg,0,0.7160241
imgs\img_628_lat-23.5716_lon-46.5859_h91.16019385260427_p-45.jpg,0,0.71657914
imgs\img_190_lat-23.5867_lon-46.7052_h215.9222951122959_p-45.jpg,0,0.7169388
imgs\img_22_lat-7.1274_lon-34.8263_h314.2113591034972_p-45.jpg,0,0.7169674
imgs\img_32_lat-7.0673_lon-34.8439_h256.40673386913426_p-45.jpg,0,0.7171382
imgs\img_429_lat-19.9624_lon-43.9957_h251.40562210650083_p-45.jpg,0,0.71735805
imgs\img_291_lat-23.6069_lon-46.6742_h110.64219062198521_p-45.jpg,0,0.71753365
imgs\img_392_lat-19.9521_lon-43.9847_h99.05743451227482_p-45.jpg,0,0.71830034
imgs\img_95_lat-7.0643_lon-34.8449_h167.1868281781891_p-45.jpg,0,0.7185872
imgs\img_162_lat-23.5857_lon-46.7000_h307.68317055097543_p-45.jpg,0,0.71942407
imgs\img_70_lat-7.0659_lon-34.8484_h349.4782731466039_p-45.jpg,0,0.7199093
imgs\img_6_lat-7.1203_lon-34.8285_h3.749143939081705_p-45.jpg,0,0.7200224
imgs\img_299_lat-19.9329_lon-43.9383_h106.27803208036323_p-45.jpg,0,0.72059256
imgs\img_326_lat-19.9625_lon-43.9961_h71.05041331533675_p-45.jpg,0,0.7208577
imgs\img_38_lat-7.0736_lon-34.8441_h75.78617485395841_p-45.jpg,0,0.7218005
imgs\img_114_lat-7.0684_lon-34.8415_h345.850409579696_p-45.jpg,0,0.7220643
imgs\img_102_lat-7.1129_lon-34.8260_h251.6340778322036_p-45.jpg,0,0.72264963
imgs\img_750_lat-23.5471_lon-46.5975_h340.00191766386934_p-45.jpg,0,0.7227813
imgs\img_805_lat-23.5471_lon-46.5975_h340.00191766386934_p-45.jpg,0,0.7227813
imgs\img_54_lat-7.0719_lon-34.8428_h254.9348062008347_p-45.jpg,0,0.7228324
imgs\img_91_lat-7.0658_lon-34.8422_h165.61128870258153_p-45.jpg,0,0.7230308
imgs\img_140_lat-19.9683_lon-43.9723_h8.909760499737502_p-45.jpg,0,0.7234774
imgs\img_47_lat-7.1110_lon-34.8246_h62.812775674240335_p-45.jpg,0,0.7247281
imgs\img_190_lat-23.5867_lon-46.7052_h35.9222951122959_p-45.jpg,0,0.7253159
imgs\img_194_lat-23.5834_lon-46.7095_h254.17567993598766_p-45.jpg,0,0.72535914
imgs\img_17_lat-7.0592_lon-34.8463_h344.1143105332785_p-45.jpg,0,0.7253701
imgs\img_116_lat-23.5870_lon-46.7061_h265.7010323541434_p-45.jpg,0,0.7256493
imgs\img_360_lat-23.5919_lon-46.6524_h141.61959257051888_p-45.jpg,0,0.7256671
imgs\img_29_lat-7.0664_lon-34.8429_h75.46491602195522_p-45.jpg,0,0.72595584
imgs\img_23_lat-19.9702_lon-43.9683_h70.19339031025216_p-45.jpg,0,0.72682613
imgs\img_12_lat-7.0716_lon-34.8431_h164.99993499931068_p-45.jpg,0,0.72788495
imgs\img_957_lat-23.5557_lon-46.5860_h222.75353322956306_p-45.jpg,0,0.72809434
imgs\img_107_lat-23.5903_lon-46.7006_h233.3691381368789_p-45.jpg,0,0.72835314
imgs\img_14_lat-23.5862_lon-46.7112_h317.52709050342725_p-45.jpg,0,0.72891575
imgs\img_43_lat-7.1274_lon-34.8263_h314.21150188850197_p-45.jpg,0,0.72900593
imgs\img_118_lat-19.9732_lon-43.9695_h80.97942024440101_p-45.jpg,0,0.7292834
imgs\img_405_lat-19.9580_lon-43.9916_h321.480833040786_p-45.jpg,0,0.7298429
imgs\img_355_lat-19.9624_lon-43.9957_h251.4057663491854_p-45.jpg,0,0.73064643
imgs\img_427_lat-19.9632_lon-43.9961_h342.47954177321583_p-45.jpg,0,0.73088545
imgs\img_54_lat-7.1264_lon-34.8243_h261.1457716460682_p-45.jpg,0,0.73158616
imgs\img_197_lat-23.5909_lon-46.7201_h153.35097055164374_p-45.jpg,0,0.7316214
imgs\img_91_lat-7.1119_lon-34.8243_h153.2611408667708_p-45.jpg,0,0.7318545
imgs\img_2_lat-7.1267_lon-34.8264_h82.82002539387963_p-45.jpg,0,0.7321362
imgs\img_278_lat-19.9340_lon-43.9365_h105.39938625092105_p-45.jpg,0,0.73251814
imgs\img_123_lat-7.0682_lon-34.8464_h347.0665577644843_p-45.jpg,0,0.7333995
imgs\img_1128_lat-20.3552_lon-40.2893_h280.08309183745365_p-45.jpg,0,0.7336555
imgs\img_320_lat-19.9632_lon-43.9932_h161.70799325653684_p-45.jpg,0,0.7340309
imgs\img_68_lat-7.0682_lon-34.8464_h347.06653877768434_p-45.jpg,0,0.734333
imgs\img_284_lat-23.6059_lon-46.6711_h295.86603179967017_p-45.jpg,0,0.7346482
imgs\img_330_lat-23.6135_lon-46.6639_h40.8806524516483_p-45.jpg,0,0.73493564
imgs\img_320_lat-23.6070_lon-46.6578_h40.83344151938121_p-45.jpg,0,0.7359389
imgs\img_1181_lat-20.3553_lon-40.2886_h280.08015117749807_p-45.jpg,0,0.7362258
imgs\img_0_lat-23.5873_lon-46.7170_h333.92412663759296_p-45.jpg,0,0.73666006
imgs\img_63_lat-7.0696_lon-34.8365_h255.37036264812403_p-45.jpg,0,0.7373361
imgs\img_198_lat-23.5939_lon-46.7098_h330.08231623050364_p-45.jpg,0,0.7375978
imgs\img_114_lat-7.0684_lon-34.8415_h165.85040957969602_p-45.jpg,0,0.73815244
imgs\img_291_lat-23.6069_lon-46.6742_h290.6421906219852_p-45.jpg,0,0.73819387
imgs\img_33_lat-7.1119_lon-34.8243_h153.26118452156675_p-45.jpg,0,0.73852813
imgs\img_144_lat-19.9683_lon-43.9723_h8.909839557200785_p-45.jpg,0,0.73858976
imgs\img_18_lat-23.6045_lon-46.7166_h273.718897139341_p-45.jpg,0,0.7391724
imgs\img_58_lat-7.0606_lon-34.8456_h255.09188317088456_p-45.jpg,0,0.73931825
imgs\img_394_lat-23.6136_lon-46.6625_h41.07275938038407_p-45.jpg,0,0.73954993
imgs\img_851_lat-23.5576_lon-46.5857_h206.90251884033407_p-45.jpg,0,0.7398001
imgs\img_557_lat-23.6184_lon-46.6892_h36.29506331173479_p-45.jpg,0,0.7398271
imgs\img_317_lat-19.9570_lon-43.9869_h138.34244555039922_p-45.jpg,0,0.74003536
imgs\img_750_lat-23.5471_lon-46.5975_h160.00191766386934_p-45.jpg,0,0.7401495
imgs\img_805_lat-23.5471_lon-46.5975_h160.00191766386934_p-45.jpg,0,0.7401495
imgs\img_904_lat-23.5466_lon-46.5964_h159.89540808305202_p-45.jpg,0,0.741136
imgs\img_503_lat-23.5850_lon-46.6869_h240.08990400416968_p-45.jpg,0,0.74312526
imgs\img_791_lat-23.5576_lon-46.5862_h112.87495625519588_p-45.jpg,0,0.7431548
imgs\img_515_lat-23.6026_lon-46.6862_h130.8153347695125_p-45.jpg,0,0.74319834
imgs\img_35_lat-7.1202_lon-34.8257_h186.69933050585112_p-45.jpg,0,0.7432776
imgs\img_68_lat-7.0682_lon-34.8464_h167.0665387776844_p-45.jpg,0,0.7433748
imgs\img_107_lat-7.0613_lon-34.8457_h345.90174636404754_p-45.jpg,0,0.7440453
imgs\img_33_lat-7.1119_lon-34.8243_h333.26118452156675_p-45.jpg,0,0.74411356
imgs\img_92_lat-7.1119_lon-34.8265_h62.81321102435515_p-45.jpg,0,0.7441568
imgs\img_159_lat-19.9387_lon-43.9281_h104.3252053749418_p-45.jpg,0,0.7441943
imgs\img_0_lat-7.1254_lon-34.8277_h328.2505429267476_p-45.jpg,0,0.74428344
imgs\img_302_lat-19.9615_lon-43.9913_h295.4851161318721_p-45.jpg,0,0.7446319
imgs\img_69_lat-7.0696_lon-34.8365_h255.3702562252928_p-45.jpg,0,0.744685
imgs\img_1194_lat-20.3527_lon-40.2878_h188.44555743465529_p-45.jpg,0,0.7455479
imgs\img_337_lat-19.9619_lon-43.9961_h259.6772492356389_p-45.jpg,0,0.745718
imgs\img_1093_lat-20.3430_lon-40.2916_h276.4982519279457_p-45.jpg,0,0.74599355
imgs\img_91_lat-7.1119_lon-34.8243_h333.26114086677086_p-45.jpg,0,0.7463223
imgs\img_62_lat-7.0710_lon-34.8448_h256.0663457644397_p-45.jpg,0,0.74645966
imgs\img_35_lat-7.1202_lon-34.8257_h6.699330505851122_p-45.jpg,0,0.7465059
imgs\img_162_lat-23.5857_lon-46.7000_h127.68317055097543_p-45.jpg,0,0.7469183
imgs\img_31_lat-7.0720_lon-34.8460_h256.3186834667947_p-45.jpg,0,0.7471143
imgs\img_123_lat-7.0682_lon-34.8464_h167.06655776448432_p-45.jpg,0,0.74747294
imgs\img_541_lat-23.6178_lon-46.6865_h215.14519741905897_p-45.jpg,0,0.7477936
imgs\img_62_lat-23.5936_lon-46.7079_h189.7890522798439_p-45.jpg,0,0.74815047
imgs\img_392_lat-19.9521_lon-43.9847_h279.0574345122748_p-45.jpg,0,0.74832374
imgs\img_418_lat-19.9626_lon-43.9924_h143.7566513682799_p-45.jpg,0,0.74878025
imgs\img_619_lat-23.5635_lon-46.6005_h336.893621606709_p-45.jpg,0,0.7491601
imgs\img_299_lat-19.9329_lon-43.9383_h286.27803208036323_p-45.jpg,0,0.749453
imgs\img_332_lat-23.6072_lon-46.6565_h220.8568379808031_p-45.jpg,0,0.74947363
imgs\img_6_lat-7.0749_lon-34.8438_h75.6815784823333_p-45.jpg,0,0.7497506
imgs\img_1051_lat-20.3543_lon-40.2948_h126.02987272840612_p-45.jpg,0,0.74980676
imgs\img_342_lat-23.6018_lon-46.6704_h40.021728029537314_p-45.jpg,0,0.75055176
imgs\img_1120_lat-20.3553_lon-40.2886_h280.0799142980533_p-45.jpg,0,0.75121665
imgs\img_75_lat-7.0604_lon-34.8476_h76.89655483849013_p-45.jpg,0,0.75190765
imgs\img_150_lat-23.0014_lon-43.4033_h270_p-45.jpg,0,0.75213426
imgs\img_1169_lat-20.3494_lon-40.2873_h189.39517094864283_p-45.jpg,0,0.7522213
imgs\img_467_lat-23.6178_lon-46.6865_h215.1454184083355_p-45.jpg,0,0.7527499
imgs\img_61_lat-23.6142_lon-46.7129_h45.37296938683506_p-45.jpg,0,0.75286514
imgs\img_85_lat-23.5998_lon-46.7077_h26.16457319851031_p-45.jpg,0,0.7530216
imgs\img_594_lat-23.6207_lon-46.6906_h123.90153494143783_p-45.jpg,0,0.7531528
imgs\img_7_lat-7.0699_lon-34.8432_h76.419402543596_p-45.jpg,0,0.7537054
imgs\img_1186_lat-20.3539_lon-40.2929_h190.1717497540282_p-45.jpg,0,0.75464857
imgs\img_828_lat-23.5714_lon-46.5856_h114.51389121069056_p-45.jpg,0,0.7547921
imgs\img_105_lat-7.0643_lon-34.8474_h347.6580688006244_p-45.jpg,0,0.7549569
imgs\img_29_lat-7.0664_lon-34.8429_h255.46491602195525_p-45.jpg,0,0.7553377
imgs\img_9_lat-19.9697_lon-43.9725_h191.9163919250523_p-45.jpg,0,0.75567335
imgs\img_51_lat-7.0597_lon-34.8445_h74.99579040569687_p-45.jpg,0,0.7561847
imgs\img_50_lat-7.1164_lon-34.8273_h103.09104448868891_p-45.jpg,0,0.7564546
imgs\img_1135_lat-20.3454_lon-40.2910_h189.78281419336395_p-45.jpg,0,0.7565899
imgs\img_54_lat-7.0719_lon-34.8428_h74.93480620083471_p-45.jpg,0,0.7566697
imgs\img_40_lat-7.0710_lon-34.8448_h256.0661328274674_p-45.jpg,0,0.75670207
imgs\img_1170_lat-20.3504_lon-40.2924_h74.74933255355994_p-45.jpg,0,0.7570472
imgs\img_8_lat-7.0613_lon-34.8457_h345.90178690703374_p-45.jpg,0,0.7572632
imgs\img_16_lat-7.0738_lon-34.8464_h165.87110990233464_p-45.jpg,0,0.75754106
imgs\img_87_lat-7.0718_lon-34.8397_h255.77108479056616_p-45.jpg,0,0.7591714
imgs\img_31_lat-7.0720_lon-34.8460_h76.31868346679468_p-45.jpg,0,0.7594292
imgs\img_373_lat-19.9556_lon-43.9900_h253.9391921001249_p-45.jpg,0,0.75968903
imgs\img_113_lat-7.0604_lon-34.8476_h76.89630129918169_p-45.jpg,0,0.75975907
imgs\img_436_lat-23.5941_lon-46.6860_h163.6605820966272_p-45.jpg,0,0.75977784
imgs\img_73_lat-7.1454_lon-34.8110_h24.54396546237649_p-45.jpg,0,0.75979143
imgs\img_12_lat-7.0716_lon-34.8431_h344.99993499931065_p-45.jpg,0,0.7598139
imgs\img_70_lat-7.1454_lon-34.8110_h24.543936243620124_p-45.jpg,0,0.76012635
imgs\img_575_lat-23.6019_lon-46.6875_h40.87086295264992_p-45.jpg,0,0.76023036
imgs\img_384_lat-19.9573_lon-43.9940_h283.04222471532023_p-45.jpg,0,0.7602391
imgs\img_1176_lat-20.3420_lon-40.2905_h229.93533643770598_p-45.jpg,0,0.76031834
imgs\img_4_lat-7.1266_lon-34.8255_h260.27299702012726_p-45.jpg,0,0.76038224
imgs\img_97_lat-23.5881_lon-46.6965_h329.3908665372174_p-45.jpg,0,0.76088315
imgs\img_568_lat-23.6045_lon-46.6797_h333.60652179999863_p-45.jpg,0,0.7610231
imgs\img_611_lat-23.5596_lon-46.6027_h354.51984607189524_p-45.jpg,0,0.76140046
imgs\img_954_lat-23.5713_lon-46.5859_h65.05869545151666_p-45.jpg,0,0.76191425
imgs\img_187_lat-23.6130_lon-46.7072_h34.823273008524_p-45.jpg,0,0.76219004
imgs\img_888_lat-23.5660_lon-46.5953_h180.47156008606737_p-45.jpg,0,0.7623036
imgs\img_841_lat-23.5459_lon-46.5960_h249.46584575642223_p-45.jpg,0,0.7626679
imgs\img_1055_lat-20.3482_lon-40.2918_h190.29439186158515_p-45.jpg,0,0.7638957
imgs\img_57_lat-19.9775_lon-43.9723_h200.2115387799314_p-45.jpg,0,0.76479
imgs\img_342_lat-19.9614_lon-43.9925_h313.5507241732014_p-45.jpg,0,0.7649203
imgs\img_1047_lat-20.3454_lon-40.2910_h189.78287858392883_p-45.jpg,0,0.7656206
imgs\img_106_lat-7.0661_lon-34.8477_h75.30062920290281_p-45.jpg,0,0.7662586
imgs\img_105_lat-7.0643_lon-34.8474_h167.6580688006244_p-45.jpg,0,0.76638
imgs\img_112_lat-7.1117_lon-34.8238_h323.0043891161579_p-45.jpg,0,0.7667155
imgs\img_583_lat-23.5990_lon-46.6908_h169.78672984488207_p-45.jpg,0,0.7667613
imgs\img_1162_lat-20.3482_lon-40.2918_h190.29427478247885_p-45.jpg,0,0.7669295
imgs\img_89_lat-7.0730_lon-34.8403_h345.1097705557015_p-45.jpg,0,0.76741934
imgs\img_57_lat-23.5933_lon-46.7073_h331.0640586273788_p-45.jpg,0,0.76745075
imgs\img_326_lat-19.9625_lon-43.9961_h251.05041331533675_p-45.jpg,0,0.76769745
imgs\img_92_lat-7.0620_lon-34.8485_h76.29111873499039_p-45.jpg,0,0.7677246
imgs\img_426_lat-19.9638_lon-43.9931_h198.6162643526968_p-45.jpg,0,0.76781964
imgs\img_970_lat-23.5622_lon-46.5881_h25.889008463062623_p-45.jpg,0,0.76785254
imgs\img_721_lat-23.5487_lon-46.5935_h48.77919095465063_p-45.jpg,0,0.76861715
imgs\img_581_lat-23.6056_lon-46.6881_h311.16340364869166_p-45.jpg,0,0.7692268
imgs\img_1025_lat-20.3420_lon-40.2905_h229.93514899833755_p-45.jpg,0,0.7697765
imgs\img_52_lat-23.5996_lon-46.7159_h48.68076184693528_p-45.jpg,0,0.7701952
imgs\img_13_lat-7.1278_lon-34.8253_h257.71339861674016_p-45.jpg,0,0.77027756
imgs\img_79_lat-19.9798_lon-43.9749_h78.41866241210403_p-45.jpg,0,0.77042305
imgs\img_342_lat-19.9614_lon-43.9925_h133.5507241732014_p-45.jpg,0,0.7704971
imgs\img_409_lat-19.9685_lon-43.9934_h129.96268741061414_p-45.jpg,0,0.7705158
imgs\img_109_lat-7.0707_lon-34.8434_h346.3129124683643_p-45.jpg,0,0.7707844
imgs\img_21_lat-7.0645_lon-34.8425_h166.19964300722887_p-45.jpg,0,0.7710594
imgs\img_171_lat-23.5920_lon-46.7208_h155.60159921956395_p-45.jpg,0,0.7710987
imgs\img_135_lat-7.0637_lon-34.8451_h166.80201877836691_p-45.jpg,0,0.77110714
imgs\img_11_lat-23.5875_lon-46.6980_h33.51732942715826_p-45.jpg,0,0.77151716
imgs\img_59_lat-7.0640_lon-34.8422_h74.42556436029749_p-45.jpg,0,0.7716995
imgs\img_247_lat-19.9357_lon-43.9403_h105.58427019330856_p-45.jpg,0,0.7717202
imgs\img_363_lat-23.6156_lon-46.6659_h40.460606154715265_p-45.jpg,0,0.7717517
imgs\img_59_lat-7.1209_lon-34.8272_h269.0243156330085_p-45.jpg,0,0.7720408
imgs\img_142_lat-7.0712_lon-34.8399_h76.48914562346663_p-45.jpg,0,0.7723982
imgs\img_364_lat-19.9590_lon-43.9911_h35.76433210245912_p-45.jpg,0,0.77277607
imgs\img_94_lat-7.1122_lon-34.8254_h236.2542024520666_p-45.jpg,0,0.7731679
imgs\img_265_lat-23.4024_lon-51.9101_h270_p-45.jpg,0,0.77432215
imgs\img_54_lat-7.1264_lon-34.8243_h81.14577164606821_p-45.jpg,0,0.775209
imgs\img_103_lat-7.0707_lon-34.8434_h346.31287305391373_p-45.jpg,0,0.77545995
imgs\img_104_lat-7.0716_lon-34.8416_h255.11300831188373_p-45.jpg,0,0.7760795
imgs\img_39_lat-7.0637_lon-34.8451_h166.80199915199205_p-45.jpg,0,0.7761488
imgs\img_0_lat-7.1254_lon-34.8277_h148.25054292674758_p-45.jpg,0,0.7761977
imgs\img_1188_lat-20.3474_lon-40.2880_h99.47365693470412_p-45.jpg,0,0.7763392
imgs\img_264_lat-23.4500_lon-51.9457_h270_p-45.jpg,0,0.7764959
imgs\img_32_lat-7.1129_lon-34.8274_h166.95835852183416_p-45.jpg,0,0.776739
imgs\img_897_lat-23.5740_lon-46.5856_h235.74065813172132_p-45.jpg,0,0.7769894
imgs\img_128_lat-19.9770_lon-43.9777_h177.02762515924996_p-45.jpg,0,0.7772504
imgs\img_436_lat-19.9687_lon-43.9931_h129.36716384556564_p-45.jpg,0,0.77734655
imgs\img_1069_lat-20.3500_lon-40.2900_h189.9430668485476_p-45.jpg,0,0.77747685
imgs\img_133_lat-19.9765_lon-43.9772_h115.90345369623812_p-45.jpg,0,0.77762455
imgs\img_521_lat-23.5930_lon-46.6763_h163.877567983297_p-45.jpg,0,0.7780805
imgs\img_728_lat-23.5587_lon-46.6012_h85.41585727332314_p-45.jpg,0,0.77871865
imgs\img_802_lat-23.5587_lon-46.6012_h85.41585727332314_p-45.jpg,0,0.7787752
imgs\img_113_lat-7.0604_lon-34.8476_h256.8963012991817_p-45.jpg,0,0.7791818
imgs\img_1054_lat-20.3474_lon-40.2880_h99.47341913535183_p-45.jpg,0,0.77948636
imgs\img_181_lat-23.4023_lon-51.9179_h90_p-45.jpg,0,0.77948743
imgs\img_120_lat-7.1129_lon-34.8274_h166.95838342299174_p-45.jpg,0,0.78039837
imgs\img_568_lat-23.6045_lon-46.6797_h153.60652179999863_p-45.jpg,0,0.78058475
imgs\img_61_lat-7.0603_lon-34.8444_h75.39536398498308_p-45.jpg,0,0.78070164
imgs\img_96_lat-7.1122_lon-34.8254_h236.2541095928252_p-45.jpg,0,0.7809731
imgs\img_337_lat-19.9619_lon-43.9961_h79.6772492356389_p-45.jpg,0,0.7811182
imgs\img_419_lat-23.5820_lon-46.6790_h73.49894345160936_p-45.jpg,0,0.7816542
imgs\img_199_lat-23.4305_lon-51.9876_h270_p-45.jpg,0,0.78171504
imgs\img_169_lat-23.6045_lon-46.7205_h263.92679961220387_p-45.jpg,0,0.78180724
imgs\img_32_lat-7.1129_lon-34.8274_h346.95835852183416_p-45.jpg,0,0.7819039
imgs\img_212_lat-19.9340_lon-43.9310_h104.51865474404336_p-45.jpg,0,0.78198713
imgs\img_89_lat-7.0730_lon-34.8403_h165.10977055570154_p-45.jpg,0,0.78216356
imgs\img_152_lat-23.5855_lon-46.7024_h262.30864248712766_p-45.jpg,0,0.78221184
imgs\img_57_lat-7.0661_lon-34.8477_h255.30045465796437_p-45.jpg,0,0.78274703
imgs\img_489_lat-23.5951_lon-46.6834_h92.62231738803058_p-45.jpg,0,0.78282005
imgs\img_332_lat-23.6072_lon-46.6565_h40.85683798080312_p-45.jpg,0,0.7836656
imgs\img_118_lat-7.0712_lon-34.8429_h76.05189967915926_p-45.jpg,0,0.7840544
imgs\img_566_lat-23.6069_lon-46.6792_h310.88402216388306_p-45.jpg,0,0.7841796
imgs\img_1083_lat-20.3491_lon-40.2883_h9.465739654475328_p-45.jpg,0,0.78445655
imgs\img_323_lat-19.9612_lon-43.9930_h93.06778656219164_p-45.jpg,0,0.78467077
imgs\img_1147_lat-20.3520_lon-40.2940_h258.4381910332318_p-45.jpg,0,0.78474027
imgs\img_120_lat-7.1129_lon-34.8274_h346.95838342299174_p-45.jpg,0,0.78495634
imgs\img_140_lat-23.5798_lon-46.7029_h325.9240418791027_p-45.jpg,0,0.78502446
imgs\img_672_lat-23.5622_lon-46.5893_h296.3644712172678_p-45.jpg,0,0.78521603
imgs\img_10_lat-7.1161_lon-34.8254_h282.7137753713021_p-45.jpg,0,0.78542215
imgs\img_115_lat-7.1172_lon-34.8266_h283.34159071917986_p-45.jpg,0,0.7856541
imgs\img_106_lat-7.0661_lon-34.8477_h255.30062920290283_p-45.jpg,0,0.7858764
imgs\img_46_lat-7.1291_lon-34.8248_h73.00891644249947_p-45.jpg,0,0.78588974
imgs\img_197_lat-23.5909_lon-46.7201_h333.3509705516437_p-45.jpg,0,0.78673613
imgs\img_321_lat-19.9562_lon-43.9870_h101.95444957746486_p-45.jpg,0,0.7873823
imgs\img_96_lat-7.0703_lon-34.8420_h253.35324279516897_p-45.jpg,0,0.78739095
imgs\img_118_lat-7.0712_lon-34.8429_h256.05189967915925_p-45.jpg,0,0.78762513
imgs\img_224_lat-19.9338_lon-43.9375_h283.99254646124564_p-45.jpg,0,0.788062
imgs\img_96_lat-7.0703_lon-34.8420_h73.35324279516897_p-45.jpg,0,0.78860426
imgs\img_1042_lat-20.3520_lon-40.2940_h258.43775966861347_p-45.jpg,0,0.7893476
imgs\img_151_lat-23.5894_lon-46.7137_h331.1696591713682_p-45.jpg,0,0.7897302
imgs\img_68_lat-23.5856_lon-46.7192_h334.83000769130285_p-45.jpg,0,0.7897475
imgs\img_448_lat-19.9619_lon-43.9909_h202.25252493020352_p-45.jpg,0,0.79023015
imgs\img_103_lat-19.9749_lon-43.9641_h49.6637666542652_p-45.jpg,0,0.79043835
imgs\img_838_lat-23.5670_lon-46.5882_h207.58726958603262_p-45.jpg,0,0.7908694
imgs\img_9_lat-7.0691_lon-34.8413_h165.92241727902797_p-45.jpg,0,0.79207456
imgs\img_616_lat-23.5678_lon-46.5864_h312.93392272182024_p-45.jpg,0,0.79257524
imgs\img_44_lat-7.0705_lon-34.8401_h78.00040212781596_p-45.jpg,0,0.79274726
imgs\img_448_lat-19.9619_lon-43.9909_h22.252524930203524_p-45.jpg,0,0.7932549
imgs\img_61_lat-7.0603_lon-34.8444_h255.39536398498305_p-45.jpg,0,0.7943248
imgs\img_584_lat-23.5956_lon-46.6813_h206.1550668305963_p-45.jpg,0,0.7945703
imgs\img_93_lat-7.1123_lon-34.8272_h242.81216299196478_p-45.jpg,0,0.79457486
imgs\img_26_lat-7.0716_lon-34.8360_h253.45350079319485_p-45.jpg,0,0.7956735
imgs\img_119_lat-7.1127_lon-34.8279_h242.81481893470965_p-45.jpg,0,0.795951
imgs\img_587_lat-23.6098_lon-46.6856_h310.68977691327086_p-45.jpg,0,0.7961619
imgs\img_35_lat-23.5988_lon-46.7177_h228.67106736821597_p-45.jpg,0,0.796785
imgs\img_57_lat-7.0661_lon-34.8477_h75.30045465796434_p-45.jpg,0,0.796837
imgs\img_473_lat-23.6028_lon-46.6800_h314.6053262099776_p-45.jpg,0,0.7972071
imgs\img_234_lat-23.5951_lon-46.6609_h249.93151954470528_p-45.jpg,0,0.7977999
imgs\img_1083_lat-20.3491_lon-40.2883_h189.46573965447533_p-45.jpg,0,0.79917383
imgs\img_373_lat-19.9556_lon-43.9900_h73.9391921001249_p-45.jpg,0,0.80035305
imgs\img_75_lat-7.0604_lon-34.8476_h256.89655483849015_p-45.jpg,0,0.80095494
imgs\img_6_lat-7.0749_lon-34.8438_h255.6815784823333_p-45.jpg,0,0.8011253
imgs\img_51_lat-19.9704_lon-43.9735_h83.44635263363017_p-45.jpg,0,0.8016431
imgs\img_101_lat-7.0705_lon-34.8401_h78.00018172211645_p-45.jpg,0,0.80171144
imgs\img_1189_lat-20.3492_lon-40.2880_h8.341910298545486_p-45.jpg,0,0.8038372
imgs\img_617_lat-23.5698_lon-46.5934_h289.6154474586518_p-45.jpg,0,0.80430293
imgs\img_521_lat-23.5930_lon-46.6763_h343.877567983297_p-45.jpg,0,0.80430984
imgs\img_116_lat-7.0677_lon-34.8456_h255.84345488351207_p-45.jpg,0,0.804327
imgs\img_800_lat-23.5514_lon-46.5924_h42.08471441100431_p-45.jpg,0,0.804541
imgs\img_247_lat-19.9357_lon-43.9403_h285.58427019330856_p-45.jpg,0,0.8057798
imgs\img_515_lat-23.6026_lon-46.6862_h310.8153347695125_p-45.jpg,0,0.805984
imgs\img_283_lat-19.9322_lon-43.9375_h11.414043290391716_p-45.jpg,0,0.8062863
imgs\img_1128_lat-20.3552_lon-40.2893_h100.08309183745364_p-45.jpg,0,0.8068437
imgs\img_721_lat-23.5487_lon-46.5935_h228.7791909546506_p-45.jpg,0,0.8071373
imgs\img_289_lat-23.5947_lon-46.6542_h129.40690503611938_p-45.jpg,0,0.8072452
imgs\img_980_lat-23.5698_lon-46.5934_h289.61486905336994_p-45.jpg,0,0.8078868
imgs\img_477_lat-23.5950_lon-46.6790_h343.6729068148922_p-45.jpg,0,0.8079001
imgs\img_854_lat-23.5537_lon-46.5876_h42.74500510981443_p-45.jpg,0,0.8083136
imgs\img_619_lat-23.5635_lon-46.6005_h156.89362160670902_p-45.jpg,0,0.8086025
imgs\img_410_lat-23.6067_lon-46.6905_h220.61508490104106_p-45.jpg,0,0.8097139
imgs\img_171_lat-23.5920_lon-46.7208_h335.6015992195639_p-45.jpg,0,0.8102199
imgs\img_864_lat-23.5584_lon-46.6011_h320.9555885039123_p-45.jpg,0,0.81146264
imgs\img_224_lat-19.9338_lon-43.9375_h103.99254646124564_p-45.jpg,0,0.8115984
imgs\img_364_lat-19.9590_lon-43.9911_h215.76433210245912_p-45.jpg,0,0.8119891
imgs\img_23_lat-19.9702_lon-43.9683_h250.19339031025214_p-45.jpg,0,0.8121057
imgs\img_212_lat-19.9340_lon-43.9310_h284.5186547440434_p-45.jpg,0,0.81234455
imgs\img_56_lat-19.9695_lon-43.9721_h30.42963989026264_p-45.jpg,0,0.812616
imgs\img_22_lat-7.0682_lon-34.8392_h256.79860716755127_p-45.jpg,0,0.8126863
imgs\img_11_lat-7.0677_lon-34.8456_h75.84324170143469_p-45.jpg,0,0.8131509
imgs\img_1189_lat-20.3492_lon-40.2880_h188.34191029854549_p-45.jpg,0,0.8134314
imgs\img_548_lat-23.6079_lon-46.6880_h131.24075087098618_p-45.jpg,0,0.8134639
imgs\img_391_lat-19.9619_lon-43.9951_h345.60845509243035_p-45.jpg,0,0.81351745
imgs\img_113_lat-23.5913_lon-46.7186_h333.55329901195114_p-45.jpg,0,0.8146792
imgs\img_38_lat-7.1109_lon-34.8247_h148.86535596768908_p-45.jpg,0,0.8147736
imgs\img_51_lat-7.1109_lon-34.8247_h148.86536906472165_p-45.jpg,0,0.8149475
imgs\img_4_lat-7.1266_lon-34.8255_h80.27299702012725_p-45.jpg,0,0.81572986
imgs\img_36_lat-7.1202_lon-34.8290_h90.15185250018169_p-45.jpg,0,0.8161519
imgs\img_11_lat-7.0677_lon-34.8456_h255.8432417014347_p-45.jpg,0,0.8175127
imgs\img_29_lat-19.9700_lon-43.9730_h318.5269996656151_p-45.jpg,0,0.8179703
imgs\img_138_lat-7.0636_lon-34.8475_h164.22019748486161_p-45.jpg,0,0.8181142
imgs\img_86_lat-19.9700_lon-43.9730_h318.52677265241306_p-45.jpg,0,0.8186962
imgs\img_403_lat-19.9610_lon-43.9950_h252.1177133063229_p-45.jpg,0,0.8187249
imgs\img_44_lat-7.0705_lon-34.8401_h258.00040212781596_p-45.jpg,0,0.8189605
imgs\img_1062_lat-20.3513_lon-40.2921_h55.09818324723479_p-45.jpg,0,0.8189688
imgs\img_104_lat-7.0716_lon-34.8416_h75.11300831188373_p-45.jpg,0,0.819513
imgs\img_273_lat-23.5808_lon-46.6547_h317.2430463694782_p-45.jpg,0,0.81958467
imgs\img_583_lat-23.5990_lon-46.6908_h349.78672984488213_p-45.jpg,0,0.82027954
imgs\img_283_lat-23.6048_lon-46.6557_h220.87589123329096_p-45.jpg,0,0.82033336
imgs\img_250_lat-23.5971_lon-46.6599_h29.94616216633517_p-45.jpg,0,0.82062715
imgs\img_125_lat-7.0636_lon-34.8475_h164.2202213903278_p-45.jpg,0,0.8213774
imgs\img_349_lat-23.5794_lon-46.6616_h150.23141448080898_p-45.jpg,0,0.82161534
imgs\img_16_lat-23.6110_lon-46.7154_h29.50527148302791_p-45.jpg,0,0.82248783
imgs\img_92_lat-7.1119_lon-34.8265_h242.81321102435516_p-45.jpg,0,0.8230068
imgs\img_116_lat-7.0677_lon-34.8456_h75.84345488351207_p-45.jpg,0,0.82361275
imgs\img_541_lat-23.6178_lon-46.6865_h35.145197419058945_p-45.jpg,0,0.82401687
imgs\img_467_lat-23.6178_lon-46.6865_h35.14541840833551_p-45.jpg,0,0.82528174
imgs\img_639_lat-23.5569_lon-46.5880_h77.37416876980463_p-45.jpg,0,0.8252851
imgs\img_470_lat-23.6078_lon-46.6847_h310.9127298354334_p-45.jpg,0,0.82545125
imgs\img_634_lat-23.5592_lon-46.5878_h55.9883652612163_p-45.jpg,0,0.8261056
imgs\img_289_lat-23.5947_lon-46.6542_h309.4069050361194_p-45.jpg,0,0.82678676
imgs\img_130_lat-7.0668_lon-34.8475_h76.22136080986758_p-45.jpg,0,0.8273129
imgs\img_265_lat-19.9374_lon-43.9332_h107.67744802646587_p-45.jpg,0,0.8274887
imgs\img_133_lat-7.0707_lon-34.8463_h255.4597824381206_p-45.jpg,0,0.8279011
imgs\img_396_lat-19.9676_lon-43.9940_h277.2938203410884_p-45.jpg,0,0.8282239
imgs\img_663_lat-23.5588_lon-46.5874_h175.25577537379775_p-45.jpg,0,0.82868993
imgs\img_228_lat-23.5835_lon-46.6509_h239.2979314067429_p-45.jpg,0,0.8289336
imgs\img_17_lat-7.0592_lon-34.8463_h164.1143105332785_p-45.jpg,0,0.82969385
imgs\img_50_lat-7.1164_lon-34.8273_h283.0910444886889_p-45.jpg,0,0.82970965
imgs\img_496_lat-23.6100_lon-46.6925_h20.486121468879844_p-45.jpg,0,0.82985693
imgs\img_117_lat-19.9716_lon-43.9603_h213.4637464920235_p-45.jpg,0,0.83029413
imgs\img_452_lat-23.5794_lon-46.6768_h56.09001237839309_p-45.jpg,0,0.83064353
imgs\img_449_lat-19.9638_lon-43.9949_h341.04051301226355_p-45.jpg,0,0.830809
imgs\img_357_lat-23.6016_lon-46.6534_h130.47539508442398_p-45.jpg,0,0.8332116
imgs\img_803_lat-23.5697_lon-46.5949_h126.06885627038318_p-45.jpg,0,0.8340014
imgs\img_50_lat-7.0627_lon-34.8484_h255.8583961724999_p-45.jpg,0,0.8341527
imgs\img_134_lat-7.0704_lon-34.8368_h75.58913034424836_p-45.jpg,0,0.834323
imgs\img_62_lat-7.0710_lon-34.8448_h76.0663457644397_p-45.jpg,0,0.8357149
imgs\img_518_lat-23.6201_lon-46.6848_h214.70640579931865_p-45.jpg,0,0.8364544
imgs\img_23_lat-23.5849_lon-46.7102_h316.91994816996635_p-45.jpg,0,0.8371233
imgs\img_592_lat-23.6024_lon-46.6911_h309.21419151220385_p-45.jpg,0,0.8371546
imgs\img_123_lat-23.5930_lon-46.7132_h77.18063894558597_p-45.jpg,0,0.8373897
imgs\img_734_lat-23.5456_lon-46.5975_h248.471960447457_p-45.jpg,0,0.8376078
imgs\img_135_lat-7.0637_lon-34.8451_h346.8020187783669_p-45.jpg,0,0.83877724
imgs\img_704_lat-23.5469_lon-46.5956_h249.41873401972936_p-45.jpg,0,0.8391716
imgs\img_927_lat-23.5469_lon-46.5956_h249.41873401972936_p-45.jpg,0,0.8391716
imgs\img_39_lat-7.0637_lon-34.8451_h346.801999151992_p-45.jpg,0,0.84000516
imgs\img_222_lat-23.6098_lon-46.6650_h220.82457748950233_p-45.jpg,0,0.8400818
imgs\img_1177_lat-20.3474_lon-40.2873_h277.6482608578346_p-45.jpg,0,0.840702
imgs\img_349_lat-19.9558_lon-43.9911_h264.05532132268917_p-45.jpg,0,0.8412189
imgs\img_149_lat-7.0647_lon-34.8451_h74.7845313790171_p-45.jpg,0,0.84129596
imgs\img_342_lat-23.6018_lon-46.6704_h220.02172802953731_p-45.jpg,0,0.84196496
imgs\img_66_lat-7.0735_lon-34.8450_h344.5006082541669_p-45.jpg,0,0.8420613
imgs\img_359_lat-19.9621_lon-43.9945_h340.84597007628463_p-45.jpg,0,0.84291667
imgs\img_46_lat-7.1291_lon-34.8248_h253.00891644249947_p-45.jpg,0,0.84345394
imgs\img_418_lat-19.9626_lon-43.9924_h323.7566513682799_p-45.jpg,0,0.84495103
imgs\img_1134_lat-20.3474_lon-40.2873_h277.6480302549885_p-45.jpg,0,0.8453377
imgs\img_311_lat-23.5904_lon-46.6500_h236.92185072153737_p-45.jpg,0,0.8456277
imgs\img_377_lat-19.9558_lon-43.9911_h264.05509293303373_p-45.jpg,0,0.8460503
imgs\img_870_lat-23.5514_lon-46.6104_h147.19773639793334_p-45.jpg,0,0.84664917
imgs\img_95_lat-23.5958_lon-46.7139_h31.898461737581442_p-45.jpg,0,0.8485175
imgs\img_37_lat-7.0713_lon-34.8462_h77.19721810750121_p-45.jpg,0,0.84855175
imgs\img_382_lat-23.5888_lon-46.6691_h118.1052963839483_p-45.jpg,0,0.84878236
imgs\img_109_lat-7.0707_lon-34.8434_h166.31291246836432_p-45.jpg,0,0.84929925
imgs\img_101_lat-7.0705_lon-34.8401_h258.00018172211645_p-45.jpg,0,0.8497519
imgs\img_107_lat-23.5903_lon-46.7006_h53.36913813687886_p-45.jpg,0,0.8497706
imgs\img_1094_lat-20.3539_lon-40.2926_h278.92150671354347_p-45.jpg,0,0.8499484
imgs\img_103_lat-7.0707_lon-34.8434_h166.3128730539138_p-45.jpg,0,0.8504771
imgs\img_433_lat-19.9624_lon-43.9911_h202.4511083477237_p-45.jpg,0,0.85055214
imgs\img_841_lat-23.5459_lon-46.5960_h69.46584575642225_p-45.jpg,0,0.851253
imgs\img_862_lat-23.5591_lon-46.6027_h356.3502548441429_p-45.jpg,0,0.85222936
imgs\img_340_lat-23.6097_lon-46.6734_h220.38055540853972_p-45.jpg,0,0.8528203
imgs\img_611_lat-23.5596_lon-46.6027_h174.51984607189522_p-45.jpg,0,0.8534115
imgs\img_1170_lat-20.3504_lon-40.2924_h254.74933255355995_p-45.jpg,0,0.8534831
imgs\img_150_lat-23.0014_lon-43.4033_h90_p-45.jpg,0,0.8554581
imgs\img_301_lat-23.5850_lon-46.6696_h34.44068719935274_p-45.jpg,0,0.8556571
imgs\img_307_lat-23.5965_lon-46.6722_h84.78610133917935_p-45.jpg,0,0.8558441
imgs\img_218_lat-23.5836_lon-46.6499_h327.3039572037927_p-45.jpg,0,0.8561145
imgs\img_116_lat-23.5870_lon-46.7061_h85.70103235414342_p-45.jpg,0,0.8561287
imgs\img_761_lat-23.5474_lon-46.6009_h238.83168959196203_p-45.jpg,0,0.8567124
imgs\img_690_lat-23.5679_lon-46.5901_h119.78438843126708_p-45.jpg,0,0.85676163
imgs\img_558_lat-23.6162_lon-46.6945_h35.65603438259399_p-45.jpg,0,0.8597253
imgs\img_122_lat-7.0677_lon-34.8441_h345.664130918286_p-45.jpg,0,0.85976607
imgs\img_136_lat-7.0677_lon-34.8441_h345.6641525120574_p-45.jpg,0,0.8598863
imgs\img_40_lat-7.1163_lon-34.8246_h103.01993268569441_p-45.jpg,0,0.8599551
imgs\img_597_lat-23.6152_lon-46.6847_h220.6409319322609_p-45.jpg,0,0.86042297
imgs\img_188_lat-23.5852_lon-46.6938_h294.12606189289994_p-45.jpg,0,0.86049765
imgs\img_433_lat-19.9624_lon-43.9911_h22.451108347723675_p-45.jpg,0,0.86084205
imgs\img_137_lat-19.9762_lon-43.9642_h329.4049026315053_p-45.jpg,0,0.8613189
imgs\img_429_lat-19.9624_lon-43.9957_h71.4056221065008_p-45.jpg,0,0.8619311
imgs\img_69_lat-7.1263_lon-34.8272_h325.8853241528262_p-45.jpg,0,0.862027
imgs\img_557_lat-23.6184_lon-46.6892_h216.2950633117348_p-45.jpg,0,0.86208177
imgs\img_133_lat-19.9765_lon-43.9772_h295.9034536962381_p-45.jpg,0,0.8623405
imgs\img_117_lat-23.5764_lon-46.7032_h323.8015882454955_p-45.jpg,0,0.8623612
imgs\img_404_lat-19.9655_lon-43.9926_h179.3489652951542_p-45.jpg,0,0.86261696
imgs\img_89_lat-7.1209_lon-34.8263_h89.86549121604503_p-45.jpg,0,0.86457133
imgs\img_367_lat-19.9568_lon-43.9863_h303.16869884860523_p-45.jpg,0,0.8655597
imgs\img_1111_lat-20.3539_lon-40.2926_h278.92173310761615_p-45.jpg,0,0.86609393
imgs\img_9_lat-19.9697_lon-43.9725_h11.916391925052295_p-45.jpg,0,0.8675343
imgs\img_71_lat-7.1209_lon-34.8263_h89.86537951238915_p-45.jpg,0,0.8681149
imgs\img_403_lat-23.5825_lon-46.6785_h343.6797812868855_p-45.jpg,0,0.8681331
imgs\img_844_lat-23.5729_lon-46.5934_h156.39987221986235_p-45.jpg,0,0.86855656
imgs\img_65_lat-23.5983_lon-46.7040_h253.27198520832707_p-45.jpg,0,0.8688954
imgs\img_199_lat-23.4305_lon-51.9876_h90_p-45.jpg,0,0.86980027
imgs\img_384_lat-19.9573_lon-43.9940_h103.04222471532023_p-45.jpg,0,0.8704923
imgs\img_1105_lat-20.3545_lon-40.2881_h188.94865777292296_p-45.jpg,0,0.87098384
imgs\img_53_lat-19.9844_lon-43.9706_h100.95431261047436_p-45.jpg,0,0.8718131
imgs\img_1186_lat-20.3539_lon-40.2929_h10.171749754028212_p-45.jpg,0,0.87202954
imgs\img_799_lat-23.5648_lon-46.5989_h336.51531532502383_p-45.jpg,0,0.87288684
imgs\img_70_lat-7.1454_lon-34.8110_h204.54393624362012_p-45.jpg,0,0.8742593
imgs\img_103_lat-23.5934_lon-46.7111_h176.74601158523953_p-45.jpg,0,0.87457955
imgs\img_739_lat-23.5736_lon-46.5848_h194.70060340341703_p-45.jpg,0,0.87587744
imgs\img_690_lat-23.5679_lon-46.5901_h299.7843884312671_p-45.jpg,0,0.87601304
imgs\img_513_lat-23.6109_lon-46.6942_h198.37240114355404_p-45.jpg,0,0.8762808
imgs\img_40_lat-7.1163_lon-34.8246_h283.0199326856944_p-45.jpg,0,0.87655246
imgs\img_182_lat-19.9395_lon-43.9353_h92.96537713437772_p-45.jpg,0,0.8770948
imgs\img_973_lat-23.5575_lon-46.6001_h309.52775922638875_p-45.jpg,0,0.87737334
imgs\img_73_lat-7.1454_lon-34.8110_h204.5439654623765_p-45.jpg,0,0.8779842
imgs\img_1105_lat-20.3545_lon-40.2881_h8.948657772922957_p-45.jpg,0,0.8782
imgs\img_728_lat-23.5587_lon-46.6012_h265.4158572733231_p-45.jpg,0,0.87873226
imgs\img_802_lat-23.5587_lon-46.6012_h265.4158572733231_p-45.jpg,0,0.87873226
imgs\img_349_lat-23.5794_lon-46.6616_h330.231414480809_p-45.jpg,0,0.87929285
imgs\img_265_lat-19.9374_lon-43.9332_h287.67744802646587_p-45.jpg,0,0.88044024
imgs\img_355_lat-19.9624_lon-43.9957_h71.40576634918541_p-45.jpg,0,0.88196933
imgs\img_672_lat-23.5622_lon-46.5893_h116.3644712172678_p-45.jpg,0,0.8837527
imgs\img_320_lat-19.9632_lon-43.9932_h341.70799325653684_p-45.jpg,0,0.88378996
imgs\img_782_lat-23.5735_lon-46.5916_h16.23270476092819_p-45.jpg,0,0.8839994
imgs\img_389_lat-23.6139_lon-46.6591_h311.1243554650669_p-45.jpg,0,0.8841317
imgs\img_851_lat-23.5576_lon-46.5857_h26.902518840334096_p-45.jpg,0,0.8845687
imgs\img_513_lat-23.6109_lon-46.6942_h18.372401143554058_p-45.jpg,0,0.88525915
imgs\img_1194_lat-20.3527_lon-40.2878_h8.445557434655257_p-45.jpg,0,0.8862886
imgs\img_584_lat-23.5956_lon-46.6813_h26.155066830596283_p-45.jpg,0,0.886489
imgs\img_704_lat-23.5469_lon-46.5956_h69.41873401972934_p-45.jpg,0,0.8882453
imgs\img_927_lat-23.5469_lon-46.5956_h69.41873401972934_p-45.jpg,0,0.8882453
imgs\img_372_lat-19.9655_lon-43.9928_h359.3765544904501_p-45.jpg,0,0.8893402
imgs\img_872_lat-23.5765_lon-46.5956_h337.7653750719092_p-45.jpg,0,0.8920905
imgs\img_99_lat-7.0696_lon-34.8421_h75.38601711411071_p-45.jpg,0,0.8923199
imgs\img_114_lat-19.9716_lon-43.9734_h154.11590547881022_p-45.jpg,0,0.8923605
imgs\img_322_lat-19.9576_lon-43.9957_h59.002343717431586_p-45.jpg,0,0.89254266
imgs\img_152_lat-23.5855_lon-46.7024_h82.30864248712766_p-45.jpg,0,0.8925603
imgs\img_12_lat-7.1106_lon-34.8251_h243.87321945111603_p-45.jpg,0,0.8926988
imgs\img_101_lat-7.1154_lon-34.8239_h192.94863622837568_p-45.jpg,0,0.89416647
imgs\img_363_lat-23.6156_lon-46.6659_h220.46060615471524_p-45.jpg,0,0.89489657
imgs\img_282_lat-19.9308_lon-43.9334_h146.3400447636065_p-45.jpg,0,0.8951198
imgs\img_380_lat-23.5962_lon-46.6578_h115.253836562039_p-45.jpg,0,0.895833
imgs\img_734_lat-23.5456_lon-46.5975_h68.47196044745701_p-45.jpg,0,0.8969575
imgs\img_21_lat-23.5917_lon-46.6995_h341.81748546540143_p-45.jpg,0,0.89765185
imgs\img_50_lat-7.0627_lon-34.8484_h75.85839617249991_p-45.jpg,0,0.89776516
imgs\img_58_lat-7.0606_lon-34.8456_h75.09188317088454_p-45.jpg,0,0.8978421
imgs\img_171_lat-19.9318_lon-43.9351_h192.95745126033677_p-45.jpg,0,0.8999022
imgs\img_382_lat-23.5888_lon-46.6691_h298.1052963839483_p-45.jpg,0,0.8999491
imgs\img_0_lat-7.0999_lon-34.8433_h270_p-45.jpg,0,0.9003777
imgs\img_739_lat-23.5736_lon-46.5848_h14.700603403417063_p-45.jpg,0,0.90113163
imgs\img_59_lat-7.0640_lon-34.8422_h254.42556436029747_p-45.jpg,0,0.90161014
imgs\img_379_lat-23.6061_lon-46.6540_h221.3485541429621_p-45.jpg,0,0.90163475
imgs\img_228_lat-23.5835_lon-46.6509_h59.29793140674288_p-45.jpg,0,0.9024652
imgs\img_9_lat-7.1430_lon-34.8154_h319.0827954350181_p-45.jpg,0,0.902526
imgs\img_208_lat-19.9323_lon-43.9326_h234.22661535921625_p-45.jpg,0,0.90341616
imgs\img_115_lat-7.0723_lon-34.8414_h76.02934762750237_p-45.jpg,0,0.9034944
imgs\img_1098_lat-20.3428_lon-40.2915_h189.3246774277902_p-45.jpg,0,0.90405667
imgs\img_63_lat-7.1112_lon-34.8243_h145.24092639930248_p-45.jpg,0,0.90655124
imgs\img_1111_lat-20.3539_lon-40.2926_h98.92173310761616_p-45.jpg,0,0.9075351
imgs\img_134_lat-19.9741_lon-43.9614_h195.894929393585_p-45.jpg,0,0.90914106
imgs\img_904_lat-23.5466_lon-46.5964_h339.895408083052_p-45.jpg,0,0.90940136
imgs\img_569_lat-23.6135_lon-46.6932_h289.08958952657144_p-45.jpg,0,0.9095696
imgs\img_68_lat-19.9720_lon-43.9755_h255.07668586468643_p-45.jpg,0,0.90991133
imgs\img_1041_lat-20.3428_lon-40.2915_h189.3246962696567_p-45.jpg,0,0.9113784
imgs\img_888_lat-23.5660_lon-46.5953_h0.4715600860673703_p-45.jpg,0,0.9124663
imgs\img_8_lat-7.1216_lon-34.8264_h91.00907132568705_p-45.jpg,0,0.91312724
imgs\img_761_lat-23.5474_lon-46.6009_h58.83168959196203_p-45.jpg,0,0.9132521
imgs\img_438_lat-19.9644_lon-43.9925_h25.991793661893325_p-45.jpg,0,0.91372925
imgs\img_634_lat-23.5592_lon-46.5878_h235.9883652612163_p-45.jpg,0,0.9140085
imgs\img_77_lat-23.6130_lon-46.7088_h63.97807572057502_p-45.jpg,0,0.91435575
imgs\img_500_lat-23.5789_lon-46.6744_h162.98359546937948_p-45.jpg,0,0.9152233
imgs\img_90_lat-7.1216_lon-34.8264_h91.00896137225425_p-45.jpg,0,0.9158275
imgs\img_142_lat-19.9681_lon-43.9676_h195.85304447314124_p-45.jpg,0,0.9167135
imgs\img_120_lat-23.5769_lon-46.7076_h104.55368969799744_p-45.jpg,0,0.91723484
imgs\img_1094_lat-20.3539_lon-40.2926_h98.92150671354347_p-45.jpg,0,0.91741705
imgs\img_60_lat-23.5789_lon-46.7073_h42.94020184076237_p-45.jpg,0,0.91771865
imgs\img_139_lat-23.6047_lon-46.7222_h252.55342962862585_p-45.jpg,0,0.9185446
imgs\img_60_lat-7.1135_lon-34.8277_h251.7122892225057_p-45.jpg,0,0.91924584
imgs\img_916_lat-23.5731_lon-46.5854_h225.75099805530192_p-45.jpg,0,0.9196834
imgs\img_153_lat-23.5900_lon-46.7134_h51.75780177559818_p-45.jpg,0,0.91975063
imgs\img_1098_lat-20.3428_lon-40.2915_h9.32467742779022_p-45.jpg,0,0.91994005
imgs\img_332_lat-19.9615_lon-43.9946_h252.54648046254857_p-45.jpg,0,0.920021
imgs\img_68_lat-23.5856_lon-46.7192_h154.83000769130282_p-45.jpg,0,0.920488
imgs\img_540_lat-23.5936_lon-46.6838_h343.59750276213026_p-45.jpg,0,0.9211727
imgs\img_1041_lat-20.3428_lon-40.2915_h9.324696269656688_p-45.jpg,0,0.9221924
imgs\img_96_lat-23.5925_lon-46.7095_h346.2715996353816_p-45.jpg,0,0.9222057
imgs\img_496_lat-23.6100_lon-46.6925_h200.48612146887984_p-45.jpg,0,0.92223823
imgs\img_136_lat-19.9818_lon-43.9773_h321.7199698358902_p-45.jpg,0,0.9227858
imgs\img_64_lat-7.1222_lon-34.8273_h266.9624177261901_p-45.jpg,0,0.92307585
imgs\img_18_lat-7.0653_lon-34.8486_h344.273062398172_p-45.jpg,0,0.9243349
imgs\img_145_lat-23.5955_lon-46.7096_h18.505260415106022_p-45.jpg,0,0.9243766
imgs\img_933_lat-23.5644_lon-46.5944_h335.0469440142804_p-45.jpg,0,0.9244985
imgs\img_172_lat-23.5895_lon-46.7196_h153.50409712399988_p-45.jpg,0,0.92456585
imgs\img_549_lat-23.6088_lon-46.6902_h310.35513957004366_p-45.jpg,0,0.9269626
imgs\img_98_lat-7.1297_lon-34.8249_h148.562082830907_p-45.jpg,0,0.92747265
imgs\img_68_lat-19.9720_lon-43.9755_h75.07668586468643_p-45.jpg,0,0.92871493
imgs\img_498_lat-23.6080_lon-46.6786_h221.50244700362563_p-45.jpg,0,0.92971385
imgs\img_792_lat-23.5661_lon-46.5958_h307.1412970986417_p-45.jpg,0,0.9300312
imgs\img_336_lat-23.5989_lon-46.6647_h220.1459852496837_p-45.jpg,0,0.93007565
imgs\img_19_lat-7.1115_lon-34.8243_h55.99389259261443_p-45.jpg,0,0.9309966
imgs\img_56_lat-7.1175_lon-34.8271_h11.22987402806466_p-45.jpg,0,0.9310535
imgs\img_838_lat-23.5670_lon-46.5882_h27.58726958603262_p-45.jpg,0,0.9311822
imgs\img_330_lat-19.9621_lon-43.9945_h309.5548721972822_p-45.jpg,0,0.9312067
imgs\img_113_lat-19.9690_lon-43.9653_h270.6917603389815_p-45.jpg,0,0.9344139
imgs\img_59_lat-19.9727_lon-43.9749_h345.63896097767815_p-45.jpg,0,0.9350104
imgs\img_118_lat-19.9732_lon-43.9695_h260.979420244401_p-45.jpg,0,0.9353782
imgs\img_119_lat-7.1127_lon-34.8279_h62.814818934709656_p-45.jpg,0,0.93540746
imgs\img_64_lat-7.1222_lon-34.8273_h86.9624177261901_p-45.jpg,0,0.93641037
imgs\img_71_lat-19.9699_lon-43.9656_h342.3088835627663_p-45.jpg,0,0.93662065
imgs\img_44_lat-7.1222_lon-34.8264_h88.3017043118739_p-45.jpg,0,0.93745255
imgs\img_587_lat-23.6098_lon-46.6856_h130.68977691327086_p-45.jpg,0,0.93790627
imgs\img_81_lat-7.0679_lon-34.8481_h167.1882632171164_p-45.jpg,0,0.9383648
imgs\img_378_lat-19.9570_lon-43.9946_h134.5626021234817_p-45.jpg,0,0.93856025
imgs\img_137_lat-23.6171_lon-46.7025_h61.46183642570486_p-45.jpg,0,0.93863267
imgs\img_48_lat-7.0714_lon-34.8435_h255.20669564402272_p-45.jpg,0,0.9399684
imgs\img_74_lat-7.0725_lon-34.8395_h75.89503109303668_p-45.jpg,0,0.94010425
imgs\img_60_lat-7.0679_lon-34.8481_h167.18828198166753_p-45.jpg,0,0.94043887
imgs\img_211_lat-23.6043_lon-46.6606_h131.263248453594_p-45.jpg,0,0.94051945
imgs\img_21_lat-23.5917_lon-46.6995_h161.81748546540146_p-45.jpg,0,0.9407068
imgs\img_25_lat-7.0714_lon-34.8435_h255.20663143217624_p-45.jpg,0,0.94078124
imgs\img_539_lat-23.6063_lon-46.6832_h131.0628473177276_p-45.jpg,0,0.9413945
imgs\img_4_lat-7.0673_lon-34.8482_h168.21776658395427_p-45.jpg,0,0.941818
imgs\img_239_lat-19.9390_lon-43.9275_h16.730551836033268_p-45.jpg,0,0.9424952
imgs\img_504_lat-23.5922_lon-46.6848_h162.9889339711408_p-45.jpg,0,0.9430909
imgs\img_318_lat-23.5989_lon-46.6709_h310.5880489729543_p-45.jpg,0,0.94397694
imgs\img_79_lat-19.9798_lon-43.9749_h258.418662412104_p-45.jpg,0,0.9440284
imgs\img_367_lat-19.9568_lon-43.9863_h123.16869884860523_p-45.jpg,0,0.9440829
imgs\img_86_lat-19.9700_lon-43.9730_h138.52677265241306_p-45.jpg,0,0.9445647
imgs\img_585_lat-23.6162_lon-46.6990_h40.42683504077983_p-45.jpg,0,0.94458455
imgs\img_48_lat-23.5949_lon-46.7037_h160.45803881346433_p-45.jpg,0,0.9452605
imgs\img_627_lat-23.5533_lon-46.6060_h184.268873645752_p-45.jpg,0,0.9465167
imgs\img_281_lat-23.6101_lon-46.6746_h310.7118807619735_p-45.jpg,0,0.94684434
imgs\img_324_lat-23.6011_lon-46.6540_h135.32972352729368_p-45.jpg,0,0.94770795
imgs\img_189_lat-23.5962_lon-46.7162_h151.61114049623404_p-45.jpg,0,0.94785345
imgs\img_9_lat-23.6125_lon-46.7090_h125.95964997577842_p-45.jpg,0,0.94822466
imgs\img_96_lat-23.5925_lon-46.7095_h166.27159963538156_p-45.jpg,0,0.9482561
imgs\img_799_lat-23.5648_lon-46.5989_h156.51531532502383_p-45.jpg,0,0.9482639
imgs\img_596_lat-23.6149_lon-46.6820_h312.1902219046205_p-45.jpg,0,0.94842136
imgs\img_282_lat-19.9308_lon-43.9334_h326.3400447636065_p-45.jpg,0,0.9497679
imgs\img_973_lat-23.5575_lon-46.6001_h129.52775922638875_p-45.jpg,0,0.9505853
imgs\img_351_lat-23.6004_lon-46.6629_h40.97420387417867_p-45.jpg,0,0.9516266
imgs\img_381_lat-23.5993_lon-46.6686_h131.2355096505315_p-45.jpg,0,0.95185083
imgs\img_1114_lat-20.3459_lon-40.2900_h278.23654721764376_p-45.jpg,0,0.95185703
imgs\img_944_lat-23.5752_lon-46.5870_h281.51314399219075_p-45.jpg,0,0.95254457
imgs\img_471_lat-23.6104_lon-46.6829_h221.30361044270347_p-45.jpg,0,0.95286536
imgs\img_52_lat-23.5996_lon-46.7159_h228.6807618469353_p-45.jpg,0,0.9538723
imgs\img_585_lat-23.6162_lon-46.6990_h220.42683504077982_p-45.jpg,0,0.9544112
imgs\img_847_lat-23.5700_lon-46.5823_h49.485754805119996_p-45.jpg,0,0.95599335
imgs\img_263_lat-23.6040_lon-46.6558_h310.5440137361728_p-45.jpg,0,0.9592584
imgs\img_377_lat-19.9558_lon-43.9911_h84.05509293303373_p-45.jpg,0,0.95938814
imgs\img_297_lat-23.5937_lon-46.6559_h155.20005990180474_p-45.jpg,0,0.9595992
imgs\img_84_lat-23.6119_lon-46.7099_h304.472434563088_p-45.jpg,0,0.95993125
imgs\img_1172_lat-20.3501_lon-40.2935_h189.01913667302827_p-45.jpg,0,0.9605663
imgs\img_497_lat-23.6015_lon-46.6913_h316.77362634387225_p-45.jpg,0,0.96117544
imgs\img_349_lat-19.9558_lon-43.9911_h84.05532132268918_p-45.jpg,0,0.9615098
imgs\img_251_lat-23.6074_lon-46.6619_h131.33693282728962_p-45.jpg,0,0.96165866
imgs\img_415_lat-19.9651_lon-43.9927_h192.15240464714472_p-45.jpg,0,0.96177727
imgs\img_840_lat-23.5704_lon-46.5851_h286.01062908752283_p-45.jpg,0,0.9621092
imgs\img_245_lat-19.9308_lon-43.9335_h239.4692849070816_p-45.jpg,0,0.9625084
imgs\img_384_lat-23.5991_lon-46.6671_h131.1366121572282_p-45.jpg,0,0.96370363
imgs\img_167_lat-23.6115_lon-46.7209_h175.46199209356746_p-45.jpg,0,0.96430737
imgs\img_17_lat-23.6136_lon-46.7100_h277.0203247115579_p-45.jpg,0,0.96442
imgs\img_386_lat-23.6105_lon-46.6650_h131.11228168905174_p-45.jpg,0,0.9648552
imgs\img_145_lat-23.5955_lon-46.7096_h198.50526041510605_p-45.jpg,0,0.9656705
imgs\img_155_lat-23.5879_lon-46.7163_h280.81753387881315_p-45.jpg,0,0.9657073
imgs\img_113_lat-23.5913_lon-46.7186_h153.5532990119511_p-45.jpg,0,0.96613646
imgs\img_454_lat-23.6007_lon-46.6872_h40.47787610333933_p-45.jpg,0,0.9661781
imgs\img_681_lat-23.5706_lon-46.5836_h282.25783262684934_p-45.jpg,0,0.9663253
imgs\img_39_lat-23.6109_lon-46.7101_h134.0439456710602_p-45.jpg,0,0.9665877
imgs\img_897_lat-23.5740_lon-46.5856_h55.740658131721325_p-45.jpg,0,0.9673194
imgs\img_239_lat-19.9390_lon-43.9275_h196.73055183603327_p-45.jpg,0,0.9696676
imgs\img_40_lat-23.5988_lon-46.7103_h171.1196334690228_p-45.jpg,0,0.97005284
imgs\img_138_lat-23.6088_lon-46.7125_h201.63246028645065_p-45.jpg,0,0.97055566
imgs\img_132_lat-7.0703_lon-34.8411_h346.53144493766365_p-45.jpg,0,0.973306
imgs\img_130_lat-7.0668_lon-34.8475_h256.2213608098676_p-45.jpg,0,0.9738422
imgs\img_260_lat-19.9337_lon-43.9394_h30.46170470830691_p-45.jpg,0,0.974326
imgs\img_138_lat-7.0636_lon-34.8475_h344.2201974848616_p-45.jpg,0,0.9756863
imgs\img_362_lat-19.9624_lon-43.9934_h341.56652867566464_p-45.jpg,0,0.9758766
imgs\img_378_lat-19.9570_lon-43.9946_h314.5626021234817_p-45.jpg,0,0.97720754
imgs\img_296_lat-23.5921_lon-46.6516_h212.29210881568275_p-45.jpg,0,0.9778739
imgs\img_906_lat-23.5523_lon-46.5921_h294.20408464583187_p-45.jpg,0,0.97851616
imgs\img_29_lat-19.9700_lon-43.9730_h138.52699966561514_p-45.jpg,0,0.9790346
imgs\img_314_lat-23.6005_lon-46.6594_h221.84790388706855_p-45.jpg,0,0.9795793
imgs\img_90_lat-7.1216_lon-34.8264_h271.00896137225425_p-45.jpg,0,0.97965795
imgs\img_8_lat-7.1216_lon-34.8264_h271.00907132568705_p-45.jpg,0,0.9798441
imgs\img_125_lat-7.0636_lon-34.8475_h344.22022139032777_p-45.jpg,0,0.98110074
imgs\img_234_lat-23.5951_lon-46.6609_h69.93151954470528_p-45.jpg,0,0.98147386
imgs\img_307_lat-23.5965_lon-46.6722_h264.78610133917937_p-45.jpg,0,0.9824385
imgs\img_906_lat-23.5523_lon-46.5921_h114.20408464583187_p-45.jpg,0,0.9826169
imgs\img_844_lat-23.5729_lon-46.5934_h336.39987221986235_p-45.jpg,0,0.98281056
imgs\img_988_lat-23.5794_lon-46.5872_h210.6534907627047_p-45.jpg,0,0.98360324
imgs\img_44_lat-7.1222_lon-34.8264_h268.3017043118739_p-45.jpg,0,0.9845049
imgs\img_442_lat-19.9503_lon-43.9846_h13.53537219374588_p-45.jpg,0,0.9846215
imgs\img_207_lat-23.5841_lon-46.6510_h289.1435939425713_p-45.jpg,0,0.9855284
imgs\img_95_lat-7.1377_lon-34.8192_h72.14276097860852_p-45.jpg,0,0.9858113
imgs\img_358_lat-19.9560_lon-43.9921_h332.2741277002067_p-45.jpg,0,0.98595387
imgs\img_29_lat-7.1377_lon-34.8192_h72.14292314331769_p-45.jpg,0,0.9867823
imgs\img_216_lat-19.9318_lon-43.9352_h58.626228616832414_p-45.jpg,0,0.98712784
imgs\img_715_lat-23.5592_lon-46.5937_h296.1274229654832_p-45.jpg,0,0.9876441
imgs\img_637_lat-23.5474_lon-46.6013_h58.93475135665292_p-45.jpg,0,0.9890966
imgs\img_262_lat-19.9388_lon-43.9352_h149.7513656294079_p-45.jpg,0,0.9895565
imgs\img_1049_lat-20.3426_lon-40.2902_h187.59393152681977_p-45.jpg,0,0.9898934
imgs\img_436_lat-23.5941_lon-46.6860_h343.6605820966272_p-45.jpg,0,0.9902508
imgs\img_79_lat-7.1133_lon-34.8226_h172.57128690040213_p-45.jpg,0,0.9903326
imgs\img_92_lat-23.5880_lon-46.7202_h63.08142879948247_p-45.jpg,0,0.99295115
imgs\img_1152_lat-20.3496_lon-40.2920_h10.775184680441043_p-45.jpg,0,0.9936768
imgs\img_60_lat-7.0679_lon-34.8481_h347.1882819816675_p-45.jpg,0,0.99513316
imgs\img_81_lat-19.9782_lon-43.9758_h347.2898738136881_p-45.jpg,0,0.99620175
imgs\img_443_lat-19.9645_lon-43.9935_h268.35039498362846_p-45.jpg,0,0.99642587
imgs\img_512_lat-23.5950_lon-46.6740_h163.51225484710525_p-45.jpg,0,0.9965505
imgs\img_86_lat-7.0638_lon-34.8414_h74.93572301931798_p-45.jpg,0,0.99678725
imgs\img_505_lat-23.6015_lon-46.6769_h26.28751591859784_p-45.jpg,0,0.99683493
imgs\img_626_lat-23.5527_lon-46.5903_h133.7233196151023_p-45.jpg,0,0.99692583
imgs\img_617_lat-23.5698_lon-46.5934_h109.61544745865176_p-45.jpg,0,0.9973507
imgs\img_499_lat-23.6182_lon-46.6828_h112.3820592849986_p-45.jpg,0,0.9975208
imgs\img_336_lat-23.5989_lon-46.6647_h40.14598524968369_p-45.jpg,0,0.99800014
imgs\img_592_lat-23.6024_lon-46.6911_h129.21419151220385_p-45.jpg,0,1.0000998
imgs\img_980_lat-23.5698_lon-46.5934_h109.61486905336994_p-45.jpg,0,1.0003285
imgs\img_81_lat-7.0679_lon-34.8481_h347.1882632171164_p-45.jpg,0,1.0006053
imgs\img_113_lat-23.4162_lon-51.9602_h90_p-45.jpg,0,1.0007817
imgs\img_591_lat-23.5871_lon-46.6722_h73.95074134404206_p-45.jpg,0,1.0007966
imgs\img_431_lat-19.9680_lon-43.9932_h3.2956139998168426_p-45.jpg,0,1.0012146
imgs\img_191_lat-23.5920_lon-46.7033_h171.96000758345963_p-45.jpg,0,1.0014153
imgs\img_415_lat-23.6124_lon-46.6781_h18.406739168725267_p-45.jpg,0,1.00168
imgs\img_414_lat-19.9680_lon-43.9932_h3.2956016035000175_p-45.jpg,0,1.0017834
imgs\img_1177_lat-20.3474_lon-40.2873_h97.6482608578346_p-45.jpg,0,1.0020932
imgs\img_39_lat-7.1216_lon-34.8273_h91.01340431976942_p-45.jpg,0,1.0026722
imgs\img_24_lat-7.1215_lon-34.8250_h6.213365482466884_p-45.jpg,0,1.0040882
imgs\img_268_lat-23.6091_lon-46.6743_h220.45262402671904_p-45.jpg,0,1.0048165
imgs\img_39_lat-7.1118_lon-34.8247_h56.057374618449444_p-45.jpg,0,1.0072201
imgs\img_47_lat-23.6131_lon-46.7122_h303.9929641045638_p-45.jpg,0,1.0073577
imgs\img_1134_lat-20.3474_lon-40.2873_h97.6480302549885_p-45.jpg,0,1.0077561
imgs\img_113_lat-7.1153_lon-34.8290_h102.9248979215696_p-45.jpg,0,1.0094503
imgs\img_500_lat-23.5789_lon-46.6744_h342.98359546937945_p-45.jpg,0,1.0095111
imgs\img_979_lat-23.5740_lon-46.5835_h67.04099517117656_p-45.jpg,0,1.0096619
imgs\img_1036_lat-20.3462_lon-40.2907_h292.7946712183748_p-45.jpg,0,1.009772
imgs\img_22_lat-19.9716_lon-43.9715_h260.5126763754574_p-45.jpg,0,1.0102738
imgs\img_332_lat-19.9615_lon-43.9946_h72.54648046254857_p-45.jpg,0,1.0105815
imgs\img_249_lat-23.6060_lon-46.6637_h311.5459790708181_p-45.jpg,0,1.011717
imgs\img_49_lat-7.0724_lon-34.8405_h166.25129837675445_p-45.jpg,0,1.0129673
imgs\img_569_lat-23.6135_lon-46.6932_h109.08958952657144_p-45.jpg,0,1.0136434
imgs\img_370_lat-23.6091_lon-46.6743_h220.45280645166986_p-45.jpg,0,1.0148938
imgs\img_6_lat-23.6015_lon-46.7099_h93.49926482246963_p-45.jpg,0,1.01493
imgs\img_575_lat-23.6019_lon-46.6875_h220.87086295264993_p-45.jpg,0,1.0154217
imgs\img_88_lat-19.9738_lon-43.9689_h261.859658387608_p-45.jpg,0,1.0154706
imgs\img_687_lat-23.5646_lon-46.5970_h46.429212500747326_p-45.jpg,0,1.0160114
imgs\img_861_lat-23.5485_lon-46.6126_h325.986369992351_p-45.jpg,0,1.0162066
imgs\img_188_lat-23.5852_lon-46.6938_h114.12606189289994_p-45.jpg,0,1.0183067
imgs\img_933_lat-23.5644_lon-46.5944_h155.04694401428037_p-45.jpg,0,1.0200427
imgs\img_245_lat-19.9308_lon-43.9335_h59.4692849070816_p-45.jpg,0,1.0201418
imgs\img_689_lat-23.5573_lon-46.5916_h25.77192606661144_p-45.jpg,0,1.021313
imgs\img_816_lat-23.5573_lon-46.5916_h25.77192606661144_p-45.jpg,0,1.021313
imgs\img_1169_lat-20.3494_lon-40.2873_h9.395170948642829_p-45.jpg,0,1.0216246
imgs\img_404_lat-19.9655_lon-43.9926_h359.3489652951542_p-45.jpg,0,1.0219377
imgs\img_8_lat-23.5985_lon-46.7126_h105.43584802540971_p-45.jpg,0,1.0226285
imgs\img_137_lat-7.0752_lon-34.8450_h254.44308923970164_p-45.jpg,0,1.0233432
imgs\img_296_lat-23.5921_lon-46.6516_h32.29210881568275_p-45.jpg,0,1.0236269
imgs\img_246_lat-19.9308_lon-43.9335_h241.6137307963779_p-45.jpg,0,1.0257322
imgs\img_1158_lat-20.3538_lon-40.2932_h278.9461277959116_p-45.jpg,0,1.0261301
imgs\img_411_lat-19.9687_lon-43.9923_h5.849677727973169_p-45.jpg,0,1.0270919
imgs\img_579_lat-23.5888_lon-46.6777_h164.2090223110274_p-45.jpg,0,1.0275054
imgs\img_435_lat-23.5990_lon-46.6748_h179.34192381550253_p-45.jpg,0,1.0286101
imgs\img_1006_lat-20.3428_lon-40.2908_h279.55978991140256_p-45.jpg,0,1.0293896
imgs\img_56_lat-7.1175_lon-34.8271_h191.22987402806467_p-45.jpg,0,1.0297382
imgs\img_1018_lat-20.3538_lon-40.2932_h278.9458947247126_p-45.jpg,0,1.0304244
imgs\img_580_lat-23.6107_lon-46.6877_h310.4236092756098_p-45.jpg,0,1.0305294
imgs\img_792_lat-23.5661_lon-46.5958_h127.1412970986417_p-45.jpg,0,1.0310246
imgs\img_1_lat-7.1340_lon-34.8207_h152.6825422977711_p-45.jpg,0,1.0330387
imgs\img_6_lat-23.6015_lon-46.7099_h273.4992648224696_p-45.jpg,0,1.033074
imgs\img_988_lat-23.5794_lon-46.5872_h30.653490762704703_p-45.jpg,0,1.0340061
imgs\img_84_lat-7.1017_lon-34.8419_h270_p-45.jpg,0,1.0341626
imgs\img_855_lat-23.5471_lon-46.5941_h154.70809326976843_p-45.jpg,0,1.0344514
imgs\img_636_lat-23.5510_lon-46.6015_h323.9985672996448_p-45.jpg,0,1.0351851
imgs\img_896_lat-23.5510_lon-46.6015_h323.9985672996448_p-45.jpg,0,1.0351851
imgs\img_1080_lat-20.3531_lon-40.2941_h101.33163080810289_p-45.jpg,0,1.035319
imgs\img_1190_lat-20.3428_lon-40.2908_h279.5593731655506_p-45.jpg,0,1.0358205
imgs\img_1078_lat-20.3493_lon-40.2909_h100.55013472635761_p-45.jpg,0,1.0361688
imgs\img_779_lat-23.5666_lon-46.5942_h85.7750024909393_p-45.jpg,0,1.0363886
imgs\img_272_lat-19.9321_lon-43.9339_h64.8117206350052_p-45.jpg,0,1.0364107
imgs\img_4_lat-7.0673_lon-34.8482_h348.21776658395424_p-45.jpg,0,1.0371714
imgs\img_72_lat-7.1437_lon-34.8138_h220.21374562658028_p-45.jpg,0,1.0377064
imgs\img_773_lat-23.5458_lon-46.5924_h96.55024631205904_p-45.jpg,0,1.0379593
imgs\img_959_lat-23.5681_lon-46.5932_h4.123674661192637_p-45.jpg,0,1.0382297
imgs\img_330_lat-23.6135_lon-46.6639_h220.8806524516483_p-45.jpg,0,1.0389854
imgs\img_366_lat-23.5959_lon-46.6703_h275.21183680649466_p-45.jpg,0,1.0391368
imgs\img_139_lat-23.6047_lon-46.7222_h72.55342962862585_p-45.jpg,0,1.041287
imgs\img_512_lat-23.5950_lon-46.6740_h343.5122548471053_p-45.jpg,0,1.0413383
imgs\img_273_lat-23.5808_lon-46.6547_h137.24304636947818_p-45.jpg,0,1.0416138
imgs\img_544_lat-23.5847_lon-46.6800_h343.9235289647753_p-45.jpg,0,1.0425307
imgs\img_1018_lat-20.3538_lon-40.2932_h98.94589472471262_p-45.jpg,0,1.042728
imgs\img_1158_lat-20.3538_lon-40.2932_h98.94612779591162_p-45.jpg,0,1.0435754
imgs\img_61_lat-23.6142_lon-46.7129_h225.37296938683505_p-45.jpg,0,1.0442764
imgs\img_63_lat-7.1112_lon-34.8243_h325.24092639930245_p-45.jpg,0,1.0455731
imgs\img_549_lat-23.6088_lon-46.6902_h130.35513957004366_p-45.jpg,0,1.0456088
imgs\img_141_lat-7.0670_lon-34.8428_h76.30371060365358_p-45.jpg,0,1.049107
imgs\img_650_lat-23.5582_lon-46.5945_h26.24060622468861_p-45.jpg,0,1.0495217
imgs\img_929_lat-23.5582_lon-46.5945_h26.24060622468861_p-45.jpg,0,1.0495217
imgs\img_48_lat-23.4198_lon-51.9452_h90_p-45.jpg,0,1.0514969
imgs\img_635_lat-23.5607_lon-46.5965_h325.43744827550313_p-45.jpg,0,1.052188
imgs\img_134_lat-23.6049_lon-46.7173_h80.59669059733802_p-45.jpg,0,1.0526617
imgs\img_893_lat-23.5510_lon-46.6015_h323.99863234883946_p-45.jpg,0,1.0528
imgs\img_11_lat-23.5875_lon-46.6980_h213.51732942715824_p-45.jpg,0,1.0544058
imgs\img_1089_lat-20.3531_lon-40.2941_h101.3312296508575_p-45.jpg,0,1.054412
imgs\img_331_lat-19.9620_lon-43.9938_h71.44783841267665_p-45.jpg,0,1.0544508
imgs\img_205_lat-23.5931_lon-46.6670_h9.468746603987585_p-45.jpg,0,1.0545052
imgs\img_607_lat-23.5767_lon-46.5935_h157.1624804855254_p-45.jpg,0,1.0551783
imgs\img_956_lat-23.5659_lon-46.5972_h286.8008771628254_p-45.jpg,0,1.0560187
imgs\img_13_lat-7.0990_lon-34.8404_h90_p-45.jpg,0,1.0578609
imgs\img_710_lat-23.5472_lon-46.6056_h322.7052180926863_p-45.jpg,0,1.0578781
imgs\img_245_lat-23.5960_lon-46.6595_h205.9250401030916_p-45.jpg,0,1.0590135
imgs\img_281_lat-7.1129_lon-34.8365_h270_p-45.jpg,0,1.0590968
imgs\img_415_lat-19.9651_lon-43.9927_h12.152404647144749_p-45.jpg,0,1.0599749
imgs\img_861_lat-23.5485_lon-46.6126_h145.986369992351_p-45.jpg,0,1.0627241
imgs\img_166_lat-23.5860_lon-46.6982_h117.41423640472084_p-45.jpg,0,1.0663275
imgs\img_155_lat-23.5879_lon-46.7163_h100.81753387881315_p-45.jpg,0,1.0675626
imgs\img_153_lat-23.5900_lon-46.7134_h231.75780177559818_p-45.jpg,0,1.0679693
imgs\img_421_lat-19.9509_lon-43.9844_h101.69499822913582_p-45.jpg,0,1.0688466
imgs\img_113_lat-23.0104_lon-43.3368_h270_p-45.jpg,0,1.0694789
imgs\img_1058_lat-20.3450_lon-40.2902_h184.40247996051377_p-45.jpg,0,1.0719393
imgs\img_910_lat-23.5767_lon-46.5935_h157.16263063672676_p-45.jpg,0,1.073395
imgs\img_132_lat-7.0703_lon-34.8411_h166.53144493766365_p-45.jpg,0,1.073662
imgs\img_403_lat-23.5825_lon-46.6785_h163.67978128688546_p-45.jpg,0,1.0748483
imgs\img_238_lat-23.5978_lon-46.6617_h311.09055384977046_p-45.jpg,0,1.0750653
imgs\img_75_lat-19.9816_lon-43.9779_h170.83870053790702_p-45.jpg,0,1.076278
imgs\img_99_lat-7.1232_lon-34.8288_h108.568548565141_p-45.jpg,0,1.0768683
imgs\img_633_lat-23.5612_lon-46.6049_h245.33497990968985_p-45.jpg,0,1.0771334
imgs\img_42_lat-19.9765_lon-43.9765_h318.1558009433318_p-45.jpg,0,1.0773237
imgs\img_31_lat-7.1232_lon-34.8288_h108.56853398246795_p-45.jpg,0,1.0785474
imgs\img_729_lat-23.5755_lon-46.5849_h10.121175293896044_p-45.jpg,0,1.0793269
imgs\img_1146_lat-20.3528_lon-40.2871_h188.4319080795304_p-45.jpg,0,1.079931
imgs\img_454_lat-23.6007_lon-46.6872_h220.47787610333936_p-45.jpg,0,1.0827721
imgs\img_631_lat-23.5537_lon-46.5972_h281.2554964150262_p-45.jpg,0,1.0841309
imgs\img_421_lat-23.6004_lon-46.6931_h18.167297870668_p-45.jpg,0,1.0841904
imgs\img_45_lat-23.5836_lon-46.7000_h4.0788588485082755_p-45.jpg,0,1.0853022
imgs\img_137_lat-7.0752_lon-34.8450_h74.44308923970165_p-45.jpg,0,1.0891528
imgs\img_488_lat-23.6036_lon-46.6906_h130.9041248088423_p-45.jpg,0,1.0895284
imgs\img_1057_lat-20.3505_lon-40.2841_h99.62325903125128_p-45.jpg,0,1.0898753
imgs\img_834_lat-23.5626_lon-46.5949_h317.73593483755576_p-45.jpg,0,1.0916735
imgs\img_192_lat-19.9390_lon-43.9265_h243.4141080730255_p-45.jpg,0,1.0933394
imgs\img_689_lat-23.5573_lon-46.5916_h205.77192606661143_p-45.jpg,0,1.0940757
imgs\img_816_lat-23.5573_lon-46.5916_h205.77192606661143_p-45.jpg,0,1.0940757
imgs\img_213_lat-23.5934_lon-46.6681_h50.60554409173047_p-45.jpg,0,1.1000844
imgs\img_286_lat-23.6094_lon-46.6578_h131.2309576395716_p-45.jpg,1,0.55237156
imgs\img_146_lat-23.4377_lon-51.8973_h90_p-45.jpg,1,0.5544019
imgs\img_174_lat-19.9374_lon-43.9359_h329.4492353942876_p-45.jpg,1,0.563844
imgs\img_157_lat-23.6119_lon-46.7231_h226.2876684102133_p-45.jpg,1,0.5686847
imgs\img_814_lat-23.5667_lon-46.5992_h125.27941786876079_p-45.jpg,1,0.57241374
imgs\img_26_lat-19.9693_lon-43.9745_h139.56754699278062_p-45.jpg,1,0.5752581
imgs\img_128_lat-7.0593_lon-34.8468_h166.11621097068857_p-45.jpg,1,0.5753624
imgs\img_529_lat-23.6202_lon-46.6983_h106.4813111143186_p-45.jpg,1,0.57540655
imgs\img_129_lat-7.0593_lon-34.8468_h166.116196272274_p-45.jpg,1,0.5768405
imgs\img_1156_lat-20.3464_lon-40.2872_h278.35263288609525_p-45.jpg,1,0.5802252
imgs\img_880_lat-23.5781_lon-46.5894_h328.61527908042746_p-45.jpg,1,0.58481175
imgs\img_62_lat-19.9797_lon-43.9744_h261.03253692340013_p-45.jpg,1,0.58836144
imgs\img_27_lat-7.1143_lon-34.8301_h16.729209500332594_p-45.jpg,1,0.5892463
imgs\img_992_lat-23.5731_lon-46.5834_h204.2173963179364_p-45.jpg,1,0.59091055
imgs\img_400_lat-23.6210_lon-46.6903_h18.080200590903576_p-45.jpg,1,0.5919043
imgs\img_754_lat-23.5465_lon-46.5978_h69.89180745561764_p-45.jpg,1,0.59208953
imgs\img_433_lat-23.6119_lon-46.6783_h218.4027923943616_p-45.jpg,1,0.5932984
imgs\img_164_lat-19.9355_lon-43.9307_h145.20822790587482_p-45.jpg,1,0.59420437
imgs\img_852_lat-23.5675_lon-46.5927_h330.4443701541566_p-45.jpg,1,0.59524095
imgs\img_4_lat-23.4218_lon-51.8879_h270_p-45.jpg,1,0.5955545
imgs\img_135_lat-19.9696_lon-43.9737_h264.4409730674128_p-45.jpg,1,0.5963483
imgs\img_6_lat-19.9696_lon-43.9737_h264.44125308147176_p-45.jpg,1,0.59651023
imgs\img_293_lat-19.9331_lon-43.9377_h15.08916767679915_p-45.jpg,1,0.59674287
imgs\img_1070_lat-20.3467_lon-40.2850_h97.19704284517377_p-45.jpg,1,0.5983712
imgs\img_759_lat-23.5729_lon-46.5855_h359.19972968843456_p-45.jpg,1,0.6021364
imgs\img_34_lat-23.6047_lon-46.7019_h17.863604130605935_p-45.jpg,1,0.6035186
imgs\img_45_lat-23.5836_lon-46.7000_h184.07885884850828_p-45.jpg,1,0.60409564
imgs\img_340_lat-19.9612_lon-43.9976_h359.57259538267994_p-45.jpg,1,0.6044344
imgs\img_1103_lat-20.3509_lon-40.2923_h280.8904607346417_p-45.jpg,1,0.604478
imgs\img_358_lat-23.5924_lon-46.6679_h287.5628479140656_p-45.jpg,1,0.60451794
imgs\img_231_lat-23.0006_lon-43.3947_h90_p-45.jpg,1,0.605074
imgs\img_871_lat-23.5723_lon-46.5831_h196.0994594709528_p-45.jpg,1,0.605264
imgs\img_242_lat-23.4278_lon-51.9218_h90_p-45.jpg,1,0.60538656
imgs\img_375_lat-19.9541_lon-43.9860_h195.66520213945375_p-45.jpg,1,0.6062607
imgs\img_164_lat-19.9355_lon-43.9307_h325.2082279058748_p-45.jpg,1,0.60711026
imgs\img_444_lat-19.9492_lon-43.9844_h131.80238610103393_p-45.jpg,1,0.60934013
imgs\img_181_lat-19.9389_lon-43.9371_h240.3029501171688_p-45.jpg,1,0.60991746
imgs\img_28_lat-7.1124_lon-34.8244_h252.0068221461444_p-45.jpg,1,0.6112293
imgs\img_64_lat-23.6049_lon-46.7141_h183.42263877149304_p-45.jpg,1,0.6117983
imgs\img_242_lat-23.6091_lon-46.6702_h131.05241844240308_p-45.jpg,1,0.61200225
imgs\img_179_lat-23.5930_lon-46.7009_h232.4243921080813_p-45.jpg,1,0.6120645
imgs\img_972_lat-23.5689_lon-46.5968_h36.94340017321019_p-45.jpg,1,0.613348
imgs\img_215_lat-23.3692_lon-51.9323_h90_p-45.jpg,1,0.61378646
imgs\img_684_lat-23.5732_lon-46.5917_h82.62368461050966_p-45.jpg,1,0.6137866
imgs\img_361_lat-23.6123_lon-46.6688_h221.04273287824716_p-45.jpg,1,0.61457103
imgs\img_821_lat-23.5753_lon-46.5869_h24.63655082551383_p-45.jpg,1,0.61459243
imgs\img_241_lat-23.4049_lon-51.8828_h90_p-45.jpg,1,0.61464655
imgs\img_278_lat-23.6059_lon-46.6699_h40.84506533699192_p-45.jpg,1,0.61717343
imgs\img_191_lat-19.9355_lon-43.9307_h238.02153107403927_p-45.jpg,1,0.6172117
imgs\img_1026_lat-20.3459_lon-40.2919_h190.1966188282117_p-45.jpg,1,0.6177048
imgs\img_80_lat-23.5901_lon-46.6971_h222.74457936773985_p-45.jpg,1,0.61954826
imgs\img_131_lat-19.9788_lon-43.9673_h279.8747487866377_p-45.jpg,1,0.61960447
imgs\img_902_lat-23.5675_lon-46.5927_h330.4448133632369_p-45.jpg,1,0.6206256
imgs\img_143_lat-19.9739_lon-43.9678_h42.14835528095526_p-45.jpg,1,0.62146884
imgs\img_180_lat-23.5879_lon-46.7173_h63.61497399926748_p-45.jpg,1,0.6222971
imgs\img_481_lat-23.6109_lon-46.6927_h290.1616316063863_p-45.jpg,1,0.62256557
imgs\img_66_lat-23.5848_lon-46.7018_h184.63281963386112_p-45.jpg,1,0.6238839
imgs\img_190_lat-19.9391_lon-43.9371_h59.2820421744716_p-45.jpg,1,0.6239255
imgs\img_72_lat-19.9747_lon-43.9632_h325.80716639800966_p-45.jpg,1,0.625329
imgs\img_53_lat-23.6076_lon-46.7071_h123.7146913973986_p-45.jpg,1,0.62659436
imgs\img_18_lat-7.1151_lon-34.8298_h283.0333480412054_p-45.jpg,1,0.6268754
imgs\img_64_lat-23.6049_lon-46.7141_h3.422638771493041_p-45.jpg,1,0.62765306
imgs\img_903_lat-23.5674_lon-46.5911_h205.37850560695_p-45.jpg,1,0.6284622
imgs\img_242_lat-23.4278_lon-51.9218_h270_p-45.jpg,1,0.62849563
imgs\img_263_lat-19.9361_lon-43.9309_h14.615430379605078_p-45.jpg,1,0.62859696
imgs\img_972_lat-23.5689_lon-46.5968_h216.94340017321016_p-45.jpg,1,0.62873846
imgs\img_60_lat-19.9781_lon-43.9777_h184.10807293317768_p-45.jpg,1,0.62915283
imgs\img_814_lat-23.5667_lon-46.5992_h305.2794178687608_p-45.jpg,1,0.63020325
imgs\img_103_lat-19.9749_lon-43.9641_h229.6637666542652_p-45.jpg,1,0.6308873
imgs\img_928_lat-23.5695_lon-46.5908_h136.80485287382308_p-45.jpg,1,0.6309429
imgs\img_873_lat-23.5754_lon-46.5917_h282.44795933662624_p-45.jpg,1,0.6310118
imgs\img_203_lat-19.9366_lon-43.9364_h147.0834938364257_p-45.jpg,1,0.6312613
imgs\img_123_lat-7.1177_lon-34.8276_h103.49335206410318_p-45.jpg,1,0.6315124
imgs\img_127_lat-19.9840_lon-43.9778_h232.7897403268198_p-45.jpg,1,0.6336842
imgs\img_1_lat-19.9835_lon-43.9762_h1.411574616394148_p-45.jpg,1,0.6337116
imgs\img_400_lat-23.6210_lon-46.6903_h198.0802005909036_p-45.jpg,1,0.6341322
imgs\img_375_lat-19.9541_lon-43.9860_h15.665202139453744_p-45.jpg,1,0.6353392
imgs\img_338_lat-23.5811_lon-46.6633_h219.49460947879172_p-45.jpg,1,0.63536304
imgs\img_128_lat-7.0593_lon-34.8468_h346.1162109706886_p-45.jpg,1,0.63612556
imgs\img_129_lat-7.0593_lon-34.8468_h346.11619627227395_p-45.jpg,1,0.63612556
imgs\img_889_lat-23.5599_lon-46.5941_h138.21013135924713_p-45.jpg,1,0.636751
imgs\img_873_lat-23.5754_lon-46.5917_h102.44795933662624_p-45.jpg,1,0.6368387
imgs\img_190_lat-19.9391_lon-43.9371_h239.2820421744716_p-45.jpg,1,0.6369497
imgs\img_290_lat-19.9328_lon-43.9389_h190.7145324664097_p-45.jpg,1,0.63720983
imgs\img_100_lat-7.1149_lon-34.8307_h281.8781730924015_p-45.jpg,1,0.6380493
imgs\img_843_lat-23.5469_lon-46.6018_h330.12885678735006_p-45.jpg,1,0.6396206
imgs\img_939_lat-23.5469_lon-46.6018_h330.128840368895_p-45.jpg,1,0.6396206
imgs\img_939_lat-23.5469_lon-46.6018_h150.128840368895_p-45.jpg,1,0.63998556
imgs\img_1013_lat-20.3463_lon-40.2878_h99.35991192478565_p-45.jpg,1,0.64188635
imgs\img_81_lat-19.9782_lon-43.9758_h167.28987381368802_p-45.jpg,1,0.6426923
imgs\img_335_lat-19.9544_lon-43.9859_h14.730470563292442_p-45.jpg,1,0.64311534
imgs\img_215_lat-23.3692_lon-51.9323_h270_p-45.jpg,1,0.6437019
imgs\img_356_lat-23.5818_lon-46.6561_h330.0931836459554_p-45.jpg,1,0.6437576
imgs\img_129_lat-23.5910_lon-46.6978_h216.13065614915394_p-45.jpg,1,0.6439735
imgs\img_200_lat-19.9309_lon-43.9336_h1.4876214788518496_p-45.jpg,1,0.6445255
imgs\img_1_lat-23.6042_lon-46.7192_h242.9878086562564_p-45.jpg,1,0.64453965
imgs\img_996_lat-23.5584_lon-46.5955_h315.96814684206515_p-45.jpg,1,0.6458568
imgs\img_775_lat-23.5732_lon-46.5917_h82.62384605859862_p-45.jpg,1,0.6459268
imgs\img_971_lat-23.5732_lon-46.5917_h82.62384605859862_p-45.jpg,1,0.6459268
imgs\img_82_lat-19.9681_lon-43.9654_h209.61563786379395_p-45.jpg,1,0.64594936
imgs\img_53_lat-7.1429_lon-34.8147_h49.36243001724637_p-45.jpg,1,0.64668053
imgs\img_273_lat-19.9317_lon-43.9324_h194.79445958049726_p-45.jpg,1,0.64693177
imgs\img_223_lat-19.9313_lon-43.9312_h234.03859214952783_p-45.jpg,1,0.6471624
imgs\img_675_lat-23.5725_lon-46.5839_h197.61989333832167_p-45.jpg,1,0.64767444
imgs\img_1024_lat-20.3550_lon-40.2902_h280.0865506967215_p-45.jpg,1,0.6481302
imgs\img_645_lat-23.5575_lon-46.5949_h115.63513146917704_p-45.jpg,1,0.648515
imgs\img_72_lat-19.9747_lon-43.9632_h145.80716639800966_p-45.jpg,1,0.64851743
imgs\img_285_lat-19.9347_lon-43.9378_h329.8115323263661_p-45.jpg,1,0.64953595
imgs\img_209_lat-19.9365_lon-43.9366_h150.17058000808694_p-45.jpg,1,0.6497427
imgs\img_444_lat-19.9492_lon-43.9844_h311.8023861010339_p-45.jpg,1,0.6503603
imgs\img_843_lat-23.5469_lon-46.6018_h150.1288567873501_p-45.jpg,1,0.6510128
imgs\img_241_lat-19.9400_lon-43.9354_h264.0687299926289_p-45.jpg,1,0.65120703
imgs\img_834_lat-23.5626_lon-46.5949_h137.73593483755573_p-45.jpg,1,0.651996
imgs\img_1_lat-19.9835_lon-43.9762_h181.41157461639415_p-45.jpg,1,0.6538379
imgs\img_818_lat-23.5502_lon-46.5925_h334.22832888953104_p-45.jpg,1,0.6539271
imgs\img_8_lat-19.9770_lon-43.9657_h152.65067717006013_p-45.jpg,1,0.6548565
imgs\img_731_lat-23.5520_lon-46.6082_h145.54451094196574_p-45.jpg,1,0.65496373
imgs\img_62_lat-23.5936_lon-46.7079_h9.789052279843872_p-45.jpg,1,0.6549963
imgs\img_696_lat-23.5691_lon-46.5923_h317.6086241937916_p-45.jpg,1,0.65531224
imgs\img_92_lat-19.9794_lon-43.9730_h199.22594437161897_p-45.jpg,1,0.6553176
imgs\img_241_lat-23.4049_lon-51.8828_h270_p-45.jpg,1,0.65532124
imgs\img_416_lat-23.5914_lon-46.6770_h336.3815988618666_p-45.jpg,1,0.6560367
imgs\img_1071_lat-20.3463_lon-40.2917_h99.67697107414472_p-45.jpg,1,0.65607625
imgs\img_677_lat-23.5736_lon-46.5836_h22.82551519012876_p-45.jpg,1,0.65613145
imgs\img_1090_lat-20.3504_lon-40.2905_h101.40255824688468_p-45.jpg,1,0.6567934
imgs\img_44_lat-23.6120_lon-46.7116_h168.96371912054255_p-45.jpg,1,0.6570861
imgs\img_128_lat-19.9770_lon-43.9777_h357.02762515925_p-45.jpg,1,0.6571304
imgs\img_83_lat-7.0633_lon-34.8452_h257.2916729204304_p-45.jpg,1,0.65922785
imgs\img_932_lat-23.5598_lon-46.5972_h236.07834220242336_p-45.jpg,1,0.65923387
imgs\img_129_lat-23.5910_lon-46.6978_h36.13065614915395_p-45.jpg,1,0.65933996
imgs\img_107_lat-19.9700_lon-43.9746_h42.35327124990837_p-45.jpg,1,0.65937287
imgs\img_23_lat-7.1142_lon-34.8250_h280.65484414059614_p-45.jpg,1,0.6593843
imgs\img_292_lat-19.9348_lon-43.9375_h75.24871869859646_p-45.jpg,1,0.6597346
imgs\img_8_lat-19.9770_lon-43.9657_h332.65067717006013_p-45.jpg,1,0.66008
imgs\img_993_lat-23.5684_lon-46.5950_h287.3053717604482_p-45.jpg,1,0.6601618
imgs\img_95_lat-19.9760_lon-43.9695_h156.42051939746443_p-45.jpg,1,0.6607535
imgs\img_155_lat-19.9354_lon-43.9293_h195.91500300185592_p-45.jpg,1,0.6617733
imgs\img_431_lat-23.5964_lon-46.6785_h340.76681084503946_p-45.jpg,1,0.6619899
imgs\img_806_lat-23.5766_lon-46.5918_h54.133842495492445_p-45.jpg,1,0.6620647
imgs\img_1045_lat-20.3466_lon-40.2857_h278.6496580221998_p-45.jpg,1,0.6629953
imgs\img_392_lat-23.6056_lon-46.6573_h311.1632470663213_p-45.jpg,1,0.6632453
imgs\img_730_lat-23.5614_lon-46.5911_h295.7259593385054_p-45.jpg,1,0.6645842
imgs\img_778_lat-23.5736_lon-46.5836_h22.825364377521623_p-45.jpg,1,0.6646077
imgs\img_44_lat-23.6120_lon-46.7116_h348.9637191205426_p-45.jpg,1,0.6647991
imgs\img_276_lat-7.1586_lon-34.7960_h270_p-45.jpg,1,0.66539705
imgs\img_273_lat-19.9317_lon-43.9324_h14.794459580497248_p-45.jpg,1,0.6655614
imgs\img_874_lat-23.5568_lon-46.5982_h303.0229083898726_p-45.jpg,1,0.66718733
imgs\img_143_lat-23.3704_lon-51.9632_h270_p-45.jpg,1,0.6681952
imgs\img_40_lat-19.9762_lon-43.9615_h283.69819745580253_p-45.jpg,1,0.66829854
imgs\img_737_lat-23.5558_lon-46.5922_h205.8813568451145_p-45.jpg,1,0.668647
imgs\img_74_lat-19.9756_lon-43.9601_h143.679144302006_p-45.jpg,1,0.6686682
imgs\img_208_lat-19.9323_lon-43.9326_h54.226615359216225_p-45.jpg,1,0.66907716
imgs\img_174_lat-23.5868_lon-46.7118_h200.06625657811637_p-45.jpg,1,0.6693574
imgs\img_602_lat-23.5614_lon-46.5911_h295.7266589487134_p-45.jpg,1,0.66989195
imgs\img_992_lat-23.5731_lon-46.5834_h24.21739631793639_p-45.jpg,1,0.67045236
imgs\img_42_lat-7.0627_lon-34.8427_h254.29163291786108_p-45.jpg,1,0.6705918
imgs\img_340_lat-19.9612_lon-43.9976_h179.57259538268_p-45.jpg,1,0.67113405
imgs\img_327_lat-19.9547_lon-43.9861_h20.406198061951386_p-45.jpg,1,0.6718098
imgs\img_390_lat-19.9586_lon-43.9957_h301.9392173552615_p-45.jpg,1,0.6723963
imgs\img_132_lat-19.9756_lon-43.9601_h143.67868788353888_p-45.jpg,1,0.6725842
imgs\img_892_lat-23.5695_lon-46.5908_h95.82171458267902_p-45.jpg,1,0.673163
imgs\img_36_lat-23.4635_lon-51.9122_h270_p-45.jpg,1,0.67316747
imgs\img_1124_lat-20.3473_lon-40.2919_h101.32359839248367_p-45.jpg,1,0.67368346
imgs\img_1_lat-23.6042_lon-46.7192_h62.98780865625639_p-45.jpg,1,0.6743627
imgs\img_1121_lat-20.3504_lon-40.2905_h101.40231787418668_p-45.jpg,1,0.67515206
imgs\img_711_lat-23.5809_lon-46.5891_h168.29504887691218_p-45.jpg,1,0.67575836
imgs\img_890_lat-23.5809_lon-46.5891_h168.29503839546578_p-45.jpg,1,0.67575836
imgs\img_30_lat-7.1124_lon-34.8267_h333.3383069725865_p-45.jpg,1,0.678258
imgs\img_440_lat-23.5943_lon-46.6747_h343.4274025633759_p-45.jpg,1,0.67830616
imgs\img_171_lat-19.9318_lon-43.9351_h12.957451260336777_p-45.jpg,1,0.68035614
imgs\img_87_lat-7.1100_lon-34.8238_h312.65833751776387_p-45.jpg,1,0.68036366
imgs\img_57_lat-7.1202_lon-34.8248_h7.228465802305209_p-45.jpg,1,0.68076056
imgs\img_237_lat-19.9343_lon-43.9373_h194.24927321039243_p-45.jpg,1,0.6813046
imgs\img_348_lat-23.6023_lon-46.6534_h220.88720844037005_p-45.jpg,1,0.68282455
imgs\img_151_lat-19.9371_lon-43.9291_h103.68200733763258_p-45.jpg,1,0.683026
imgs\img_75_lat-7.1183_lon-34.8299_h178.65945662333087_p-45.jpg,1,0.6831041
imgs\img_800_lat-23.5514_lon-46.5924_h222.0847144110043_p-45.jpg,1,0.68375176
imgs\img_932_lat-23.5598_lon-46.5972_h56.07834220242336_p-45.jpg,1,0.68469965
imgs\img_313_lat-23.6101_lon-46.6569_h130.79508521938362_p-45.jpg,1,0.6849285
imgs\img_1066_lat-20.3471_lon-40.2932_h280.5716042616156_p-45.jpg,1,0.68515545
imgs\img_472_lat-23.5903_lon-46.6825_h343.3705783850436_p-45.jpg,1,0.685328
imgs\img_49_lat-7.1443_lon-34.8139_h307.4447196099518_p-45.jpg,1,0.68623334
imgs\img_211_lat-19.9377_lon-43.9347_h59.43960581435285_p-45.jpg,1,0.68631876
imgs\img_116_lat-19.9773_lon-43.9694_h241.25826979442974_p-45.jpg,1,0.6872886
imgs\img_1110_lat-20.3440_lon-40.2914_h331.40296948799084_p-45.jpg,1,0.6875476
imgs\img_199_lat-19.9371_lon-43.9291_h103.68156926958909_p-45.jpg,1,0.6876174
imgs\img_1052_lat-20.3503_lon-40.2911_h278.1996577089338_p-45.jpg,1,0.6876224
imgs\img_195_lat-19.9384_lon-43.9294_h104.00432989704643_p-45.jpg,1,0.6882328
imgs\img_173_lat-23.5907_lon-46.7209_h62.99650384950287_p-45.jpg,1,0.6882329
imgs\img_778_lat-23.5736_lon-46.5836_h202.8253643775216_p-45.jpg,1,0.68845177
imgs\img_191_lat-19.9355_lon-43.9307_h58.02153107403926_p-45.jpg,1,0.6884689
imgs\img_16_lat-7.1159_lon-34.8263_h103.1409097406945_p-45.jpg,1,0.68896234
imgs\img_166_lat-19.9312_lon-43.9318_h282.87700650764884_p-45.jpg,1,0.6889812
imgs\img_270_lat-19.9359_lon-43.9343_h284.02248152600305_p-45.jpg,1,0.6891708
imgs\img_36_lat-7.1162_lon-34.8296_h12.408511623915047_p-45.jpg,1,0.6904675
imgs\img_526_lat-23.5870_lon-46.6727_h162.43523369396922_p-45.jpg,1,0.6909903
imgs\img_975_lat-23.5625_lon-46.5912_h296.46780670827246_p-45.jpg,1,0.69117093
imgs\img_975_lat-23.5625_lon-46.5912_h116.46780670827248_p-45.jpg,1,0.69173956
imgs\img_677_lat-23.5736_lon-46.5836_h202.82551519012875_p-45.jpg,1,0.6918175
imgs\img_160_lat-23.6115_lon-46.7171_h273.899295465866_p-45.jpg,1,0.6918552
imgs\img_881_lat-23.5610_lon-46.5894_h116.54382197053269_p-45.jpg,1,0.6919051
imgs\img_293_lat-19.9331_lon-43.9377_h195.08916767679915_p-45.jpg,1,0.6921107
imgs\img_151_lat-23.5894_lon-46.7137_h151.1696591713682_p-45.jpg,1,0.69242394
imgs\img_232_lat-19.9371_lon-43.9347_h284.2745011729511_p-45.jpg,1,0.69260025
imgs\img_365_lat-23.5962_lon-46.6699_h6.816689140685355_p-45.jpg,1,0.69316214
imgs\img_486_lat-23.6238_lon-46.6903_h296.47151994169184_p-45.jpg,1,0.69350564
imgs\img_808_lat-23.5547_lon-46.5872_h42.4899790738466_p-45.jpg,1,0.6938646
imgs\img_98_lat-7.1162_lon-34.8296_h12.408566639987887_p-45.jpg,1,0.69406515
imgs\img_23_lat-23.3990_lon-51.9225_h270_p-45.jpg,1,0.6950351
imgs\img_1045_lat-20.3466_lon-40.2857_h98.64965802219979_p-45.jpg,1,0.6956388
imgs\img_143_lat-23.3704_lon-51.9632_h90_p-45.jpg,1,0.69568616
imgs\img_916_lat-23.5731_lon-46.5854_h45.75099805530192_p-45.jpg,1,0.69571483
imgs\img_965_lat-23.5689_lon-46.5960_h125.0509950798566_p-45.jpg,1,0.6959036
imgs\img_756_lat-23.5533_lon-46.6026_h184.86511225665652_p-45.jpg,1,0.6975502
imgs\img_193_lat-19.9389_lon-43.9289_h195.06081784722608_p-45.jpg,1,0.69763005
imgs\img_724_lat-23.5729_lon-46.5854_h135.9601000751154_p-45.jpg,1,0.6979267
imgs\img_92_lat-19.9794_lon-43.9730_h19.225944371618994_p-45.jpg,1,0.69835305
imgs\img_303_lat-19.9683_lon-43.9930_h57.124742082200896_p-45.jpg,1,0.70006305
imgs\img_458_lat-23.5930_lon-46.6891_h8.40119643068841_p-45.jpg,1,0.7009558
imgs\img_168_lat-19.9378_lon-43.9327_h14.322129178445266_p-45.jpg,1,0.7009966
imgs\img_39_lat-7.1118_lon-34.8247_h236.05737461844947_p-45.jpg,1,0.70171535
imgs\img_25_lat-23.5775_lon-46.7039_h316.4921390960361_p-45.jpg,1,0.7023463
imgs\img_255_lat-19.9323_lon-43.9326_h328.32798535081287_p-45.jpg,1,0.70324093
imgs\img_265_lat-7.1763_lon-34.8846_h90_p-45.jpg,1,0.7033252
imgs\img_895_lat-23.5740_lon-46.5862_h319.19477784436856_p-45.jpg,1,0.70385474
imgs\img_174_lat-23.5868_lon-46.7118_h20.066256578116395_p-45.jpg,1,0.7044388
imgs\img_25_lat-7.1044_lon-34.8414_h90_p-45.jpg,1,0.70449626
imgs\img_775_lat-23.5732_lon-46.5917_h262.6238460585986_p-45.jpg,1,0.70468783
imgs\img_971_lat-23.5732_lon-46.5917_h262.6238460585986_p-45.jpg,1,0.70468783
imgs\img_643_lat-23.5506_lon-46.5917_h222.33553952453096_p-45.jpg,1,0.7050494
imgs\img_880_lat-23.5781_lon-46.5894_h148.61527908042746_p-45.jpg,1,0.7065846
imgs\img_68_lat-7.1317_lon-34.8234_h73.34527274752769_p-45.jpg,1,0.7070364
imgs\img_77_lat-23.6130_lon-46.7088_h243.97807572057505_p-45.jpg,1,0.70716614
imgs\img_217_lat-23.4669_lon-51.9124_h270_p-45.jpg,1,0.7072584
imgs\img_266_lat-23.6148_lon-46.6614_h311.11383251164324_p-45.jpg,1,0.70826185
imgs\img_179_lat-23.5930_lon-46.7009_h52.42439210808129_p-45.jpg,1,0.7096715
imgs\img_43_lat-19.9776_lon-43.9669_h154.5896402631165_p-45.jpg,1,0.7100623
imgs\img_578_lat-23.5956_lon-46.6778_h253.5262206416621_p-45.jpg,1,0.7112043
imgs\img_200_lat-19.9309_lon-43.9336_h181.48762147885185_p-45.jpg,1,0.7112222
imgs\img_354_lat-19.9517_lon-43.9851_h197.24590492405636_p-45.jpg,1,0.7114617
imgs\img_40_lat-19.9762_lon-43.9615_h103.69819745580253_p-45.jpg,1,0.71153086
imgs\img_267_lat-19.9389_lon-43.9289_h195.06073637802552_p-45.jpg,1,0.71259874
imgs\img_82_lat-7.0700_lon-34.8393_h345.17549424386846_p-45.jpg,1,0.7129475
imgs\img_260_lat-19.9337_lon-43.9394_h210.4617047083069_p-45.jpg,1,0.71305525
imgs\img_2_lat-7.1267_lon-34.8264_h262.82002539387963_p-45.jpg,1,0.71378493
imgs\img_428_lat-23.5811_lon-46.6800_h142.01168730338185_p-45.jpg,1,0.7138235
imgs\img_445_lat-19.9517_lon-43.9851_h197.24597197534482_p-45.jpg,1,0.7142358
imgs\img_962_lat-23.5723_lon-46.5908_h212.96036729510791_p-45.jpg,1,0.71438056
imgs\img_949_lat-23.5558_lon-46.6077_h7.362068796414405_p-45.jpg,1,0.71480334
imgs\img_275_lat-19.9398_lon-43.9332_h265.26091532354553_p-45.jpg,1,0.71497905
imgs\img_596_lat-23.6149_lon-46.6820_h132.1902219046205_p-45.jpg,1,0.7151143
imgs\img_119_lat-19.9793_lon-43.9701_h144.59459421969714_p-45.jpg,1,0.7152789
imgs\img_1121_lat-20.3504_lon-40.2905_h281.4023178741867_p-45.jpg,1,0.71567816
imgs\img_54_lat-19.9762_lon-43.9710_h80.90023774828019_p-45.jpg,1,0.71573776
imgs\img_4_lat-7.1168_lon-34.8270_h12.84779438493872_p-45.jpg,1,0.71665186
imgs\img_14_lat-19.9789_lon-43.9743_h110.67668118203397_p-45.jpg,1,0.71702754
imgs\img_297_lat-19.9333_lon-43.9299_h152.03712871144165_p-45.jpg,1,0.7179946
imgs\img_1024_lat-20.3550_lon-40.2902_h100.0865506967215_p-45.jpg,1,0.7185706
imgs\img_14_lat-19.9789_lon-43.9743_h290.676681182034_p-45.jpg,1,0.7187367
imgs\img_166_lat-19.9312_lon-43.9318_h102.87700650764884_p-45.jpg,1,0.71907234
imgs\img_131_lat-23.5868_lon-46.7069_h286.0429209914262_p-45.jpg,1,0.7191091
imgs\img_50_lat-23.6068_lon-46.7181_h272.7179790705138_p-45.jpg,1,0.71994895
imgs\img_97_lat-7.1300_lon-34.8239_h251.62030267898928_p-45.jpg,1,0.7209041
imgs\img_1068_lat-20.3564_lon-40.2943_h309.5276877394658_p-45.jpg,1,0.72259057
imgs\img_1081_lat-20.3554_lon-40.2877_h280.2875134849832_p-45.jpg,1,0.722711
imgs\img_300_lat-19.9577_lon-43.9911_h326.6216102117858_p-45.jpg,1,0.7227897
imgs\img_56_lat-19.9695_lon-43.9721_h210.42963989026265_p-45.jpg,1,0.7228406
imgs\img_684_lat-23.5732_lon-46.5917_h262.62368461050966_p-45.jpg,1,0.72303116
imgs\img_15_lat-7.1212_lon-34.8268_h185.96616028456776_p-45.jpg,1,0.723421
imgs\img_33_lat-7.1317_lon-34.8234_h73.3452016463624_p-45.jpg,1,0.7238534
imgs\img_54_lat-7.1133_lon-34.8238_h174.13285101074857_p-45.jpg,1,0.72424084
imgs\img_90_lat-23.6068_lon-46.7181_h272.71781243973_p-45.jpg,1,0.72448987
imgs\img_361_lat-23.6123_lon-46.6688_h41.04273287824719_p-45.jpg,1,0.72461313
imgs\img_1131_lat-20.3540_lon-40.2944_h219.2508011096888_p-45.jpg,1,0.724807
imgs\img_806_lat-23.5766_lon-46.5918_h234.13384249549247_p-45.jpg,1,0.72530866
imgs\img_19_lat-7.1115_lon-34.8243_h235.9938925926144_p-45.jpg,1,0.7256879
imgs\img_329_lat-19.9505_lon-43.9851_h343.7313910051514_p-45.jpg,1,0.72584856
imgs\img_996_lat-23.5584_lon-46.5955_h135.96814684206515_p-45.jpg,1,0.7261179
imgs\img_318_lat-19.9587_lon-43.9952_h241.08773691864852_p-45.jpg,1,0.7270108
imgs\img_131_lat-23.5868_lon-46.7069_h106.04292099142617_p-45.jpg,1,0.72726446
imgs\img_170_lat-23.5858_lon-46.7062_h62.38412259932227_p-45.jpg,1,0.7277309
imgs\img_302_lat-23.5852_lon-46.6701_h156.97946978880785_p-45.jpg,1,0.7277852
imgs\img_1102_lat-20.3564_lon-40.2943_h309.5277713303273_p-45.jpg,1,0.72792387
imgs\img_416_lat-23.5914_lon-46.6770_h156.38159886186668_p-45.jpg,1,0.72851795
imgs\img_275_lat-19.9398_lon-43.9332_h85.26091532354553_p-45.jpg,1,0.7292669
imgs\img_95_lat-7.1132_lon-34.8269_h70.90912745683397_p-45.jpg,1,0.7299263
imgs\img_31_lat-23.4654_lon-51.9571_h270_p-45.jpg,1,0.73014635
imgs\img_158_lat-19.9308_lon-43.9322_h14.499046697195553_p-45.jpg,1,0.73087287
imgs\img_22_lat-19.9716_lon-43.9715_h80.51267637545737_p-45.jpg,1,0.7322453
imgs\img_251_lat-19.9308_lon-43.9322_h14.498990417003824_p-45.jpg,1,0.7323011
imgs\img_16_lat-7.1385_lon-34.8195_h322.85211200408_p-45.jpg,1,0.7325304
imgs\img_63_lat-7.1385_lon-34.8195_h322.85221793005917_p-45.jpg,1,0.73310006
imgs\img_1119_lat-20.3453_lon-40.2908_h184.2697378706619_p-45.jpg,1,0.73331153
imgs\img_405_lat-23.6016_lon-46.6841_h131.4062808729132_p-45.jpg,1,0.733333
imgs\img_57_lat-7.1110_lon-34.8258_h242.87267841054543_p-45.jpg,1,0.7339672
imgs\img_28_lat-7.0630_lon-34.8438_h255.5017172587717_p-45.jpg,1,0.73397976
imgs\img_872_lat-23.5765_lon-46.5956_h157.76537507190915_p-45.jpg,1,0.7339817
imgs\img_66_lat-23.5848_lon-46.7018_h4.632819633861118_p-45.jpg,1,0.7340928
imgs\img_100_lat-7.1149_lon-34.8307_h101.87817309240148_p-45.jpg,1,0.73414475
imgs\img_4_lat-23.4218_lon-51.8879_h90_p-45.jpg,1,0.73416406
imgs\img_287_lat-23.3823_lon-51.9235_h270_p-45.jpg,1,0.7341703
imgs\img_389_lat-23.6139_lon-46.6591_h131.1243554650669_p-45.jpg,1,0.7342516
imgs\img_154_lat-23.6146_lon-46.7123_h120.36993860106207_p-45.jpg,1,0.73524535
imgs\img_1110_lat-20.3440_lon-40.2914_h151.40296948799084_p-45.jpg,1,0.7357449
imgs\img_309_lat-19.9656_lon-43.9940_h65.63379120739256_p-45.jpg,1,0.73641557
imgs\img_1067_lat-20.3463_lon-40.2905_h16.98319605130453_p-45.jpg,1,0.7364753
imgs\img_25_lat-23.5775_lon-46.7039_h136.4921390960361_p-45.jpg,1,0.7373454
imgs\img_24_lat-23.5984_lon-46.7146_h89.09015676974285_p-45.jpg,1,0.73866606
imgs\img_754_lat-23.5465_lon-46.5978_h249.89180745561765_p-45.jpg,1,0.7388387
imgs\img_6_lat-19.9696_lon-43.9737_h84.44125308147174_p-45.jpg,1,0.738948
imgs\img_572_lat-23.6067_lon-46.6921_h18.002583467623477_p-45.jpg,1,0.7390296
imgs\img_276_lat-23.4117_lon-51.8846_h270_p-45.jpg,1,0.7391295
imgs\img_444_lat-23.6160_lon-46.6918_h127.26432383853341_p-45.jpg,1,0.73917025
imgs\img_1115_lat-20.3553_lon-40.2916_h25.523196250984505_p-45.jpg,1,0.7396866
imgs\img_642_lat-23.5756_lon-46.5870_h208.96024885773315_p-45.jpg,1,0.7403384
imgs\img_296_lat-19.9333_lon-43.9314_h15.011411818606007_p-45.jpg,1,0.74083614
imgs\img_265_lat-23.4024_lon-51.9101_h90_p-45.jpg,1,0.7408952
imgs\img_42_lat-19.9765_lon-43.9765_h138.15580094333183_p-45.jpg,1,0.7421135
imgs\img_27_lat-19.9705_lon-43.9746_h88.763747846052_p-45.jpg,1,0.74296093
imgs\img_98_lat-19.9722_lon-43.9759_h73.92571787418763_p-45.jpg,1,0.74296117
imgs\img_50_lat-23.4049_lon-51.9514_h270_p-45.jpg,1,0.74312025
imgs\img_109_lat-23.4151_lon-51.9559_h270_p-45.jpg,1,0.74381787
imgs\img_534_lat-23.5814_lon-46.6843_h151.7790930117784_p-45.jpg,1,0.7445889
imgs\img_1010_lat-20.3465_lon-40.2883_h238.3015213745425_p-45.jpg,1,0.74475783
imgs\img_28_lat-7.0630_lon-34.8438_h75.50171725877169_p-45.jpg,1,0.7459749
imgs\img_25_lat-7.1044_lon-34.8414_h270_p-45.jpg,1,0.74640137
imgs\img_1088_lat-20.3507_lon-40.2933_h100.8978111193738_p-45.jpg,1,0.74685895
imgs\img_90_lat-23.6068_lon-46.7181_h92.71781243972998_p-45.jpg,1,0.7469596
imgs\img_501_lat-23.5816_lon-46.6847_h43.36170030745675_p-45.jpg,1,0.7472061
imgs\img_292_lat-23.6028_lon-46.6591_h131.21755630645657_p-45.jpg,1,0.7475555
imgs\img_1081_lat-20.3554_lon-40.2877_h100.28751348498321_p-45.jpg,1,0.74815094
imgs\img_50_lat-23.6068_lon-46.7181_h92.7179790705138_p-45.jpg,1,0.7488618
imgs\img_1013_lat-20.3463_lon-40.2878_h279.35991192478565_p-45.jpg,1,0.74895126
imgs\img_258_lat-19.9359_lon-43.9314_h59.42117138957894_p-45.jpg,1,0.74946207
imgs\img_53_lat-7.1429_lon-34.8147_h229.36243001724637_p-45.jpg,1,0.7495306
imgs\img_1090_lat-20.3504_lon-40.2905_h281.40255824688467_p-45.jpg,1,0.74972206
imgs\img_10_lat-19.9712_lon-43.9737_h153.90529379594852_p-45.jpg,1,0.7516356
imgs\img_158_lat-19.9308_lon-43.9322_h194.49904669719555_p-45.jpg,1,0.75174105
imgs\img_526_lat-23.5870_lon-46.6727_h342.4352336939692_p-45.jpg,1,0.7518542
imgs\img_695_lat-23.5769_lon-46.5856_h210.3901949755929_p-45.jpg,1,0.75199664
imgs\img_73_lat-19.9722_lon-43.9759_h73.92576668277682_p-45.jpg,1,0.75214183
imgs\img_429_lat-23.5918_lon-46.6786_h163.5506947840829_p-45.jpg,1,0.75220275
imgs\img_127_lat-7.1042_lon-34.8299_h346_p-45.jpg,1,0.75223833
imgs\img_501_lat-23.5816_lon-46.6847_h223.36170030745674_p-45.jpg,1,0.7522755
imgs\img_1014_lat-20.3567_lon-40.2939_h310.19913724288017_p-45.jpg,1,0.75230545
imgs\img_43_lat-7.0618_lon-34.8420_h158.08915788753438_p-45.jpg,1,0.7533755
imgs\img_135_lat-19.9696_lon-43.9737_h84.44097306741281_p-45.jpg,1,0.753443
imgs\img_379_lat-19.9642_lon-43.9940_h72.0172118106716_p-45.jpg,1,0.7542058
imgs\img_102_lat-7.0723_lon-34.8414_h256.02913164851213_p-45.jpg,1,0.75442904
imgs\img_14_lat-7.1403_lon-34.8163_h319.31902513005946_p-45.jpg,1,0.7548035
imgs\img_556_lat-23.6173_lon-46.6845_h310.84601827293653_p-45.jpg,1,0.75552005
imgs\img_38_lat-7.0736_lon-34.8441_h255.7861748539584_p-45.jpg,1,0.75568116
imgs\img_828_lat-23.5714_lon-46.5856_h294.51389121069053_p-45.jpg,1,0.7557818
imgs\img_90_lat-19.9705_lon-43.9746_h88.76351717223247_p-45.jpg,1,0.7565511
imgs\img_136_lat-7.0677_lon-34.8441_h165.66415251205743_p-45.jpg,1,0.7569126
imgs\img_266_lat-23.6148_lon-46.6614_h131.11383251164324_p-45.jpg,1,0.75726914
imgs\img_412_lat-19.9543_lon-43.9860_h195.6740459662372_p-45.jpg,1,0.757848
imgs\img_122_lat-7.0677_lon-34.8441_h165.664130918286_p-45.jpg,1,0.7588195
imgs\img_85_lat-7.1288_lon-34.8237_h74.58898593391663_p-45.jpg,1,0.7590976
imgs\img_0_lat-7.0599_lon-34.8467_h346.78868140219936_p-45.jpg,1,0.75944895
imgs\img_316_lat-23.5957_lon-46.6671_h97.32315463677828_p-45.jpg,1,0.759755
imgs\img_8_lat-7.0977_lon-34.8419_h90_p-45.jpg,1,0.7605342
imgs\img_716_lat-23.5516_lon-46.6085_h325.2508227929178_p-45.jpg,1,0.7609208
imgs\img_87_lat-7.1100_lon-34.8238_h132.65833751776387_p-45.jpg,1,0.7611341
imgs\img_126_lat-23.6072_lon-46.7053_h224.0212585415069_p-45.jpg,1,0.76149386
imgs\img_1156_lat-20.3464_lon-40.2872_h98.35263288609525_p-45.jpg,1,0.7625003
imgs\img_220_lat-19.9310_lon-43.9327_h105.54834982188456_p-45.jpg,1,0.7628548
imgs\img_329_lat-19.9505_lon-43.9851_h163.7313910051514_p-45.jpg,1,0.7633874
imgs\img_285_lat-19.9347_lon-43.9378_h149.81153232636606_p-45.jpg,1,0.7633898
imgs\img_157_lat-23.6119_lon-46.7231_h46.287668410213314_p-45.jpg,1,0.7637502
imgs\img_65_lat-7.1113_lon-34.8239_h249.05028393090447_p-45.jpg,1,0.76415837
imgs\img_412_lat-19.9543_lon-43.9860_h15.674045966237191_p-45.jpg,1,0.76429945
imgs\img_32_lat-23.4415_lon-51.9518_h270_p-45.jpg,1,0.76456714
imgs\img_313_lat-23.6101_lon-46.6569_h310.7950852193836_p-45.jpg,1,0.76521224
imgs\img_871_lat-23.5723_lon-46.5831_h16.09945947095281_p-45.jpg,1,0.76529354
imgs\img_98_lat-23.6059_lon-46.7160_h90_p-45.jpg,1,0.7655505
imgs\img_418_lat-23.6000_lon-46.6874_h131.24261790097796_p-45.jpg,1,0.7656497
imgs\img_707_lat-23.5519_lon-46.5993_h295.70919403799246_p-45.jpg,1,0.76574045
imgs\img_310_lat-19.9642_lon-43.9940_h72.01734957949479_p-45.jpg,1,0.76645094
imgs\img_621_lat-23.5737_lon-46.5865_h316.9336691930788_p-45.jpg,1,0.7668867
imgs\img_251_lat-19.9308_lon-43.9322_h194.49899041700385_p-45.jpg,1,0.76731837
imgs\img_237_lat-23.5847_lon-46.6649_h57.7801386892188_p-45.jpg,1,0.76811695
imgs\img_1009_lat-20.3429_lon-40.2918_h343.13345822288005_p-45.jpg,1,0.76831925
imgs\img_1187_lat-20.3485_lon-40.2853_h100.62136147261124_p-45.jpg,1,0.7686657
imgs\img_637_lat-23.5474_lon-46.6013_h238.93475135665292_p-45.jpg,1,0.7688024
imgs\img_18_lat-7.1151_lon-34.8298_h103.03334804120539_p-45.jpg,1,0.7693568
imgs\img_551_lat-23.5882_lon-46.6753_h39.45333178491183_p-45.jpg,1,0.7694031
imgs\img_110_lat-23.5969_lon-46.7178_h151.5821627543632_p-45.jpg,1,0.76962197
imgs\img_108_lat-23.5831_lon-46.7058_h181.1209184779406_p-45.jpg,1,0.76980793
imgs\img_395_lat-19.9635_lon-43.9948_h253.43424397724849_p-45.jpg,1,0.76998657
imgs\img_216_lat-19.9318_lon-43.9352_h238.6262286168324_p-45.jpg,1,0.77089137
imgs\img_231_lat-19.9351_lon-43.9374_h326.29913196581424_p-45.jpg,1,0.77100503
imgs\img_138_lat-19.9767_lon-43.9675_h110.30356393423426_p-45.jpg,1,0.77111995
imgs\img_525_lat-23.6157_lon-46.6923_h125.48097593070491_p-45.jpg,1,0.7717403
imgs\img_911_lat-23.5588_lon-46.5920_h115.73989627539231_p-45.jpg,1,0.7719558
imgs\img_1052_lat-20.3503_lon-40.2911_h98.19965770893378_p-45.jpg,1,0.77202815
imgs\img_43_lat-7.1147_lon-34.8275_h192.3504199248184_p-45.jpg,1,0.7720833
imgs\img_1100_lat-20.3480_lon-40.2881_h280.42582703733717_p-45.jpg,1,0.7726147
imgs\img_85_lat-7.1288_lon-34.8237_h254.58898593391663_p-45.jpg,1,0.7734312
imgs\img_830_lat-23.5519_lon-46.6094_h239.56499008781816_p-45.jpg,1,0.7736012
imgs\img_97_lat-7.1300_lon-34.8239_h71.62030267898928_p-45.jpg,1,0.7738624
imgs\img_341_lat-23.6118_lon-46.6719_h220.57776654962498_p-45.jpg,1,0.7745771
imgs\img_49_lat-7.1443_lon-34.8139_h127.44471960995179_p-45.jpg,1,0.77535313
imgs\img_430_lat-19.9675_lon-43.9932_h186.53100447070352_p-45.jpg,1,0.77563643
imgs\img_1115_lat-20.3553_lon-40.2916_h205.5231962509845_p-45.jpg,1,0.77606785
imgs\img_318_lat-19.9587_lon-43.9952_h61.08773691864851_p-45.jpg,1,0.7762604
imgs\img_242_lat-19.9333_lon-43.9301_h19.35897274522809_p-45.jpg,1,0.7765647
imgs\img_484_lat-23.6175_lon-46.6877_h126.15058497936207_p-45.jpg,1,0.77773476
imgs\img_266_lat-23.4059_lon-51.9324_h90_p-45.jpg,1,0.77789557
imgs\img_363_lat-19.9672_lon-43.9931_h7.620350250884952_p-45.jpg,1,0.7779263
imgs\img_51_lat-19.9704_lon-43.9735_h263.44635263363017_p-45.jpg,1,0.77806276
imgs\img_127_lat-23.3751_lon-51.9465_h270_p-45.jpg,1,0.7783197
imgs\img_53_lat-7.1156_lon-34.8304_h192.51085131412324_p-45.jpg,1,0.77846026
imgs\img_373_lat-23.5957_lon-46.6671_h97.32297891397866_p-45.jpg,1,0.7798544
imgs\img_324_lat-19.9617_lon-43.9927_h255.44790006420808_p-45.jpg,1,0.7805547
imgs\img_257_lat-19.9390_lon-43.9372_h195.57912026592135_p-45.jpg,1,0.7807629
imgs\img_115_lat-7.0723_lon-34.8414_h256.0293476275024_p-45.jpg,1,0.7812198
imgs\img_2_lat-23.4173_lon-51.9366_h270_p-45.jpg,1,0.78157854
imgs\img_268_lat-19.9337_lon-43.9380_h182.7529049465364_p-45.jpg,1,0.7818261
imgs\img_55_lat-7.1113_lon-34.8239_h249.05034284588257_p-45.jpg,1,0.7821475
imgs\img_586_lat-23.6084_lon-46.6907_h130.70293708342422_p-45.jpg,1,0.7822867
imgs\img_276_lat-23.4117_lon-51.8846_h90_p-45.jpg,1,0.7823545
imgs\img_21_lat-7.1061_lon-34.8372_h90_p-45.jpg,1,0.7823649
imgs\img_72_lat-23.6052_lon-46.7137_h77.32945999330752_p-45.jpg,1,0.7827455
imgs\img_152_lat-19.9349_lon-43.9374_h15.23649731516889_p-45.jpg,1,0.78293794
imgs\img_226_lat-19.9369_lon-43.9276_h149.7631617002372_p-45.jpg,1,0.78318137
imgs\img_180_lat-23.5879_lon-46.7173_h243.61497399926745_p-45.jpg,1,0.7841218
imgs\img_735_lat-23.5530_lon-46.6026_h164.69719175853908_p-45.jpg,1,0.7843024
imgs\img_33_lat-25.5550_lon-49.3307_h270_p-45.jpg,1,0.78480893
imgs\img_79_lat-23.6075_lon-46.7096_h122.7287544653286_p-45.jpg,1,0.7849522
imgs\img_217_lat-23.4669_lon-51.9124_h90_p-45.jpg,1,0.78560174
imgs\img_302_lat-23.5852_lon-46.6701_h336.9794697888078_p-45.jpg,1,0.7860835
imgs\img_29_lat-7.1135_lon-34.8264_h355.37889098432163_p-45.jpg,1,0.7862177
imgs\img_341_lat-23.6118_lon-46.6719_h40.57776654962498_p-45.jpg,1,0.7863466
imgs\img_270_lat-19.9359_lon-43.9343_h104.02248152600308_p-45.jpg,1,0.7863689
imgs\img_278_lat-23.6059_lon-46.6699_h220.84506533699192_p-45.jpg,1,0.78653485
imgs\img_31_lat-23.4654_lon-51.9571_h90_p-45.jpg,1,0.78666234
imgs\img_995_lat-23.5650_lon-46.5910_h119.5070909012228_p-45.jpg,1,0.787084
imgs\img_981_lat-23.5566_lon-46.6044_h187.414003185619_p-45.jpg,1,0.7877264
imgs\img_7_lat-19.9730_lon-43.9680_h283.9242939048121_p-45.jpg,1,0.7880993
imgs\img_435_lat-19.9551_lon-43.9863_h39.97558622352915_p-45.jpg,1,0.78892404
imgs\img_195_lat-19.9384_lon-43.9294_h284.00432989704643_p-45.jpg,1,0.790313
imgs\img_874_lat-23.5568_lon-46.5982_h123.0229083898726_p-45.jpg,1,0.79050976
imgs\img_242_lat-19.9333_lon-43.9301_h199.3589727452281_p-45.jpg,1,0.7906648
imgs\img_136_lat-23.3898_lon-52.0267_h270_p-45.jpg,1,0.7906742
imgs\img_740_lat-23.5541_lon-46.6044_h96.37962598365137_p-45.jpg,1,0.79136324
imgs\img_810_lat-23.5541_lon-46.6044_h96.37962598365137_p-45.jpg,1,0.79136324
imgs\img_386_lat-19.9547_lon-43.9860_h197.16383169605692_p-45.jpg,1,0.79156107
imgs\img_173_lat-23.5907_lon-46.7209_h242.99650384950286_p-45.jpg,1,0.79160094
imgs\img_821_lat-23.5753_lon-46.5869_h204.63655082551384_p-45.jpg,1,0.7918837
imgs\img_811_lat-23.5615_lon-46.5956_h165.23736571644756_p-45.jpg,1,0.7920055
imgs\img_87_lat-7.1227_lon-34.8250_h357.170623528746_p-45.jpg,1,0.7921826
imgs\img_399_lat-23.6076_lon-46.6644_h220.94780633330458_p-45.jpg,1,0.79241145
imgs\img_335_lat-19.9544_lon-43.9859_h194.73047056329247_p-45.jpg,1,0.79270005
imgs\img_43_lat-7.1147_lon-34.8275_h12.350419924818425_p-45.jpg,1,0.7927433
imgs\img_1067_lat-20.3463_lon-40.2905_h196.98319605130453_p-45.jpg,1,0.79287416
imgs\img_1101_lat-20.3554_lon-40.2916_h169.28309330260856_p-45.jpg,1,0.7934319
imgs\img_771_lat-23.5549_lon-46.6068_h95.74368492109875_p-45.jpg,1,0.7936918
imgs\img_217_lat-19.9365_lon-43.9338_h185.48807557336525_p-45.jpg,1,0.793842
imgs\img_363_lat-19.9672_lon-43.9931_h187.62035025088494_p-45.jpg,1,0.79426575
imgs\img_559_lat-23.5946_lon-46.6739_h73.31129116680586_p-45.jpg,1,0.794364
imgs\img_178_lat-19.9372_lon-43.9342_h346.07245867197287_p-45.jpg,1,0.79456836
imgs\img_115_lat-19.9756_lon-43.9745_h89.44935011172402_p-45.jpg,1,0.7948222
imgs\img_168_lat-23.6084_lon-46.7163_h200.1638519289244_p-45.jpg,1,0.79582125
imgs\img_220_lat-19.9310_lon-43.9327_h285.5483498218846_p-45.jpg,1,0.79645896
imgs\img_321_lat-23.5766_lon-46.6561_h41.43151775608023_p-45.jpg,1,0.7966566
imgs\img_256_lat-19.9391_lon-43.9316_h169.6917023998085_p-45.jpg,1,0.7967705
imgs\img_261_lat-19.9390_lon-43.9370_h59.71853821159841_p-45.jpg,1,0.7978769
imgs\img_758_lat-23.5546_lon-46.5915_h212.34035492574736_p-45.jpg,1,0.79883283
imgs\img_313_lat-19.9621_lon-43.9942_h74.15398642647412_p-45.jpg,1,0.7990483
imgs\img_228_lat-19.9353_lon-43.9314_h103.92390868935087_p-45.jpg,1,0.79912066
imgs\img_109_lat-23.4151_lon-51.9559_h90_p-45.jpg,1,0.7992148
imgs\img_85_lat-7.0710_lon-34.8364_h75.14870177043632_p-45.jpg,1,0.80017066
imgs\img_77_lat-19.9837_lon-43.9781_h221.93734796627763_p-45.jpg,1,0.8005903
imgs\img_74_lat-19.9756_lon-43.9601_h323.67914430200597_p-45.jpg,1,0.8007167
imgs\img_1132_lat-20.3551_lon-40.2913_h55.94383180111049_p-45.jpg,1,0.80090564
imgs\img_1114_lat-20.3459_lon-40.2900_h98.23654721764376_p-45.jpg,1,0.8009779
imgs\img_229_lat-19.9364_lon-43.9322_h57.81078650618819_p-45.jpg,1,0.80127674
imgs\img_685_lat-23.5671_lon-46.5948_h330.84382921055874_p-45.jpg,1,0.8014175
imgs\img_839_lat-23.5671_lon-46.5948_h330.84382921055874_p-45.jpg,1,0.8014175
imgs\img_102_lat-23.6050_lon-46.7085_h64.1854394510483_p-45.jpg,1,0.80158526
imgs\img_464_lat-23.6109_lon-46.6858_h131.12751483857613_p-45.jpg,1,0.8020213
imgs\img_10_lat-7.1161_lon-34.8254_h102.71377537130212_p-45.jpg,1,0.80352724
imgs\img_17_lat-23.6136_lon-46.7100_h97.02032471155792_p-45.jpg,1,0.80360186
imgs\img_1065_lat-20.3459_lon-40.2900_h98.23679442390372_p-45.jpg,1,0.80390465
imgs\img_456_lat-23.6022_lon-46.6871_h219.13064273639236_p-45.jpg,1,0.8039351
imgs\img_58_lat-7.1130_lon-34.8297_h157.41770397470577_p-45.jpg,1,0.8042508
imgs\img_856_lat-23.5721_lon-46.5906_h314.39926009693266_p-45.jpg,1,0.80534464
imgs\img_924_lat-23.5534_lon-46.5859_h42.49790578629563_p-45.jpg,1,0.8055062
imgs\img_374_lat-23.5869_lon-46.6649_h252.59463648959596_p-45.jpg,1,0.805631
imgs\img_853_lat-23.5800_lon-46.5903_h340.93111841627956_p-45.jpg,1,0.8059327
imgs\img_718_lat-23.5541_lon-46.5873_h311.2425454236297_p-45.jpg,1,0.80610234
imgs\img_426_lat-19.9638_lon-43.9931_h18.616264352696817_p-45.jpg,1,0.80970925
imgs\img_291_lat-19.9327_lon-43.9313_h103.0357896117106_p-45.jpg,1,0.8097119
imgs\img_429_lat-23.5918_lon-46.6786_h343.5506947840829_p-45.jpg,1,0.8103192
imgs\img_127_lat-19.9840_lon-43.9778_h52.7897403268198_p-45.jpg,1,0.8106635
imgs\img_16_lat-23.6110_lon-46.7154_h209.5052714830279_p-45.jpg,1,0.8108275
imgs\img_47_lat-7.0674_lon-34.8445_h255.24349169898488_p-45.jpg,1,0.81103444
imgs\img_95_lat-19.9760_lon-43.9695_h336.4205193974645_p-45.jpg,1,0.8113114
imgs\img_107_lat-19.9700_lon-43.9746_h222.35327124990837_p-45.jpg,1,0.8114799
imgs\img_1163_lat-20.3551_lon-40.2913_h55.94361812444572_p-45.jpg,1,0.811594
imgs\img_185_lat-19.9318_lon-43.9352_h330.9359957084793_p-45.jpg,1,0.8119572
imgs\img_1103_lat-20.3509_lon-40.2923_h100.8904607346417_p-45.jpg,1,0.8119773
imgs\img_759_lat-23.5729_lon-46.5855_h179.1997296884346_p-45.jpg,1,0.8120721
imgs\img_1161_lat-20.3551_lon-40.2899_h280.07603222253783_p-45.jpg,1,0.8121544
imgs\img_79_lat-7.1133_lon-34.8226_h352.57128690040213_p-45.jpg,1,0.81223106
imgs\img_409_lat-19.9685_lon-43.9934_h309.96268741061414_p-45.jpg,1,0.81349796
imgs\img_303_lat-23.6078_lon-46.6571_h220.3972717711308_p-45.jpg,1,0.8136493
imgs\img_459_lat-23.6094_lon-46.6903_h40.86339983501146_p-45.jpg,1,0.8138598
imgs\img_561_lat-23.5823_lon-46.6803_h253.5006421153795_p-45.jpg,1,0.81387335
imgs\img_365_lat-19.9635_lon-43.9948_h253.43439918750067_p-45.jpg,1,0.8149191
imgs\img_1028_lat-20.3424_lon-40.2914_h187.8611739662647_p-45.jpg,1,0.8166306
imgs\img_898_lat-23.5451_lon-46.5966_h258.41797630318047_p-45.jpg,1,0.81685764
imgs\img_112_lat-7.0662_lon-34.8398_h72.91726356195147_p-45.jpg,1,0.8170373
imgs\img_84_lat-7.0693_lon-34.8437_h165.68350289842203_p-45.jpg,1,0.81718504
imgs\img_1168_lat-20.3424_lon-40.2914_h187.86119774416977_p-45.jpg,1,0.8173531
imgs\img_621_lat-23.5737_lon-46.5865_h136.9336691930788_p-45.jpg,1,0.8176337
imgs\img_288_lat-23.3672_lon-52.0694_h270_p-45.jpg,1,0.81775934
imgs\img_77_lat-19.9837_lon-43.9781_h41.93734796627764_p-45.jpg,1,0.8178865
imgs\img_548_lat-23.6079_lon-46.6880_h311.2407508709862_p-45.jpg,1,0.81886154
imgs\img_121_lat-7.1156_lon-34.8229_h193.78959064770467_p-45.jpg,1,0.8189278
imgs\img_656_lat-23.5513_lon-46.5870_h312.47337556620323_p-45.jpg,1,0.81913286
imgs\img_179_lat-19.9343_lon-43.9353_h284.47486635218024_p-45.jpg,1,0.8203775
imgs\img_62_lat-7.1460_lon-34.8090_h168.43821753347368_p-45.jpg,1,0.8208692
imgs\img_1126_lat-20.3553_lon-40.2918_h281.7624139363833_p-45.jpg,1,0.8212538
imgs\img_11_lat-7.1126_lon-34.8251_h252.5136138985564_p-45.jpg,1,0.82203245
imgs\img_446_lat-23.6083_lon-46.6824_h310.949248899276_p-45.jpg,1,0.82207716
imgs\img_19_lat-19.9712_lon-43.9724_h79.54247052336962_p-45.jpg,1,0.82241696
imgs\img_59_lat-7.1209_lon-34.8272_h89.02431563300848_p-45.jpg,1,0.8224662
imgs\img_1109_lat-20.3524_lon-40.2892_h8.262889190347266_p-45.jpg,1,0.8225988
imgs\img_651_lat-23.5533_lon-46.5934_h45.24976570807472_p-45.jpg,1,0.8226564
imgs\img_183_lat-19.9318_lon-43.9352_h151.60213347824322_p-45.jpg,1,0.822726
imgs\img_133_lat-23.6063_lon-46.7057_h190.35334924076537_p-45.jpg,1,0.82307684
imgs\img_427_lat-23.5996_lon-46.6862_h221.03635461489694_p-45.jpg,1,0.8233096
imgs\img_310_lat-19.9642_lon-43.9940_h252.0173495794948_p-45.jpg,1,0.8234954
imgs\img_0_lat-7.0999_lon-34.8433_h90_p-45.jpg,1,0.8235362
imgs\img_73_lat-19.9722_lon-43.9759_h253.92576668277684_p-45.jpg,1,0.82422644
imgs\img_730_lat-23.5614_lon-46.5911_h115.72595933850539_p-45.jpg,1,0.8248852
imgs\img_131_lat-19.9788_lon-43.9673_h99.87474878663772_p-45.jpg,1,0.82509315
imgs\img_1008_lat-20.3551_lon-40.2899_h280.0758635219657_p-45.jpg,1,0.8251839
imgs\img_533_lat-23.6167_lon-46.6927_h127.04673308735664_p-45.jpg,1,0.82587045
imgs\img_81_lat-7.1157_lon-34.8272_h283.30822197182977_p-45.jpg,1,0.82590157
imgs\img_292_lat-23.6028_lon-46.6591_h311.2175563064566_p-45.jpg,1,0.826156
imgs\img_593_lat-23.6165_lon-46.6950_h309.4486603287626_p-45.jpg,1,0.82678026
imgs\img_724_lat-23.5729_lon-46.5854_h315.9601000751154_p-45.jpg,1,0.828496
imgs\img_98_lat-19.9722_lon-43.9759_h253.92571787418763_p-45.jpg,1,0.8287339
imgs\img_1007_lat-20.3530_lon-40.2897_h10.498042820956414_p-45.jpg,1,0.8298271
imgs\img_882_lat-23.5800_lon-46.5903_h340.93086439794223_p-45.jpg,1,0.82996583
imgs\img_602_lat-23.5614_lon-46.5911_h115.72665894871344_p-45.jpg,1,0.82998866
imgs\img_1038_lat-20.3491_lon-40.2922_h99.96098801577864_p-45.jpg,1,0.83013374
imgs\img_666_lat-23.5493_lon-46.6120_h145.7966611449862_p-45.jpg,1,0.83035225
imgs\img_132_lat-19.9756_lon-43.9601_h323.6786878835389_p-45.jpg,1,0.8304626
imgs\img_18_lat-7.1015_lon-34.8386_h90_p-45.jpg,1,0.8309437
imgs\img_23_lat-7.1142_lon-34.8250_h100.65484414059615_p-45.jpg,1,0.83109325
imgs\img_303_lat-23.6078_lon-46.6571_h40.39727177113082_p-45.jpg,1,0.83140665
imgs\img_708_lat-23.5692_lon-46.5955_h109.93726253762071_p-45.jpg,1,0.83159554
imgs\img_170_lat-19.9390_lon-43.9323_h285.00298428375373_p-45.jpg,1,0.83191055
imgs\img_257_lat-19.9390_lon-43.9372_h15.57912026592135_p-45.jpg,1,0.8323301
imgs\img_303_lat-19.9683_lon-43.9930_h237.1247420822009_p-45.jpg,1,0.8323656
imgs\img_52_lat-7.0678_lon-34.8446_h166.98254727568508_p-45.jpg,1,0.83284444
imgs\img_57_lat-19.9775_lon-43.9723_h20.21153877993141_p-45.jpg,1,0.83330315
imgs\img_379_lat-19.9642_lon-43.9940_h252.01721181067157_p-45.jpg,1,0.83376163
imgs\img_339_lat-19.9664_lon-43.9940_h141.257537075171_p-45.jpg,1,0.8347458
imgs\img_140_lat-23.5798_lon-46.7029_h145.92404187910265_p-45.jpg,1,0.8353358
imgs\img_420_lat-19.9513_lon-43.9841_h189.4617697071262_p-45.jpg,1,0.83553886
imgs\img_83_lat-7.0633_lon-34.8452_h77.29167292043044_p-45.jpg,1,0.8361754
imgs\img_1153_lat-20.3511_lon-40.2860_h8.556187623788901_p-45.jpg,1,0.8364097
imgs\img_959_lat-23.5681_lon-46.5932_h184.12367466119264_p-45.jpg,1,0.8367339
imgs\img_797_lat-23.5726_lon-46.5889_h136.50988473962883_p-45.jpg,1,0.83705527
imgs\img_3_lat-7.1231_lon-34.8245_h265.43081246701286_p-45.jpg,1,0.8373354
imgs\img_362_lat-19.9624_lon-43.9934_h161.56652867566464_p-45.jpg,1,0.8375477
imgs\img_497_lat-23.6015_lon-46.6913_h136.77362634387225_p-45.jpg,1,0.83770996
imgs\img_624_lat-23.5616_lon-46.6001_h145.53505173884372_p-45.jpg,1,0.8377358
imgs\img_399_lat-23.6076_lon-46.6644_h40.94780633330458_p-45.jpg,1,0.83893543
imgs\img_217_lat-19.9365_lon-43.9338_h5.488075573365248_p-45.jpg,1,0.8390137
imgs\img_366_lat-19.9513_lon-43.9841_h189.46173613096693_p-45.jpg,1,0.839088
imgs\img_78_lat-19.9671_lon-43.9721_h3.8938045380555195_p-45.jpg,1,0.83913594
imgs\img_979_lat-23.5740_lon-46.5835_h247.04099517117658_p-45.jpg,1,0.8392495
imgs\img_195_lat-23.6077_lon-46.7046_h334.83382377988625_p-45.jpg,1,0.8396467
imgs\img_369_lat-23.5960_lon-46.6645_h91.11594630686857_p-45.jpg,1,0.83977747
imgs\img_1053_lat-20.3553_lon-40.2920_h90.05002880766858_p-45.jpg,1,0.8401818
imgs\img_280_lat-23.5848_lon-46.6667_h327.9701055870654_p-45.jpg,1,0.84155697
imgs\img_112_lat-23.0052_lon-43.3189_h270_p-45.jpg,1,0.84182376
imgs\img_237_lat-19.9343_lon-43.9373_h14.249273210392403_p-45.jpg,1,0.8419229
imgs\img_129_lat-19.9776_lon-43.9632_h326.0121698210156_p-45.jpg,1,0.84226596
imgs\img_847_lat-23.5700_lon-46.5823_h229.48575480511997_p-45.jpg,1,0.8443822
imgs\img_1125_lat-20.3556_lon-40.2876_h258.48676857763627_p-45.jpg,1,0.8445178
imgs\img_99_lat-7.0696_lon-34.8421_h255.3860171141107_p-45.jpg,1,0.84494317
imgs\img_507_lat-23.6041_lon-46.6923_h198.3105818120364_p-45.jpg,1,0.8450206
imgs\img_2_lat-25.4571_lon-49.2007_h90_p-45.jpg,1,0.8462215
imgs\img_731_lat-23.5520_lon-46.6082_h325.54451094196577_p-45.jpg,1,0.84645045
imgs\img_286_lat-23.6094_lon-46.6578_h311.2309576395716_p-45.jpg,1,0.84650844
imgs\img_876_lat-23.5579_lon-46.5964_h122.16224761211984_p-45.jpg,1,0.84662795
imgs\img_741_lat-23.5692_lon-46.5970_h124.6206462072455_p-45.jpg,1,0.8466402
imgs\img_1038_lat-20.3491_lon-40.2922_h279.96098801577864_p-45.jpg,1,0.84717476
imgs\img_948_lat-23.5580_lon-46.5961_h302.18544516496974_p-45.jpg,1,0.8472791
imgs\img_272_lat-19.9321_lon-43.9339_h244.8117206350052_p-45.jpg,1,0.8474911
imgs\img_1093_lat-20.3430_lon-40.2916_h96.49825192794572_p-45.jpg,1,0.84799474
imgs\img_338_lat-23.5811_lon-46.6633_h39.494609478791745_p-45.jpg,1,0.84815466
imgs\img_47_lat-7.0674_lon-34.8445_h75.24349169898488_p-45.jpg,1,0.8485918
imgs\img_420_lat-23.6176_lon-46.6843_h221.83321793305225_p-45.jpg,1,0.84865224
imgs\img_102_lat-7.1129_lon-34.8260_h71.63407783220362_p-45.jpg,1,0.8492236
imgs\img_369_lat-19.9554_lon-43.9875_h215.47908249266226_p-45.jpg,1,0.8496881
imgs\img_187_lat-19.9358_lon-43.9396_h105.9009695069372_p-45.jpg,1,0.8496898
imgs\img_288_lat-23.6100_lon-46.6561_h221.272945846005_p-45.jpg,1,0.8497409
imgs\img_129_lat-19.9776_lon-43.9632_h146.01216982101562_p-45.jpg,1,0.8509443
imgs\img_92_lat-7.1004_lon-34.8361_h270_p-45.jpg,1,0.85103023
imgs\img_62_lat-7.1120_lon-34.8279_h243.23764704906867_p-45.jpg,1,0.85181296
imgs\img_1091_lat-20.3426_lon-40.2917_h96.13979837618582_p-45.jpg,1,0.8524857
imgs\img_417_lat-19.9600_lon-43.9919_h116.45738702693563_p-45.jpg,1,0.8529572
imgs\img_1172_lat-20.3501_lon-40.2935_h9.019136673028264_p-45.jpg,1,0.8533699
imgs\img_1199_lat-20.3550_lon-40.2906_h279.9528479036507_p-45.jpg,1,0.853378
imgs\img_386_lat-23.6105_lon-46.6650_h311.11228168905177_p-45.jpg,1,0.8534799
imgs\img_1031_lat-20.3550_lon-40.2906_h279.95259419265244_p-45.jpg,1,0.8536375
imgs\img_1095_lat-20.3426_lon-40.2917_h96.13964499983507_p-45.jpg,1,0.85382605
imgs\img_355_lat-23.6045_lon-46.6700_h220.74388633991944_p-45.jpg,1,0.8540864
imgs\img_206_lat-19.9367_lon-43.9282_h196.8066366278557_p-45.jpg,1,0.8540992
imgs\img_516_lat-23.5818_lon-46.6782_h73.49938038176666_p-45.jpg,1,0.85418296
imgs\img_30_lat-7.0696_lon-34.8461_h165.5468941011908_p-45.jpg,1,0.85460156
imgs\img_108_lat-7.0644_lon-34.8493_h256.2919867987644_p-45.jpg,1,0.85481894
imgs\img_40_lat-7.0710_lon-34.8448_h76.06613282746741_p-45.jpg,1,0.85485774
imgs\img_41_lat-23.6106_lon-46.7222_h208.30834431813017_p-45.jpg,1,0.855833
imgs\img_732_lat-23.5565_lon-46.5986_h9.17783196782284_p-45.jpg,1,0.8558655
imgs\img_28_lat-23.6006_lon-46.6975_h11.672896857673095_p-45.jpg,1,0.8561075
imgs\img_756_lat-23.5533_lon-46.6026_h4.865112256656508_p-45.jpg,1,0.8561668
imgs\img_974_lat-23.5616_lon-46.6001_h145.53449570855145_p-45.jpg,1,0.8569645
imgs\img_302_lat-19.9615_lon-43.9913_h115.48511613187208_p-45.jpg,1,0.8575227
imgs\img_51_lat-7.1423_lon-34.8152_h49.95843241652511_p-45.jpg,1,0.8580401
imgs\img_41_lat-23.6106_lon-46.7222_h28.308344318130164_p-45.jpg,1,0.8584561
imgs\img_16_lat-19.9757_lon-43.9683_h149.6622890215047_p-45.jpg,1,0.85879624
imgs\img_683_lat-23.5495_lon-46.6110_h238.28609740883144_p-45.jpg,1,0.85898423
imgs\img_330_lat-19.9621_lon-43.9945_h129.55487219728218_p-45.jpg,1,0.85909295
imgs\img_289_lat-19.9362_lon-43.9330_h288.05556976664764_p-45.jpg,1,0.85912675
imgs\img_322_lat-19.9576_lon-43.9957_h239.0023437174316_p-45.jpg,1,0.8592825
imgs\img_907_lat-23.5661_lon-46.6019_h155.5517306754091_p-45.jpg,1,0.8593835
imgs\img_151_lat-19.9371_lon-43.9291_h283.68200733763257_p-45.jpg,1,0.859558
imgs\img_32_lat-7.1233_lon-34.8265_h84.85541538524359_p-45.jpg,1,0.85975856
imgs\img_127_lat-23.3751_lon-51.9465_h90_p-45.jpg,1,0.85976195
imgs\img_607_lat-23.5767_lon-46.5935_h337.1624804855254_p-45.jpg,1,0.86052626
imgs\img_93_lat-7.0590_lon-34.8447_h75.8441910948518_p-45.jpg,1,0.86055857
imgs\img_117_lat-23.5764_lon-46.7032_h143.8015882454955_p-45.jpg,1,0.8610054
imgs\img_1182_lat-20.3472_lon-40.2870_h9.165487054077346_p-45.jpg,1,0.8617404
imgs\img_157_lat-19.9381_lon-43.9384_h194.4759068566662_p-45.jpg,1,0.86188537
imgs\img_408_lat-19.9600_lon-43.9915_h219.13506424306024_p-45.jpg,1,0.8624263
imgs\img_81_lat-7.1157_lon-34.8272_h103.30822197182977_p-45.jpg,1,0.8633608
imgs\img_319_lat-23.6013_lon-46.6517_h274.85810991864025_p-45.jpg,1,0.8633972
imgs\img_324_lat-19.9617_lon-43.9927_h75.44790006420806_p-45.jpg,1,0.86352175
imgs\img_578_lat-23.5956_lon-46.6778_h73.52622064166212_p-45.jpg,1,0.86388844
imgs\img_1032_lat-20.3423_lon-40.2910_h279.31473176180594_p-45.jpg,1,0.863899
imgs\img_176_lat-23.6095_lon-46.7109_h206.88692099011723_p-45.jpg,1,0.86419696
imgs\img_347_lat-23.5970_lon-46.6695_h93.52925720699795_p-45.jpg,1,0.8643462
imgs\img_48_lat-19.9673_lon-43.9647_h45.77330047001942_p-45.jpg,1,0.86436075
imgs\img_1132_lat-20.3551_lon-40.2913_h235.9438318011105_p-45.jpg,1,0.86485404
imgs\img_550_lat-23.6159_lon-46.6939_h129.307350154387_p-45.jpg,1,0.8652006
imgs\img_109_lat-23.5926_lon-46.7001_h150.63923566590432_p-45.jpg,1,0.86532646
imgs\img_102_lat-19.9764_lon-43.9742_h214.41512590814105_p-45.jpg,1,0.86577934
imgs\img_106_lat-23.6141_lon-46.7089_h185.8744984154175_p-45.jpg,1,0.86660254
imgs\img_641_lat-23.5478_lon-46.5922_h49.32606299542272_p-45.jpg,1,0.86669815
imgs\img_159_lat-19.9387_lon-43.9281_h284.3252053749418_p-45.jpg,1,0.8668196
imgs\img_136_lat-19.9818_lon-43.9773_h141.7199698358902_p-45.jpg,1,0.8670633
imgs\img_105_lat-19.9724_lon-43.9763_h235.22880980085296_p-45.jpg,1,0.8673021
imgs\img_198_lat-19.9334_lon-43.9336_h284.2325795795887_p-45.jpg,1,0.8674056
imgs\img_184_lat-19.9397_lon-43.9325_h83.68259671583206_p-45.jpg,1,0.86753595
imgs\img_137_lat-19.9762_lon-43.9642_h149.4049026315053_p-45.jpg,1,0.86766416
imgs\img_114_lat-23.6035_lon-46.7167_h149.44437104446132_p-45.jpg,1,0.8677428
imgs\img_114_lat-23.6035_lon-46.7167_h329.4443710444613_p-45.jpg,1,0.8677428
imgs\img_766_lat-23.5475_lon-46.6092_h232.91784916970076_p-45.jpg,1,0.8677428
imgs\img_766_lat-23.5475_lon-46.6092_h52.917849169700766_p-45.jpg,1,0.8677428
imgs\img_71_lat-7.0665_lon-34.8450_h166.46320654082402_p-45.jpg,1,0.86781263
imgs\img_49_lat-23.4009_lon-51.9601_h90_p-45.jpg,1,0.8679515
imgs\img_240_lat-23.4284_lon-51.9354_h270_p-45.jpg,1,0.868389
imgs\img_61_lat-7.1127_lon-34.8285_h157.1355925596512_p-45.jpg,1,0.868445
imgs\img_976_lat-23.5595_lon-46.5945_h137.31337154984075_p-45.jpg,1,0.86844516
imgs\img_252_lat-19.9358_lon-43.9290_h103.4609265365051_p-45.jpg,1,0.86869764
imgs\img_356_lat-23.5818_lon-46.6561_h150.09318364595538_p-45.jpg,1,0.869158
imgs\img_287_lat-23.3823_lon-51.9235_h90_p-45.jpg,1,0.86938715
imgs\img_415_lat-23.6124_lon-46.6781_h198.40673916872524_p-45.jpg,1,0.8697757
imgs\img_354_lat-19.9517_lon-43.9851_h17.24590492405639_p-45.jpg,1,0.87002826
imgs\img_72_lat-7.0711_lon-34.8438_h345.5272666320128_p-45.jpg,1,0.87162304
imgs\img_883_lat-23.5598_lon-46.5972_h308.2815912149616_p-45.jpg,1,0.87218463
imgs\img_391_lat-19.9619_lon-43.9951_h165.6084550924304_p-45.jpg,1,0.8721976
imgs\img_462_lat-23.6163_lon-46.6932_h267.1122622647904_p-45.jpg,1,0.87245095
imgs\img_949_lat-23.5558_lon-46.6077_h187.3620687964144_p-45.jpg,1,0.8725507
imgs\img_15_lat-19.9816_lon-43.9769_h51.45351591844088_p-45.jpg,1,0.87362146
imgs\img_5_lat-7.1185_lon-34.8282_h8.465178856922364_p-45.jpg,1,0.8738862
imgs\img_994_lat-23.5685_lon-46.5892_h41.17208821515395_p-45.jpg,1,0.8739203
imgs\img_53_lat-23.6076_lon-46.7071_h303.7146913973986_p-45.jpg,1,0.87452
imgs\img_30_lat-19.9700_lon-43.9690_h345.8497345394144_p-45.jpg,1,0.8751343
imgs\img_201_lat-19.9390_lon-43.9372_h239.34366845400007_p-45.jpg,1,0.8753963
imgs\img_121_lat-7.1156_lon-34.8229_h13.789590647704667_p-45.jpg,1,0.8754903
imgs\img_1032_lat-20.3423_lon-40.2910_h99.31473176180594_p-45.jpg,1,0.8761338
imgs\img_78_lat-19.9671_lon-43.9721_h183.89380453805552_p-45.jpg,1,0.87635833
imgs\img_42_lat-7.0627_lon-34.8427_h74.29163291786108_p-45.jpg,1,0.8768233
imgs\img_351_lat-23.6004_lon-46.6629_h220.97420387417867_p-45.jpg,1,0.87682617
imgs\img_20_lat-19.9770_lon-43.9777_h245.1366994343224_p-45.jpg,1,0.8769113
imgs\img_58_lat-23.5902_lon-46.6940_h192.16844135808063_p-45.jpg,1,0.8773858
imgs\img_177_lat-19.9398_lon-43.9333_h264.83398340307787_p-45.jpg,1,0.8777549
imgs\img_6_lat-7.1203_lon-34.8285_h183.74914393908168_p-45.jpg,1,0.87844044
imgs\img_95_lat-7.1132_lon-34.8269_h250.90912745683397_p-45.jpg,1,0.87884784
imgs\img_106_lat-19.9812_lon-43.9785_h297.0239982728751_p-45.jpg,1,0.8789737
imgs\img_184_lat-23.5855_lon-46.7131_h143.1247286729697_p-45.jpg,1,0.87915736
imgs\img_486_lat-23.6238_lon-46.6903_h116.47151994169182_p-45.jpg,1,0.87938964
imgs\img_713_lat-23.5588_lon-46.5945_h296.1423939799268_p-45.jpg,1,0.8798563
imgs\img_1001_lat-20.3423_lon-40.2910_h99.3149828877915_p-45.jpg,1,0.8800085
imgs\img_160_lat-19.9379_lon-43.9286_h194.62716614758045_p-45.jpg,1,0.88026863
imgs\img_182_lat-19.9395_lon-43.9353_h272.9653771343777_p-45.jpg,1,0.88066906
imgs\img_595_lat-23.6033_lon-46.6845_h40.726878113904604_p-45.jpg,1,0.8808938
imgs\img_656_lat-23.5513_lon-46.5870_h132.47337556620323_p-45.jpg,1,0.8818865
imgs\img_5_lat-7.0729_lon-34.8413_h256.0708482933492_p-45.jpg,1,0.88217664
imgs\img_18_lat-7.1015_lon-34.8386_h270_p-45.jpg,1,0.88240284
imgs\img_270_lat-23.5825_lon-46.6568_h21.2507293876146_p-45.jpg,1,0.8828323
imgs\img_463_lat-23.6172_lon-46.6852_h124.68482587749168_p-45.jpg,1,0.8831787
imgs\img_203_lat-23.5907_lon-46.6724_h288.11992905068314_p-45.jpg,1,0.8832692
imgs\img_102_lat-23.6050_lon-46.7085_h244.1854394510483_p-45.jpg,1,0.88341904
imgs\img_125_lat-19.9723_lon-43.9600_h19.623627602327588_p-45.jpg,1,0.8841096
imgs\img_2_lat-23.4173_lon-51.9366_h90_p-45.jpg,1,0.8841504
imgs\img_382_lat-19.9553_lon-43.9868_h248.36497088062595_p-45.jpg,1,0.8843405
imgs\img_453_lat-23.6005_lon-46.6740_h277.8558974288545_p-45.jpg,1,0.88480353
imgs\img_1178_lat-20.3482_lon-40.2868_h100.5128764594156_p-45.jpg,1,0.885012
imgs\img_405_lat-23.6016_lon-46.6841_h311.40628087291316_p-45.jpg,1,0.8850971
imgs\img_31_lat-7.1232_lon-34.8288_h288.56853398246795_p-45.jpg,1,0.88563883
imgs\img_99_lat-7.1232_lon-34.8288_h288.568548565141_p-45.jpg,1,0.8856591
imgs\img_106_lat-19.9812_lon-43.9785_h117.02399827287508_p-45.jpg,1,0.88606226
imgs\img_635_lat-23.5607_lon-46.5965_h145.4374482755031_p-45.jpg,1,0.8863521
imgs\img_516_lat-23.5818_lon-46.6782_h253.49938038176666_p-45.jpg,1,0.8867655
imgs\img_199_lat-19.9371_lon-43.9291_h283.6815692695891_p-45.jpg,1,0.8869615
imgs\img_253_lat-23.6090_lon-46.6728_h356.3421787796078_p-45.jpg,1,0.8874462
imgs\img_0_lat-23.5873_lon-46.7170_h153.92412663759296_p-45.jpg,1,0.88767564
imgs\img_101_lat-19.9756_lon-43.9646_h134.44988452004577_p-45.jpg,1,0.88774115
imgs\img_359_lat-23.5915_lon-46.6663_h120.09794543380156_p-45.jpg,1,0.8879029
imgs\img_532_lat-23.5809_lon-46.6839_h44.67838565583347_p-45.jpg,1,0.88842225
imgs\img_210_lat-23.5830_lon-46.6521_h51.09043948025961_p-45.jpg,1,0.8885214
imgs\img_37_lat-7.0713_lon-34.8462_h257.1972181075012_p-45.jpg,1,0.8890005
imgs\img_345_lat-23.6069_lon-46.6652_h220.6063255152166_p-45.jpg,1,0.88917625
imgs\img_679_lat-23.5669_lon-46.5968_h287.3232376719772_p-45.jpg,1,0.8892912
imgs\img_176_lat-19.9342_lon-43.9331_h197.59642223630487_p-45.jpg,1,0.88947076
imgs\img_177_lat-19.9398_lon-43.9333_h84.83398340307787_p-45.jpg,1,0.8899471
imgs\img_127_lat-7.0729_lon-34.8413_h256.07106361483426_p-45.jpg,1,0.8899797
imgs\img_1185_lat-20.3504_lon-40.2847_h99.61543280528849_p-45.jpg,1,0.8904553
imgs\img_394_lat-19.9647_lon-43.9941_h55.20536497657631_p-45.jpg,1,0.89091504
imgs\img_1077_lat-20.3467_lon-40.2921_h10.972466363295439_p-45.jpg,1,0.89103633
imgs\img_88_lat-7.0651_lon-34.8406_h73.46133119442318_p-45.jpg,1,0.8912252
imgs\img_910_lat-23.5767_lon-46.5935_h337.16263063672676_p-45.jpg,1,0.89127076
imgs\img_443_lat-19.9645_lon-43.9935_h88.35039498362848_p-45.jpg,1,0.891328
imgs\img_36_lat-7.1162_lon-34.8296_h192.40851162391505_p-45.jpg,1,0.89143
imgs\img_261_lat-23.6029_lon-46.6554_h40.603986130803946_p-45.jpg,1,0.8914986
imgs\img_34_lat-23.6047_lon-46.7019_h197.86360413060595_p-45.jpg,1,0.8916218
imgs\img_228_lat-19.9353_lon-43.9314_h283.92390868935087_p-45.jpg,1,0.8916946
imgs\img_36_lat-23.4635_lon-51.9122_h90_p-45.jpg,1,0.89225054
imgs\img_803_lat-23.5697_lon-46.5949_h306.0688562703832_p-45.jpg,1,0.8928164
imgs\img_97_lat-7.1162_lon-34.8268_h192.2137522576805_p-45.jpg,1,0.8933733
imgs\img_469_lat-23.5980_lon-46.6774_h113.84217936467728_p-45.jpg,1,0.8938137
imgs\img_1163_lat-20.3551_lon-40.2913_h235.94361812444572_p-45.jpg,1,0.8948297
imgs\img_889_lat-23.5599_lon-46.5941_h318.21013135924716_p-45.jpg,1,0.8948526
imgs\img_168_lat-19.9378_lon-43.9327_h194.32212917844527_p-45.jpg,1,0.8950866
imgs\img_261_lat-19.9390_lon-43.9370_h239.7185382115984_p-45.jpg,1,0.8951421
imgs\img_983_lat-23.5574_lon-46.5890_h206.4724775103396_p-45.jpg,1,0.8956318
imgs\img_98_lat-7.1162_lon-34.8296_h192.4085666399879_p-45.jpg,1,0.89579016
imgs\img_781_lat-23.5523_lon-46.6100_h96.44961784602346_p-45.jpg,1,0.8960076
imgs\img_945_lat-23.5520_lon-46.6001_h52.71414047592324_p-45.jpg,1,0.89648634
imgs\img_259_lat-19.9387_lon-43.9281_h284.324753633735_p-45.jpg,1,0.896847
imgs\img_33_lat-23.5838_lon-46.6999_h275.07564156209816_p-45.jpg,1,0.89700955
imgs\img_818_lat-23.5502_lon-46.5925_h154.22832888953104_p-45.jpg,1,0.89705646
imgs\img_783_lat-23.5515_lon-46.5892_h132.18074360934978_p-45.jpg,1,0.89732456
imgs\img_878_lat-23.5767_lon-46.5890_h264.723634068976_p-45.jpg,1,0.89749026
imgs\img_127_lat-7.1104_lon-34.8235_h326.6092885329753_p-45.jpg,1,0.8976518
imgs\img_440_lat-19.9674_lon-43.9944_h181.882495006744_p-45.jpg,1,0.89796776
imgs\img_386_lat-19.9547_lon-43.9860_h17.163831696056945_p-45.jpg,1,0.89854145
imgs\img_80_lat-7.0651_lon-34.8406_h73.46123453162335_p-45.jpg,1,0.89960986
imgs\img_111_lat-19.9747_lon-43.9728_h147.95999684811963_p-45.jpg,1,0.89999443
imgs\img_97_lat-7.1162_lon-34.8268_h12.213752257680522_p-45.jpg,1,0.90015566
imgs\img_226_lat-23.5802_lon-46.6561_h237.60286121882442_p-45.jpg,1,0.90018404
imgs\img_370_lat-19.9587_lon-43.9956_h241.81228119811897_p-45.jpg,1,0.9006633
imgs\img_76_lat-19.9830_lon-43.9778_h175.2828075709831_p-45.jpg,1,0.90120447
imgs\img_264_lat-23.5913_lon-46.6511_h131.07683194813265_p-45.jpg,1,0.90152377
imgs\img_445_lat-19.9517_lon-43.9851_h17.245971975344812_p-45.jpg,1,0.90182436
imgs\img_396_lat-19.9676_lon-43.9940_h97.29382034108842_p-45.jpg,1,0.90183616
imgs\img_1122_lat-20.3467_lon-40.2921_h10.9725416056713_p-45.jpg,1,0.90210193
imgs\img_1071_lat-20.3463_lon-40.2917_h279.6769710741447_p-45.jpg,1,0.90213305
imgs\img_82_lat-7.1146_lon-34.8284_h191.84186047458408_p-45.jpg,1,0.9021694
imgs\img_29_lat-23.6165_lon-46.7068_h96.3279417472161_p-45.jpg,1,0.90232706
imgs\img_1151_lat-20.3461_lon-40.2893_h278.3395943824093_p-45.jpg,1,0.9027171
imgs\img_556_lat-23.6173_lon-46.6845_h130.84601827293653_p-45.jpg,1,0.90348595
imgs\img_529_lat-23.6202_lon-46.6983_h286.4813111143186_p-45.jpg,1,0.9036822
imgs\img_11_lat-7.1126_lon-34.8251_h72.5136138985564_p-45.jpg,1,0.90421516
imgs\img_168_lat-23.6084_lon-46.7163_h20.163851928924373_p-45.jpg,1,0.9044859
imgs\img_688_lat-23.5520_lon-46.6001_h52.714100917981_p-45.jpg,1,0.905118
imgs\img_393_lat-23.5899_lon-46.6513_h337.57503095162485_p-45.jpg,1,0.9051185
imgs\img_249_lat-19.9350_lon-43.9297_h239.5097047377822_p-45.jpg,1,0.9052076
imgs\img_24_lat-23.3689_lon-52.0689_h90_p-45.jpg,1,0.9053637
imgs\img_16_lat-7.1159_lon-34.8263_h283.1409097406945_p-45.jpg,1,0.9057965
imgs\img_165_lat-23.6111_lon-46.7006_h15.97442393755003_p-45.jpg,1,0.90612113
imgs\img_537_lat-23.6047_lon-46.6946_h18.770629585975087_p-45.jpg,1,0.9062203
imgs\img_105_lat-7.1155_lon-34.8309_h156.64263114490805_p-45.jpg,1,0.9064305
imgs\img_733_lat-23.5500_lon-46.5911_h222.6530464535395_p-45.jpg,1,0.9073746
imgs\img_426_lat-23.6174_lon-46.6941_h215.8846696033938_p-45.jpg,1,0.9073763
imgs\img_554_lat-23.6022_lon-46.6946_h17.4688646759422_p-45.jpg,1,0.9073868
imgs\img_70_lat-23.5768_lon-46.7075_h147.59871011182003_p-45.jpg,1,0.90775275
imgs\img_1096_lat-20.3553_lon-40.2921_h146.09069923903937_p-45.jpg,1,0.90776354
imgs\img_163_lat-23.6077_lon-46.7009_h39.109569064293055_p-45.jpg,1,0.90796024
imgs\img_223_lat-23.6067_lon-46.6706_h220.5972715910506_p-45.jpg,1,0.9083479
imgs\img_940_lat-23.5477_lon-46.6032_h238.8109468456364_p-45.jpg,1,0.90857035
imgs\img_161_lat-19.9323_lon-43.9359_h59.28393559509593_p-45.jpg,1,0.9089466
imgs\img_2_lat-19.9804_lon-43.9778_h338.2863312987485_p-45.jpg,1,0.9090652
imgs\img_1107_lat-20.3464_lon-40.2885_h356.95619602642813_p-45.jpg,1,0.9091142
imgs\img_427_lat-23.5996_lon-46.6862_h41.03635461489692_p-45.jpg,1,0.90932214
imgs\img_47_lat-7.1195_lon-34.8291_h88.91487561243902_p-45.jpg,1,0.9097939
imgs\img_206_lat-23.6083_lon-46.6736_h171.48345368455657_p-45.jpg,1,0.90994376
imgs\img_453_lat-23.6005_lon-46.6740_h97.85589742885452_p-45.jpg,1,0.9099944
imgs\img_305_lat-19.9601_lon-43.9915_h116.59720946416218_p-45.jpg,1,0.91012913
imgs\img_447_lat-23.6047_lon-46.6840_h41.01547882165115_p-45.jpg,1,0.91033137
imgs\img_1126_lat-20.3553_lon-40.2918_h101.76241393638333_p-45.jpg,1,0.91037065
imgs\img_610_lat-23.5702_lon-46.5813_h354.8109438760588_p-45.jpg,1,0.91096044
imgs\img_612_lat-23.5473_lon-46.6093_h141.97160382971924_p-45.jpg,1,0.9110616
imgs\img_738_lat-23.5793_lon-46.5914_h335.54594837323543_p-45.jpg,1,0.9115809
imgs\img_31_lat-23.5910_lon-46.7216_h243.5934756732181_p-45.jpg,1,0.91164076
imgs\img_1165_lat-20.3474_lon-40.2903_h8.685945025979152_p-45.jpg,1,0.9118119
imgs\img_102_lat-7.0723_lon-34.8414_h76.02913164851213_p-45.jpg,1,0.91296667
imgs\img_41_lat-19.9764_lon-43.9753_h89.79288038880748_p-45.jpg,1,0.9129874
imgs\img_481_lat-23.6109_lon-46.6927_h110.16163160638634_p-45.jpg,1,0.91304564
imgs\img_478_lat-23.6139_lon-46.6808_h220.61147743147035_p-45.jpg,1,0.9133259
imgs\img_432_lat-19.9685_lon-43.9928_h185.5275021718192_p-45.jpg,1,0.9133587
imgs\img_1001_lat-20.3423_lon-40.2910_h279.31498288779153_p-45.jpg,1,0.9135196
imgs\img_136_lat-23.5844_lon-46.7047_h102.71934099817724_p-45.jpg,1,0.91399187
imgs\img_144_lat-23.5849_lon-46.6962_h96.55833589308111_p-45.jpg,1,0.9140505
imgs\img_63_lat-23.6101_lon-46.7038_h345.9796092525148_p-45.jpg,1,0.9143248
imgs\img_1199_lat-20.3550_lon-40.2906_h99.95284790365072_p-45.jpg,1,0.9143698
imgs\img_542_lat-23.5874_lon-46.6776_h253.47119403950853_p-45.jpg,1,0.9148128
imgs\img_998_lat-23.5468_lon-46.5948_h89.88844654940671_p-45.jpg,1,0.9148592
imgs\img_978_lat-23.5689_lon-46.5945_h39.43868252478322_p-45.jpg,1,0.9151688
imgs\img_463_lat-23.6172_lon-46.6852_h304.6848258774917_p-45.jpg,1,0.91535443
imgs\img_253_lat-23.6090_lon-46.6728_h176.34217877960785_p-45.jpg,1,0.9156793
imgs\img_14_lat-7.1115_lon-34.8269_h90_p-45.jpg,1,0.9158804
imgs\img_8_lat-7.1112_lon-34.8250_h242.81351423245755_p-45.jpg,1,0.9162671
imgs\img_484_lat-23.6175_lon-46.6877_h306.15058497936207_p-45.jpg,1,0.91659826
imgs\img_8_lat-7.0977_lon-34.8419_h270_p-45.jpg,1,0.916981
imgs\img_424_lat-19.9625_lon-43.9968_h341.8507931717349_p-45.jpg,1,0.9169913
imgs\img_48_lat-23.4198_lon-51.9452_h270_p-45.jpg,1,0.9171389
imgs\img_1035_lat-20.3556_lon-40.2916_h284.198731042539_p-45.jpg,1,0.91723835
imgs\img_292_lat-19.9348_lon-43.9375_h255.24871869859643_p-45.jpg,1,0.91783726
imgs\img_76_lat-19.9830_lon-43.9778_h355.2828075709831_p-45.jpg,1,0.91822743
imgs\img_20_lat-19.9770_lon-43.9777_h65.1366994343224_p-45.jpg,1,0.9193882
imgs\img_12_lat-7.1106_lon-34.8251_h63.87321945111602_p-45.jpg,1,0.92007226
imgs\img_160_lat-19.9379_lon-43.9286_h14.627166147580445_p-45.jpg,1,0.92054236
imgs\img_1152_lat-20.3496_lon-40.2920_h190.77518468044104_p-45.jpg,1,0.921057
imgs\img_287_lat-23.6084_lon-46.6546_h41.33969998096372_p-45.jpg,1,0.922141
imgs\img_465_lat-23.5847_lon-46.6830_h160.28094216949944_p-45.jpg,1,0.92238766
imgs\img_99_lat-23.5795_lon-46.7070_h119.92741899160251_p-45.jpg,1,0.92282385
imgs\img_75_lat-7.1183_lon-34.8299_h358.65945662333087_p-45.jpg,1,0.9229719
imgs\img_325_lat-23.5922_lon-46.6509_h160.21367887914656_p-45.jpg,1,0.9230562
imgs\img_7_lat-19.9730_lon-43.9680_h103.92429390481207_p-45.jpg,1,0.9233193
imgs\img_854_lat-23.5537_lon-46.5876_h222.7450051098144_p-45.jpg,1,0.9234453
imgs\img_183_lat-19.9318_lon-43.9352_h331.6021334782432_p-45.jpg,1,0.92375803
imgs\img_824_lat-23.5539_lon-46.5959_h279.3010209432817_p-45.jpg,1,0.9243702
imgs\img_1014_lat-20.3567_lon-40.2939_h130.19913724288017_p-45.jpg,1,0.92473006
imgs\img_156_lat-23.5957_lon-46.6990_h337.935919005763_p-45.jpg,1,0.9248318
imgs\img_1009_lat-20.3429_lon-40.2918_h163.1334582228801_p-45.jpg,1,0.92530525
imgs\img_417_lat-19.9600_lon-43.9919_h296.45738702693563_p-45.jpg,1,0.92561626
imgs\img_444_lat-23.6160_lon-46.6918_h307.2643238385334_p-45.jpg,1,0.9257158
imgs\img_1151_lat-20.3461_lon-40.2893_h98.33959438240932_p-45.jpg,1,0.9257743
imgs\img_32_lat-19.9804_lon-43.9778_h338.2863688859502_p-45.jpg,1,0.92603517
imgs\img_148_lat-23.6095_lon-46.7195_h113.68958846846124_p-45.jpg,1,0.9262044
imgs\img_909_lat-23.5510_lon-46.5897_h317.9088291987463_p-45.jpg,1,0.9266267
imgs\img_27_lat-7.0626_lon-34.8421_h255.5975462901889_p-45.jpg,1,0.926666
imgs\img_98_lat-7.1297_lon-34.8249_h328.562082830907_p-45.jpg,1,0.92782956
imgs\img_100_lat-19.9790_lon-43.9743_h92.43711171337327_p-45.jpg,1,0.92785704
imgs\img_1011_lat-20.3565_lon-40.2910_h208.9259408889857_p-45.jpg,1,0.928453
imgs\img_16_lat-19.9757_lon-43.9683_h329.6622890215047_p-45.jpg,1,0.9291884
imgs\img_1106_lat-20.3553_lon-40.2920_h52.27664221778514_p-45.jpg,1,0.92967826
imgs\img_74_lat-7.1144_lon-34.8314_h156.88153355028095_p-45.jpg,1,0.93114305
imgs\img_328_lat-23.5857_lon-46.6680_h120.2620261447584_p-45.jpg,1,0.9312909
imgs\img_123_lat-19.9790_lon-43.9628_hnan_p-45.jpg,1,0.93170756
imgs\img_388_lat-19.9678_lon-43.9943_h166.36300975165614_p-45.jpg,1,0.93207747
imgs\img_430_lat-19.9675_lon-43.9932_h6.531004470703522_p-45.jpg,1,0.9323276
imgs\img_665_lat-23.5693_lon-46.5953_h158.04270711796573_p-45.jpg,1,0.9324204
imgs\img_60_lat-19.9781_lon-43.9777_h4.108072933177709_p-45.jpg,1,0.9329285
imgs\img_37_lat-19.9727_lon-43.9611_h213.06880962775512_p-45.jpg,1,0.9329563
imgs\img_881_lat-23.5610_lon-46.5894_h296.5438219705327_p-45.jpg,1,0.9333703
imgs\img_45_lat-23.4098_lon-51.9587_h90_p-45.jpg,1,0.93360406
imgs\img_167_lat-23.4098_lon-51.9587_h90_p-45.jpg,1,0.9336041
imgs\img_742_lat-23.5580_lon-46.6036_h9.31047068628224_p-45.jpg,1,0.93381023
imgs\img_447_lat-23.6047_lon-46.6840_h221.01547882165116_p-45.jpg,1,0.9340876
imgs\img_666_lat-23.5493_lon-46.6120_h325.79666114498616_p-45.jpg,1,0.9341705
imgs\img_892_lat-23.5695_lon-46.5908_h275.821714582679_p-45.jpg,1,0.9347687
imgs\img_281_lat-19.9351_lon-43.9348_h191.3228602470705_p-45.jpg,1,0.935211
imgs\img_261_lat-7.1737_lon-34.8944_h270_p-45.jpg,1,0.9357987
imgs\img_71_lat-7.0665_lon-34.8450_h346.463206540824_p-45.jpg,1,0.9360324
imgs\img_294_lat-19.9330_lon-43.9388_h115.37184557153176_p-45.jpg,1,0.93614644
imgs\img_1031_lat-20.3550_lon-40.2906_h99.95259419265244_p-45.jpg,1,0.93652695
imgs\img_147_lat-23.5865_lon-46.6929_h314.5210150766434_p-45.jpg,1,0.9372532
imgs\img_58_lat-19.9857_lon-43.9767_h65.52234251997746_p-45.jpg,1,0.9378217
imgs\img_25_lat-19.9795_lon-43.9672_h74.05906060248776_p-45.jpg,1,0.93815523
imgs\img_288_lat-23.6100_lon-46.6561_h41.272945846005_p-45.jpg,1,0.9384532
imgs\img_58_lat-7.1130_lon-34.8297_h337.4177039747058_p-45.jpg,1,0.939477
imgs\img_154_lat-23.6146_lon-46.7123_h300.3699386010621_p-45.jpg,1,0.9399451
imgs\img_13_lat-19.9684_lon-43.9625_h66.26308117877271_p-45.jpg,1,0.94004554
imgs\img_225_lat-23.6041_lon-46.6726_h310.8176074128818_p-45.jpg,1,0.94006974
imgs\img_198_lat-19.9334_lon-43.9336_h104.23257957958867_p-45.jpg,1,0.9402662
imgs\img_350_lat-19.9619_lon-43.9933_h73.29471023490487_p-45.jpg,1,0.9403308
imgs\img_749_lat-23.5774_lon-46.5917_h312.5604643811043_p-45.jpg,1,0.94083154
imgs\img_243_lat-23.5920_lon-46.6666_h27.20256949385049_p-45.jpg,1,0.9408539
imgs\img_41_lat-7.1187_lon-34.8264_h9.293076063561102_p-45.jpg,1,0.94164896
imgs\img_193_lat-19.9389_lon-43.9289_h15.060817847226064_p-45.jpg,1,0.94171476
imgs\img_233_lat-19.9308_lon-43.9335_h189.52688548051157_p-45.jpg,1,0.9420292
imgs\img_574_lat-23.5867_lon-46.6812_h346.38258713122536_p-45.jpg,1,0.94227445
imgs\img_366_lat-19.9513_lon-43.9841_h9.461736130966926_p-45.jpg,1,0.9422769
imgs\img_387_lat-19.9542_lon-43.9875_h49.44953022148073_p-45.jpg,1,0.9422866
imgs\img_169_lat-19.9313_lon-43.9343_h59.31025621632127_p-45.jpg,1,0.9426599
imgs\img_42_lat-23.6072_lon-46.7009_h298.31893659590594_p-45.jpg,1,0.9427165
imgs\img_77_lat-7.1173_lon-34.8294_h282.72642842222706_p-45.jpg,1,0.94325763
imgs\img_1039_lat-20.3518_lon-40.2933_h184.09469976139405_p-45.jpg,1,0.9435322
imgs\img_106_lat-7.1151_lon-34.8256_h13.385939692363593_p-45.jpg,1,0.9440391
imgs\img_946_lat-23.5570_lon-46.5892_h114.07673525638023_p-45.jpg,1,0.94443154
imgs\img_965_lat-23.5689_lon-46.5960_h305.0509950798566_p-45.jpg,1,0.944603
imgs\img_545_lat-23.5809_lon-46.6752_h253.71773230320974_p-45.jpg,1,0.9446474
imgs\img_298_lat-19.9357_lon-43.9377_h194.89518294589604_p-45.jpg,1,0.9446479
imgs\img_57_lat-7.1202_lon-34.8248_h187.22846580230524_p-45.jpg,1,0.9448316
imgs\img_237_lat-23.5847_lon-46.6649_h237.7801386892188_p-45.jpg,1,0.944868
imgs\img_85_lat-19.9759_lon-43.9689_h76.51117351340183_p-45.jpg,1,0.9451718
imgs\img_62_lat-7.1120_lon-34.8279_h63.23764704906866_p-45.jpg,1,0.94550484
imgs\img_323_lat-23.5789_lon-46.6529_h148.9327032513067_p-45.jpg,1,0.94604295
imgs\img_185_lat-19.9318_lon-43.9352_h150.9359957084793_p-45.jpg,1,0.946065
imgs\img_793_lat-23.5510_lon-46.5873_h312.40685518874614_p-45.jpg,1,0.9461453
imgs\img_52_lat-7.1143_lon-34.8241_h280.22272872800903_p-45.jpg,1,0.9466133
imgs\img_103_lat-7.1155_lon-34.8281_h283.13930934122817_p-45.jpg,1,0.94683087
imgs\img_20_lat-7.1137_lon-34.8313_h62.1905427598315_p-45.jpg,1,0.9470657
imgs\img_108_lat-19.9825_lon-43.9799_h127.32684426139024_p-45.jpg,1,0.9471938
imgs\img_71_lat-7.1149_lon-34.8265_h12.054638784425416_p-45.jpg,1,0.9472127
imgs\img_588_lat-23.6057_lon-46.6895_h41.05483732674231_p-45.jpg,1,0.94742715
imgs\img_46_lat-7.1120_lon-34.8233_h73.45991241901089_p-45.jpg,1,0.94821864
imgs\img_13_lat-7.0990_lon-34.8404_h270_p-45.jpg,1,0.94862247
imgs\img_3_lat-19.9802_lon-43.9676_h278.98674387855027_p-45.jpg,1,0.9487675
imgs\img_773_lat-23.5458_lon-46.5924_h276.550246312059_p-45.jpg,1,0.94891256
imgs\img_45_lat-19.9694_lon-43.9617_h88.84122705875518_p-45.jpg,1,0.94894737
imgs\img_420_lat-19.9513_lon-43.9841_h9.461769707126193_p-45.jpg,1,0.9492229
imgs\img_27_lat-7.1222_lon-34.8255_h88.0404536446461_p-45.jpg,1,0.9494903
imgs\img_80_lat-19.9762_lon-43.9675_h302.6629925963094_p-45.jpg,1,0.9496841
imgs\img_11_lat-7.1195_lon-34.8270_h88.47602812532183_p-45.jpg,1,0.9496948
imgs\img_176_lat-19.9342_lon-43.9331_h17.59642223630489_p-45.jpg,1,0.94985217
imgs\img_52_lat-7.1143_lon-34.8241_h100.22272872800902_p-45.jpg,1,0.9501607
imgs\img_351_lat-19.9682_lon-43.9940_h128.03171599623715_p-45.jpg,1,0.950311
imgs\img_175_lat-19.9332_lon-43.9379_h269.19649720813675_p-45.jpg,1,0.9506547
imgs\img_10_lat-19.9712_lon-43.9737_h333.9052937959485_p-45.jpg,1,0.95101553
imgs\img_34_lat-7.1194_lon-34.8288_h269.4377667147125_p-45.jpg,1,0.95136994
imgs\img_1130_lat-20.3569_lon-40.2907_h327.30132442742547_p-45.jpg,1,0.95148325
imgs\img_37_lat-7.1222_lon-34.8255_h88.0405657648056_p-45.jpg,1,0.95195436
imgs\img_439_lat-19.9655_lon-43.9929_h179.9058528669617_p-45.jpg,1,0.9520909
imgs\img_319_lat-19.9542_lon-43.9875_h49.44913953736881_p-45.jpg,1,0.9524576
imgs\img_203_lat-19.9366_lon-43.9364_h327.0834938364257_p-45.jpg,1,0.9524596
imgs\img_232_lat-19.9371_lon-43.9347_h104.27450117295112_p-45.jpg,1,0.9527502
imgs\img_781_lat-23.5523_lon-46.6100_h276.44961784602344_p-45.jpg,1,0.9528157
imgs\img_1102_lat-20.3564_lon-40.2943_h129.5277713303273_p-45.jpg,1,0.9532893
imgs\img_210_lat-19.9386_lon-43.9362_h59.22953132721144_p-45.jpg,1,0.953343
imgs\img_27_lat-23.5784_lon-46.7088_h53.44939410608699_p-45.jpg,1,0.9536115
imgs\img_274_lat-19.9308_lon-43.9333_h58.70731891703879_p-45.jpg,1,0.9539328
imgs\img_85_lat-7.0710_lon-34.8364_h255.14870177043633_p-45.jpg,1,0.9552534
imgs\img_267_lat-19.9389_lon-43.9289_h15.060736378025524_p-45.jpg,1,0.95557135
imgs\img_241_lat-19.9400_lon-43.9354_h84.0687299926289_p-45.jpg,1,0.9557507
imgs\img_202_lat-19.9330_lon-43.9375_h61.89093234299192_p-45.jpg,1,0.9563431
imgs\img_958_lat-23.5597_lon-46.5972_h182.68729585412805_p-45.jpg,1,0.95717186
imgs\img_908_lat-23.5470_lon-46.6008_h58.93270387879363_p-45.jpg,1,0.9572864
imgs\img_411_lat-19.9687_lon-43.9923_h185.84967772797316_p-45.jpg,1,0.9574275
imgs\img_398_lat-19.9677_lon-43.9935_h97.2897308716648_p-45.jpg,1,0.9575324
imgs\img_424_lat-23.6008_lon-46.6924_h287.78388323893773_p-45.jpg,1,0.9576152
imgs\img_93_lat-7.1206_lon-34.8276_h6.487601281126925_p-45.jpg,1,0.95824987
imgs\img_428_lat-19.9566_lon-43.9863_h74.53797785689562_p-45.jpg,1,0.9583087
imgs\img_743_lat-23.5586_lon-46.5875_h257.4475259670681_p-45.jpg,1,0.95874196
imgs\img_347_lat-19.9571_lon-43.9878_h206.10391683640847_p-45.jpg,1,0.9587477
imgs\img_253_lat-19.9379_lon-43.9365_h283.2493075640516_p-45.jpg,1,0.95896006
imgs\img_1185_lat-20.3504_lon-40.2847_h279.6154328052885_p-45.jpg,1,0.95947725
imgs\img_380_lat-23.5962_lon-46.6578_h295.253836562039_p-45.jpg,1,0.96000147
imgs\img_111_lat-23.5895_lon-46.7013_h203.33551703597988_p-45.jpg,1,0.9600282
imgs\img_12_lat-19.9794_lon-43.9743_h181.4931238209834_p-45.jpg,1,0.9609472
imgs\img_546_lat-23.5855_lon-46.6844_h253.43844777531996_p-45.jpg,1,0.9611853
imgs\img_525_lat-23.6157_lon-46.6923_h305.4809759307049_p-45.jpg,1,0.9614418
imgs\img_247_lat-23.6081_lon-46.6611_h311.1578084533178_p-45.jpg,1,0.9616498
imgs\img_305_lat-19.9601_lon-43.9915_h296.5972094641622_p-45.jpg,1,0.9617689
imgs\img_604_lat-23.5694_lon-46.5954_h330.1742412754635_p-45.jpg,1,0.96205443
imgs\img_254_lat-19.9349_lon-43.9375_h333.6723965154318_p-45.jpg,1,0.9627335
imgs\img_547_lat-23.6030_lon-46.6932_h287.78045014107005_p-45.jpg,1,0.9627372
imgs\img_93_lat-23.5881_lon-46.7230_h61.89880162926003_p-45.jpg,1,0.9629222
imgs\img_121_lat-23.5810_lon-46.7105_h179.4723776965959_p-45.jpg,1,0.96328646
imgs\img_122_lat-19.9787_lon-43.9742_h197.11718568910976_p-45.jpg,1,0.96330667
imgs\img_1065_lat-20.3459_lon-40.2900_h278.2367944239037_p-45.jpg,1,0.96345437
imgs\img_17_lat-7.1216_lon-34.8240_h181.69630356526764_p-45.jpg,1,0.96347386
imgs\img_1068_lat-20.3564_lon-40.2943_h129.52768773946582_p-45.jpg,1,0.963626
imgs\img_263_lat-19.9361_lon-43.9309_h194.61543037960507_p-45.jpg,1,0.96398205
imgs\img_487_lat-23.6197_lon-46.6982_h200.25421122895327_p-45.jpg,1,0.96398216
imgs\img_270_lat-23.5825_lon-46.6568_h201.2507293876146_p-45.jpg,1,0.96448296
imgs\img_67_lat-7.1180_lon-34.8236_h38.44618791419521_p-45.jpg,1,0.9647491
imgs\img_25_lat-7.1173_lon-34.8294_h282.72653954925386_p-45.jpg,1,0.9648964
imgs\img_663_lat-23.5588_lon-46.5874_h355.25577537379775_p-45.jpg,1,0.9651158
imgs\img_290_lat-23.5748_lon-46.6555_h315.42363124942756_p-45.jpg,1,0.96512735
imgs\img_32_lat-23.4415_lon-51.9518_h90_p-45.jpg,1,0.965207
imgs\img_613_lat-23.5506_lon-46.5901_h138.2013378950528_p-45.jpg,1,0.9660445
imgs\img_938_lat-23.5506_lon-46.5901_h138.2013378950528_p-45.jpg,1,0.9660445
imgs\img_733_lat-23.5500_lon-46.5911_h42.6530464535395_p-45.jpg,1,0.9661746
imgs\img_33_lat-23.5838_lon-46.6999_h95.07564156209814_p-45.jpg,1,0.9667759
imgs\img_46_lat-7.1120_lon-34.8233_h253.4599124190109_p-45.jpg,1,0.96701676
imgs\img_1141_lat-20.3490_lon-40.2929_h279.9718171180551_p-45.jpg,1,0.9673957
imgs\img_755_lat-23.5537_lon-46.5862_h221.0839312799445_p-45.jpg,1,0.96781534
imgs\img_329_lat-23.5909_lon-46.6511_h340.9690944995846_p-45.jpg,1,0.9679358
imgs\img_73_lat-7.1145_lon-34.8292_h11.976926809407246_p-45.jpg,1,0.96823686
imgs\img_42_lat-7.1194_lon-34.8270_h88.0930605336327_p-45.jpg,1,0.9685586
imgs\img_109_lat-19.9830_lon-43.9780_h353.43132726582684_p-45.jpg,1,0.968871
imgs\img_167_lat-19.9352_lon-43.9287_h148.64483294389328_p-45.jpg,1,0.9689064
imgs\img_702_lat-23.5718_lon-46.5998_h336.5397671940001_p-45.jpg,1,0.96892226
imgs\img_1048_lat-20.3493_lon-40.2857_h187.64975286320816_p-45.jpg,1,0.96902764
imgs\img_1109_lat-20.3524_lon-40.2892_h188.26288919034727_p-45.jpg,1,0.9690316
imgs\img_546_lat-23.5855_lon-46.6844_h73.43844777531996_p-45.jpg,1,0.9692631
imgs\img_6_lat-7.1145_lon-34.8292_h11.976964733020578_p-45.jpg,1,0.9694471
imgs\img_381_lat-23.5993_lon-46.6686_h311.2355096505315_p-45.jpg,1,0.9695244
imgs\img_618_lat-23.5722_lon-46.5875_h182.89544550835933_p-45.jpg,1,0.9695894
imgs\img_576_lat-23.6180_lon-46.6870_h126.96487826121228_p-45.jpg,1,0.97049665
imgs\img_53_lat-7.1156_lon-34.8304_h12.51085131412325_p-45.jpg,1,0.97049725
imgs\img_148_lat-19.9785_lon-43.9768_h2.384011001158232_p-45.jpg,1,0.97186905
imgs\img_229_lat-23.5945_lon-46.6683_h235.09774774041534_p-45.jpg,1,0.971925
imgs\img_167_lat-23.4098_lon-51.9587_h270_p-45.jpg,1,0.9726778
imgs\img_45_lat-23.4098_lon-51.9587_h270_p-45.jpg,1,0.9726778
imgs\img_738_lat-23.5793_lon-46.5914_h155.5459483732354_p-45.jpg,1,0.9730977
imgs\img_460_lat-23.5855_lon-46.6781_h253.7779995152304_p-45.jpg,1,0.97323614
imgs\img_1057_lat-20.3505_lon-40.2841_h279.6232590312513_p-45.jpg,1,0.97401124
imgs\img_31_lat-19.9814_lon-43.9743_h259.0806683034554_p-45.jpg,1,0.97403485
imgs\img_986_lat-23.5819_lon-46.5915_h273.1782599492599_p-45.jpg,1,0.97417694
imgs\img_41_lat-7.1249_lon-34.8257_h84.35462339271686_p-45.jpg,1,0.97432566
imgs\img_441_lat-23.6027_lon-46.6844_h130.8758707846107_p-45.jpg,1,0.9745966
imgs\img_104_lat-7.1184_lon-34.8291_h7.850585683294639_p-45.jpg,1,0.9748275
imgs\img_466_lat-23.5883_lon-46.6873_h230.3265043910853_p-45.jpg,1,0.97486156
imgs\img_64_lat-7.1130_lon-34.8297_h23.12326345944995_p-45.jpg,1,0.9749779
imgs\img_9_lat-7.1184_lon-34.8291_h7.85062028186419_p-45.jpg,1,0.9750083
imgs\img_582_lat-23.5785_lon-46.6754_h339.36981910014003_p-45.jpg,1,0.97591317
imgs\img_274_lat-23.6000_lon-46.6523_h229.19236506791918_p-45.jpg,1,0.9759288
imgs\img_72_lat-7.1437_lon-34.8138_h40.21374562658028_p-45.jpg,1,0.9764151
imgs\img_122_lat-19.9787_lon-43.9742_h17.117185689109746_p-45.jpg,1,0.9766074
imgs\img_921_lat-23.5610_lon-46.5883_h206.131817408555_p-45.jpg,1,0.97708106
imgs\img_88_lat-7.1031_lon-34.8383_h270_p-45.jpg,1,0.977576
imgs\img_89_lat-23.5773_lon-46.7079_h23.75268186503068_p-45.jpg,1,0.9781197
imgs\img_1161_lat-20.3551_lon-40.2899_h100.07603222253783_p-45.jpg,1,0.97824347
imgs\img_360_lat-19.9651_lon-43.9953_h293.9705999967969_p-45.jpg,1,0.9785081
imgs\img_86_lat-7.0638_lon-34.8414_h254.93572301931798_p-45.jpg,1,0.9786022
imgs\img_170_lat-23.5858_lon-46.7062_h242.3841225993223_p-45.jpg,1,0.97878456
imgs\img_104_lat-19.9755_lon-43.9613_h217.2182562691408_p-45.jpg,1,0.9792644
imgs\img_1053_lat-20.3553_lon-40.2920_h270.0500288076686_p-45.jpg,1,0.97943836
imgs\img_121_lat-19.9738_lon-43.9680_h348.78180542358064_p-45.jpg,1,0.9794685
imgs\img_519_lat-23.6225_lon-46.6920_h286.84842239046867_p-45.jpg,1,0.97961485
imgs\img_542_lat-23.5874_lon-46.6776_h73.47119403950853_p-45.jpg,1,0.980096
imgs\img_57_lat-7.1110_lon-34.8258_h62.87267841054544_p-45.jpg,1,0.98010325
imgs\img_554_lat-23.6022_lon-46.6946_h197.46886467594223_p-45.jpg,1,0.9804131
imgs\img_586_lat-23.6084_lon-46.6907_h310.7029370834242_p-45.jpg,1,0.98075986
imgs\img_45_lat-7.1445_lon-34.8120_h128.8743736502172_p-45.jpg,1,0.9810582
imgs\img_146_lat-19.9782_lon-43.9636_h243.85837166204016_p-45.jpg,1,0.9812251
imgs\img_30_lat-7.0696_lon-34.8461_h345.5468941011908_p-45.jpg,1,0.98128533
imgs\img_83_lat-7.1271_lon-34.8250_h170.3344987502516_p-45.jpg,1,0.9813057
imgs\img_79_lat-23.6075_lon-46.7096_h302.7287544653286_p-45.jpg,1,0.98182756
imgs\img_20_lat-7.1137_lon-34.8313_h242.1905427598315_p-45.jpg,1,0.9824078
imgs\img_141_lat-19.9755_lon-43.9613_h217.21832592505586_p-45.jpg,1,0.9827653
imgs\img_424_lat-23.6008_lon-46.6924_h107.78388323893773_p-45.jpg,1,0.98299545
imgs\img_172_lat-19.9365_lon-43.9323_h135.29748267137953_p-45.jpg,1,0.98323846
imgs\img_344_lat-23.5815_lon-46.6538_h59.03146334616132_p-45.jpg,1,0.9832693
imgs\img_243_lat-19.9399_lon-43.9337_h84.06757471966847_p-45.jpg,1,0.9839132
imgs\img_31_lat-19.9814_lon-43.9743_h79.08066830345541_p-45.jpg,1,0.9840736
imgs\img_982_lat-23.5453_lon-46.5974_h252.220174335962_p-45.jpg,1,0.98422414
imgs\img_958_lat-23.5597_lon-46.5972_h2.687295854128024_p-45.jpg,1,0.9843011
imgs\img_502_lat-23.5952_lon-46.6890_h206.1845009626454_p-45.jpg,1,0.98436666
imgs\img_173_lat-19.9364_lon-43.9295_h194.47021538126117_p-45.jpg,1,0.9844058
imgs\img_312_lat-19.9503_lon-43.9846_h13.535266898095244_p-45.jpg,1,0.9848413
imgs\img_284_lat-23.6059_lon-46.6711_h115.86603179967014_p-45.jpg,1,0.9850333
imgs\img_1008_lat-20.3551_lon-40.2899_h100.07586352196569_p-45.jpg,1,0.98579353
imgs\img_72_lat-7.1194_lon-34.8261_h268.87413127435525_p-45.jpg,1,0.9870964
imgs\img_819_lat-23.5744_lon-46.5847_h255.3886879233036_p-45.jpg,1,0.98793954
imgs\img_202_lat-19.9330_lon-43.9375_h241.8909323429919_p-45.jpg,1,0.9885132
imgs\img_393_lat-23.5899_lon-46.6513_h157.57503095162485_p-45.jpg,1,0.9886831
imgs\img_261_lat-7.1737_lon-34.8944_h90_p-45.jpg,1,0.98869824
imgs\img_91_lat-19.9798_lon-43.9743_h177.1549481717177_p-45.jpg,1,0.9888853
imgs\img_108_lat-23.5831_lon-46.7058_h1.1209184779405794_p-45.jpg,1,0.9889332
imgs\img_115_lat-19.9756_lon-43.9745_h269.449350111724_p-45.jpg,1,0.98898965
imgs\img_27_lat-7.1222_lon-34.8255_h268.0404536446461_p-45.jpg,1,0.9892713
imgs\img_94_lat-7.1271_lon-34.8250_h170.33447341500596_p-45.jpg,1,0.9893062
imgs\img_784_lat-23.5600_lon-46.5932_h25.442453602279542_p-45.jpg,1,0.98932254
imgs\img_820_lat-23.5600_lon-46.5932_h25.442453602279542_p-45.jpg,1,0.98932254
imgs\img_13_lat-19.9684_lon-43.9625_h246.26308117877272_p-45.jpg,1,0.9900805
imgs\img_284_lat-19.9359_lon-43.9285_h233.1676301040187_p-45.jpg,1,0.99059683
imgs\img_314_lat-19.9572_lon-43.9862_h196.44572819018748_p-45.jpg,1,0.99064034
imgs\img_67_lat-19.9739_lon-43.9677_h101.62444558513768_p-45.jpg,1,0.99204767
imgs\img_226_lat-19.9369_lon-43.9276_h329.7631617002372_p-45.jpg,1,0.99207675
imgs\img_72_lat-7.0711_lon-34.8438_h165.5272666320128_p-45.jpg,1,0.99247193
imgs\img_595_lat-23.6033_lon-46.6845_h220.72687811390463_p-45.jpg,1,0.99264866
imgs\img_83_lat-19.9738_lon-43.9656_h127.61777127176724_p-45.jpg,1,0.99300617
imgs\img_192_lat-23.5928_lon-46.7213_h348.96954917295864_p-45.jpg,1,0.9933684
imgs\img_28_lat-23.6006_lon-46.6975_h191.6728968576731_p-45.jpg,1,0.9937894
imgs\img_28_lat-19.9770_lon-43.9706_h11.25840732389645_p-45.jpg,1,0.99386966
imgs\img_440_lat-23.5943_lon-46.6747_h163.42740256337584_p-45.jpg,1,0.99392486
imgs\img_667_lat-23.5580_lon-46.5961_h248.637636046925_p-45.jpg,1,0.9939379
imgs\img_923_lat-23.5484_lon-46.5923_h319.50929984426244_p-45.jpg,1,0.99416304
imgs\img_682_lat-23.5493_lon-46.5915_h139.11953402947267_p-45.jpg,1,0.99474764
imgs\img_388_lat-19.9678_lon-43.9943_h346.3630097516561_p-45.jpg,1,0.99502814
imgs\img_25_lat-19.9795_lon-43.9672_h254.05906060248776_p-45.jpg,1,0.9951779
imgs\img_37_lat-7.1222_lon-34.8255_h268.0405657648056_p-45.jpg,1,0.99592865
imgs\img_962_lat-23.5723_lon-46.5908_h32.960367295107915_p-45.jpg,1,0.9961125
imgs\img_55_lat-19.9851_lon-43.9735_h350.77519035925974_p-45.jpg,1,0.99696475
imgs\img_112_lat-7.1117_lon-34.8238_h143.00438911615785_p-45.jpg,1,0.9969813
imgs\img_80_lat-7.0651_lon-34.8406_h253.46123453162335_p-45.jpg,1,0.99713373
imgs\img_812_lat-23.5484_lon-46.6083_h141.4961536975457_p-45.jpg,1,0.99742717
imgs\img_609_lat-23.5603_lon-46.5898_h296.5336390960483_p-45.jpg,1,0.9977057
imgs\img_530_lat-23.6082_lon-46.6772_h218.14212211330732_p-45.jpg,1,0.99771327
imgs\img_46_lat-23.6093_lon-46.7103_h290.04630808642446_p-45.jpg,1,0.99869126
imgs\img_532_lat-23.5809_lon-46.6839_h224.67838565583347_p-45.jpg,1,0.99870485
imgs\img_184_lat-19.9397_lon-43.9325_h263.68259671583206_p-45.jpg,1,0.99881023
imgs\img_126_lat-23.6072_lon-46.7053_h44.02125854150688_p-45.jpg,1,1.0006673
imgs\img_88_lat-7.1129_lon-34.8265_h333.7640701191826_p-45.jpg,1,1.001126
imgs\img_786_lat-23.5778_lon-46.5921_h343.3268457201521_p-45.jpg,1,1.0011578
imgs\img_1178_lat-20.3482_lon-40.2868_h280.51287645941557_p-45.jpg,1,1.0012952
imgs\img_414_lat-19.9680_lon-43.9932_h183.2956016035_p-45.jpg,1,1.0014074
imgs\img_417_lat-23.5931_lon-46.6836_h253.2596780326612_p-45.jpg,1,1.0014315
imgs\img_431_lat-19.9680_lon-43.9932_h183.29561399981685_p-45.jpg,1,1.0017128
imgs\img_642_lat-23.5756_lon-46.5870_h28.960248857733152_p-45.jpg,1,1.0019825
imgs\img_432_lat-19.9685_lon-43.9928_h5.527502171819208_p-45.jpg,1,1.002186
imgs\img_174_lat-19.9374_lon-43.9359_h149.4492353942876_p-45.jpg,1,1.0028081
imgs\img_499_lat-23.6182_lon-46.6828_h292.3820592849986_p-45.jpg,1,1.003218
imgs\img_33_lat-7.0998_lon-34.8418_h90_p-45.jpg,1,1.0034317
imgs\img_118_lat-7.1122_lon-34.8237_h74.83288239123556_p-45.jpg,1,1.003434
imgs\img_287_lat-23.6084_lon-46.6546_h221.33969998096373_p-45.jpg,1,1.0043052
imgs\img_233_lat-19.9308_lon-43.9335_h9.526885480511567_p-45.jpg,1,1.0043409
imgs\img_100_lat-23.6165_lon-46.7081_h154.42250058585546_p-45.jpg,1,1.0045319
imgs\img_27_lat-7.0626_lon-34.8421_h75.59754629018889_p-45.jpg,1,1.0056076
imgs\img_922_lat-23.5602_lon-46.5894_h24.656742781914527_p-45.jpg,1,1.0056245
imgs\img_1144_lat-20.3496_lon-40.2937_h170.17591827673505_p-45.jpg,1,1.006574
imgs\img_276_lat-19.9390_lon-43.9371_h148.61763890299505_p-45.jpg,1,1.0066025
imgs\img_633_lat-23.5612_lon-46.6049_h65.33497990968988_p-45.jpg,1,1.006768
imgs\img_111_lat-23.5895_lon-46.7013_h23.335517035979876_p-45.jpg,1,1.0068885
imgs\img_43_lat-19.9776_lon-43.9669_h334.5896402631165_p-45.jpg,1,1.0069575
imgs\img_255_lat-19.9323_lon-43.9326_h148.32798535081287_p-45.jpg,1,1.0073779
imgs\img_210_lat-19.9386_lon-43.9362_h239.22953132721145_p-45.jpg,1,1.0074426
imgs\img_788_lat-23.5684_lon-46.5881_h29.47048281721967_p-45.jpg,1,1.0084289
imgs\img_48_lat-7.1458_lon-34.8102_h205.183029764853_p-45.jpg,1,1.0099084
imgs\img_826_lat-23.5461_lon-46.5932_h239.1484586779159_p-45.jpg,1,1.009928
imgs\img_331_lat-23.5960_lon-46.6683_h187.33762695334534_p-45.jpg,1,1.0100566
imgs\img_994_lat-23.5685_lon-46.5892_h221.17208821515396_p-45.jpg,1,1.0103164
imgs\img_362_lat-23.6159_lon-46.6656_h283.1813365756128_p-45.jpg,1,1.0104141
imgs\img_711_lat-23.5809_lon-46.5891_h348.2950488769122_p-45.jpg,1,1.0108196
imgs\img_890_lat-23.5809_lon-46.5891_h348.2950383954658_p-45.jpg,1,1.0108196
imgs\img_262_lat-23.6138_lon-46.6597_h221.12709206421468_p-45.jpg,1,1.0120727
imgs\img_88_lat-19.9738_lon-43.9689_h81.85965838760802_p-45.jpg,1,1.0124241
imgs\img_912_lat-23.5578_lon-46.6026_h238.13927773935345_p-45.jpg,1,1.0127641
imgs\img_88_lat-7.0651_lon-34.8406_h253.46133119442317_p-45.jpg,1,1.0134335
imgs\img_170_lat-19.9390_lon-43.9323_h105.00298428375372_p-45.jpg,1,1.0152732
imgs\img_853_lat-23.5800_lon-46.5903_h160.9311184162796_p-45.jpg,1,1.0155715
imgs\img_793_lat-23.5510_lon-46.5873_h132.40685518874616_p-45.jpg,1,1.0163802
imgs\img_31_lat-23.5910_lon-46.7216_h63.59347567321811_p-45.jpg,1,1.0168447
imgs\img_439_lat-19.9655_lon-43.9929_h359.9058528669617_p-45.jpg,1,1.01708
imgs\img_506_lat-23.6163_lon-46.6971_h193.65305060072365_p-45.jpg,1,1.0172626
imgs\img_145_lat-19.9769_lon-43.9768_h359.8069959246017_p-45.jpg,1,1.0174353
imgs\img_921_lat-23.5610_lon-46.5883_h26.13181740855498_p-45.jpg,1,1.0174592
imgs\img_100_lat-19.9790_lon-43.9743_h272.43711171337327_p-45.jpg,1,1.0178158
imgs\img_223_lat-23.6067_lon-46.6706_h40.59727159105059_p-45.jpg,1,1.0182588
imgs\img_59_lat-19.9727_lon-43.9749_h165.63896097767812_p-45.jpg,1,1.0182778
imgs\img_572_lat-23.6067_lon-46.6921_h198.00258346762348_p-45.jpg,1,1.0188934
imgs\img_419_lat-23.5820_lon-46.6790_h253.49894345160936_p-45.jpg,1,1.019266
imgs\img_918_lat-23.5611_lon-46.5938_h73.97036223819094_p-45.jpg,1,1.019693
imgs\img_21_lat-7.1134_lon-34.8298_h15.102657839109431_p-45.jpg,1,1.0199219
imgs\img_350_lat-19.9619_lon-43.9933_h253.29471023490484_p-45.jpg,1,1.0201373
imgs\img_340_lat-23.6097_lon-46.6734_h40.38055540853975_p-45.jpg,1,1.0209146
imgs\img_97_lat-19.9806_lon-43.9766_h344.19189079465764_p-45.jpg,1,1.0209892
imgs\img_258_lat-19.9359_lon-43.9314_h239.42117138957894_p-45.jpg,1,1.0210811
imgs\img_184_lat-23.5855_lon-46.7131_h323.1247286729697_p-45.jpg,1,1.0212536
imgs\img_44_lat-19.9798_lon-43.9739_h265.41402167441555_p-45.jpg,1,1.0223099
imgs\img_175_lat-23.5943_lon-46.6951_h199.6848336855757_p-45.jpg,1,1.0225079
imgs\img_725_lat-23.5503_lon-46.6021_h324.62169527348874_p-45.jpg,1,1.0227163
imgs\img_901_lat-23.5503_lon-46.6021_h324.62169527348874_p-45.jpg,1,1.0227163
imgs\img_65_lat-7.1242_lon-34.8278_h175.2865394421215_p-45.jpg,1,1.0231981
imgs\img_643_lat-23.5506_lon-46.5917_h42.33553952453096_p-45.jpg,1,1.0234821
imgs\img_347_lat-19.9571_lon-43.9878_h26.103916836408473_p-45.jpg,1,1.0243516
imgs\img_218_lat-19.9378_lon-43.9271_h327.1923684902901_p-45.jpg,1,1.024546
imgs\img_280_lat-19.9368_lon-43.9304_h103.90592096620828_p-45.jpg,1,1.0255597
imgs\img_149_lat-19.9773_lon-43.9784_h337.017893418418_p-45.jpg,1,1.0265577
imgs\img_18_lat-19.9773_lon-43.9784_h337.0178793417151_p-45.jpg,1,1.0265577
imgs\img_1069_lat-20.3500_lon-40.2900_h9.943066848547573_p-45.jpg,1,1.027061
imgs\img_138_lat-19.9767_lon-43.9675_h290.30356393423426_p-45.jpg,1,1.0274912
imgs\img_290_lat-19.9328_lon-43.9389_h10.714532466409707_p-45.jpg,1,1.0278549
imgs\img_68_lat-7.1317_lon-34.8234_h253.3452727475277_p-45.jpg,1,1.0280628
imgs\img_33_lat-7.1317_lon-34.8234_h253.3452016463624_p-45.jpg,1,1.0286022
imgs\img_535_lat-23.5928_lon-46.6825_h164.23982243876912_p-45.jpg,1,1.0286463
imgs\img_214_lat-23.6061_lon-46.6645_h40.71164920715563_p-45.jpg,1,1.0289685
imgs\img_118_lat-23.5948_lon-46.6986_h220.0900319499959_p-45.jpg,1,1.0290327
imgs\img_1108_lat-20.3484_lon-40.2912_h10.262363002534073_p-45.jpg,1,1.0294688
imgs\img_155_lat-19.9354_lon-43.9293_h15.91500300185593_p-45.jpg,1,1.0298804
imgs\img_493_lat-23.6102_lon-46.6944_h140.61974765319883_p-45.jpg,1,1.0309328
imgs\img_100_lat-7.0689_lon-34.8462_h346.6899590801363_p-45.jpg,1,1.031054
imgs\img_1125_lat-20.3556_lon-40.2876_h78.48676857763627_p-45.jpg,1,1.0313622
imgs\img_206_lat-23.6083_lon-46.6736_h351.4834536845566_p-45.jpg,1,1.031984
imgs\img_100_lat-23.6165_lon-46.7081_h334.42250058585546_p-45.jpg,1,1.0320573
imgs\img_1037_lat-20.3509_lon-40.2902_h9.941489213240402_p-45.jpg,1,1.0325915
imgs\img_777_lat-23.5644_lon-46.5945_h215.5598196400928_p-45.jpg,1,1.0333147
imgs\img_437_lat-19.9614_lon-43.9921_h50.681795892653895_p-45.jpg,1,1.0333747
imgs\img_116_lat-7.1133_lon-34.8282_h339.3620281697929_p-45.jpg,1,1.0334269
imgs\img_882_lat-23.5800_lon-46.5903_h160.9308643979423_p-45.jpg,1,1.0334795
imgs\img_88_lat-23.5892_lon-46.7178_h243.72117456666896_p-45.jpg,1,1.0345482
imgs\img_187_lat-19.9358_lon-43.9396_h285.9009695069372_p-45.jpg,1,1.0348009
imgs\img_213_lat-19.9343_lon-43.9300_h105.12784998004884_p-45.jpg,1,1.0361713
imgs\img_253_lat-19.9379_lon-43.9365_h103.2493075640516_p-45.jpg,1,1.0361916
imgs\img_402_lat-19.9561_lon-43.9863_h347.03397089083956_p-45.jpg,1,1.0365978
imgs\img_99_lat-7.1165_lon-34.8236_h103.2891642014585_p-45.jpg,1,1.0369266
imgs\img_301_lat-19.9657_lon-43.9945_h153.0148438155684_p-45.jpg,1,1.0373479
imgs\img_6_lat-7.1145_lon-34.8292_h191.97696473302057_p-45.jpg,1,1.0380796
imgs\img_1_lat-23.3993_lon-51.9723_h270_p-45.jpg,1,1.0386198
imgs\img_428_lat-19.9566_lon-43.9863_h254.5379778568956_p-45.jpg,1,1.0387157
imgs\img_1198_lat-20.3422_lon-40.2901_h186.9111158626609_p-45.jpg,1,1.0395619
imgs\img_61_lat-7.1127_lon-34.8285_h337.1355925596512_p-45.jpg,1,1.0400425
imgs\img_374_lat-23.5869_lon-46.6649_h72.59463648959593_p-45.jpg,1,1.0402008
imgs\img_73_lat-7.1145_lon-34.8292_h191.97692680940727_p-45.jpg,1,1.040824
imgs\img_713_lat-23.5588_lon-46.5945_h116.1423939799268_p-45.jpg,1,1.0413699
imgs\img_697_lat-23.5473_lon-46.6045_h57.2157453049494_p-45.jpg,1,1.0416354
imgs\img_398_lat-19.9677_lon-43.9935_h277.2897308716648_p-45.jpg,1,1.0418904
imgs\img_243_lat-23.5920_lon-46.6666_h207.2025694938505_p-45.jpg,1,1.0431246
imgs\img_737_lat-23.5558_lon-46.5922_h25.88135684511451_p-45.jpg,1,1.043463
imgs\img_283_lat-19.9322_lon-43.9375_h191.4140432903917_p-45.jpg,1,1.0456357
imgs\img_879_lat-23.5679_lon-46.5888_h209.71918499135916_p-45.jpg,1,1.046209
imgs\img_108_lat-7.0644_lon-34.8493_h76.29198679876441_p-45.jpg,1,1.0475503
imgs\img_85_lat-7.1110_lon-34.8232_h344.0166616850024_p-45.jpg,1,1.0477918
imgs\img_623_lat-23.5602_lon-46.5871_h205.61553307818312_p-45.jpg,1,1.0479329
imgs\img_422_lat-19.9586_lon-43.9954_h238.4673308717336_p-45.jpg,1,1.0479419
imgs\img_211_lat-19.9377_lon-43.9347_h239.43960581435286_p-45.jpg,1,1.0483768
imgs\img_109_lat-23.5926_lon-46.7001_h330.6392356659043_p-45.jpg,1,1.050314
imgs\img_645_lat-23.5575_lon-46.5949_h295.63513146917705_p-45.jpg,1,1.0511682
imgs\img_993_lat-23.5684_lon-46.5950_h107.3053717604482_p-45.jpg,1,1.0524753
imgs\img_294_lat-19.9330_lon-43.9388_h295.37184557153176_p-45.jpg,1,1.0536925
imgs\img_425_lat-23.5978_lon-46.6749_h212.82873591743396_p-45.jpg,1,1.0541762
imgs\img_26_lat-19.9693_lon-43.9745_h319.56754699278065_p-45.jpg,1,1.0543003
imgs\img_28_lat-7.1124_lon-34.8244_h72.00682214614437_p-45.jpg,1,1.0546559
imgs\img_328_lat-23.5857_lon-46.6680_h300.2620261447584_p-45.jpg,1,1.0548031
imgs\img_787_lat-23.5659_lon-46.5972_h286.8013299006607_p-45.jpg,1,1.0550247
imgs\img_162_lat-19.9363_lon-43.9322_h193.3054193344982_p-45.jpg,1,1.0570036
imgs\img_743_lat-23.5586_lon-46.5875_h77.44752596706807_p-45.jpg,1,1.059409
imgs\img_365_lat-23.5962_lon-46.6699_h186.81668914068536_p-45.jpg,1,1.0595698
imgs\img_161_lat-23.6088_lon-46.6997_h192.07008737641968_p-45.jpg,1,1.059586
imgs\img_947_lat-23.5521_lon-46.6028_h231.68898141172988_p-45.jpg,1,1.0623254
imgs\img_1017_lat-20.3462_lon-40.2883_h278.7734478674379_p-45.jpg,1,1.0629743
imgs\img_257_lat-23.6075_lon-46.6636_h310.8621985741983_p-45.jpg,1,1.0640775
imgs\img_2_lat-25.4571_lon-49.2007_h270_p-45.jpg,1,1.0650222
imgs\img_1005_lat-20.3462_lon-40.2883_h278.77354998478836_p-45.jpg,1,1.0664618
imgs\img_89_lat-19.9852_lon-43.9736_h25.3354679788348_p-45.jpg,1,1.0670499
imgs\img_19_lat-19.9712_lon-43.9724_h259.5424705233696_p-45.jpg,1,1.0670561
imgs\img_80_lat-23.5901_lon-46.6971_h42.744579367739846_p-45.jpg,1,1.0677401
imgs\img_716_lat-23.5516_lon-46.6085_h145.2508227929178_p-45.jpg,1,1.069217
imgs\img_284_lat-19.9359_lon-43.9285_h53.16763010401871_p-45.jpg,1,1.0694935
imgs\img_383_lat-23.6073_lon-46.6603_h132.04434254690784_p-45.jpg,1,1.0697612
imgs\img_1197_lat-20.3434_lon-40.2916_h344.6234927073662_p-45.jpg,1,1.0710285
imgs\img_598_lat-23.5993_lon-46.6805_h297.0251200595511_p-45.jpg,1,1.0713633
imgs\img_613_lat-23.5506_lon-46.5901_h318.2013378950528_p-45.jpg,1,1.0713705
imgs\img_938_lat-23.5506_lon-46.5901_h318.2013378950528_p-45.jpg,1,1.0713705
imgs\img_372_lat-19.9655_lon-43.9928_h179.37655449045008_p-45.jpg,1,1.0720093
imgs\img_112_lat-19.9755_lon-43.9722_h119.0330301039765_p-45.jpg,1,1.0721942
imgs\img_36_lat-23.6041_lon-46.7124_h11.92003331394995_p-45.jpg,1,1.0727288
imgs\img_18_lat-19.9773_lon-43.9784_h157.01787934171512_p-45.jpg,1,1.07316
imgs\img_149_lat-19.9773_lon-43.9784_h157.01789341841803_p-45.jpg,1,1.0735449
imgs\img_141_lat-19.9755_lon-43.9613_h37.21832592505587_p-45.jpg,1,1.0750695
imgs\img_782_lat-23.5735_lon-46.5916_h196.2327047609282_p-45.jpg,1,1.0758675
imgs\img_533_lat-23.6167_lon-46.6927_h307.04673308735664_p-45.jpg,1,1.0769786
imgs\img_1149_lat-20.3518_lon-40.2873_h279.96833725194733_p-45.jpg,1,1.0781132
imgs\img_856_lat-23.5721_lon-46.5906_h134.39926009693266_p-45.jpg,1,1.0786182
imgs\img_649_lat-23.5548_lon-46.6001_h186.6264492331228_p-45.jpg,1,1.0786413
imgs\img_14_lat-7.1139_lon-34.8268_h273.82358055684034_p-45.jpg,1,1.0788261
imgs\img_1058_lat-20.3450_lon-40.2902_h4.402479960513801_p-45.jpg,1,1.0792959
imgs\img_62_lat-19.9797_lon-43.9744_h81.0325369234001_p-45.jpg,1,1.0794058
imgs\img_1087_lat-20.3434_lon-40.2916_h344.62339439290315_p-45.jpg,1,1.0802366
imgs\img_1010_lat-20.3465_lon-40.2883_h58.30152137454252_p-45.jpg,1,1.0821027
imgs\img_18_lat-23.6045_lon-46.7166_h93.71889713934098_p-45.jpg,1,1.0821658
imgs\img_963_lat-23.5531_lon-46.5987_h194.2947193963452_p-45.jpg,1,1.0832527
imgs\img_406_lat-19.9607_lon-43.9911_h229.34586203932503_p-45.jpg,1,1.0841966
imgs\img_249_lat-19.9350_lon-43.9297_h59.50970473778218_p-45.jpg,1,1.08499
imgs\img_326_lat-23.5931_lon-46.6703_h49.831433553935085_p-45.jpg,1,1.0869038
imgs\img_225_lat-23.6041_lon-46.6726_h130.81760741288176_p-45.jpg,1,1.0912687
imgs\img_561_lat-23.5823_lon-46.6803_h73.50064211537948_p-45.jpg,1,1.1008033
imgs\img_66_lat-7.1116_lon-34.8230_h345.3719640415125_p-45.jpg,2,0.69801295
imgs\img_92_lat-7.1250_lon-34.8276_h271.6242420289279_p-45.jpg,2,0.6997724
imgs\img_543_lat-23.6093_lon-46.6944_h19.678289595766273_p-45.jpg,2,0.70061004
imgs\img_132_lat-23.5916_lon-46.6945_h202.89619068675265_p-45.jpg,2,0.7052064
imgs\img_401_lat-19.9669_lon-43.9922_h315.33536036804884_p-45.jpg,2,0.7055382
imgs\img_931_lat-23.5506_lon-46.5951_h136.75822973274182_p-45.jpg,2,0.70738167
imgs\img_24_lat-19.9693_lon-43.9623_h122.63585900496861_p-45.jpg,2,0.70830613
imgs\img_390_lat-23.5920_lon-46.6727_h186.3270240067552_p-45.jpg,2,0.7088846
imgs\img_701_lat-23.5503_lon-46.5886_h42.45206887537998_p-45.jpg,2,0.7100965
imgs\img_413_lat-19.9671_lon-43.9924_h84.90167517777347_p-45.jpg,2,0.7125981
imgs\img_132_lat-23.5916_lon-46.6945_h22.896190686752675_p-45.jpg,2,0.7126602
imgs\img_102_lat-7.1460_lon-34.8088_h270_p-45.jpg,2,0.7140096
imgs\img_931_lat-23.5506_lon-46.5951_h316.7582297327418_p-45.jpg,2,0.7143387
imgs\img_126_lat-7.1127_lon-34.8291_h244.1356544049332_p-45.jpg,2,0.71694136
imgs\img_255_lat-23.5803_lon-46.6636_h237.9992434560558_p-45.jpg,2,0.7173191
imgs\img_694_lat-23.5693_lon-46.5818_h321.904682361287_p-45.jpg,2,0.7198736
imgs\img_84_lat-7.1253_lon-34.8261_h171.96790307371361_p-45.jpg,2,0.7221405
imgs\img_71_lat-23.5901_lon-46.7058_h163.9260103605293_p-45.jpg,2,0.72303694
imgs\img_86_lat-7.1233_lon-34.8288_h160.92038139088072_p-45.jpg,2,0.723046
imgs\img_30_lat-23.6024_lon-46.7116_h38.183636104286165_p-45.jpg,2,0.7239723
imgs\img_439_lat-23.6192_lon-46.6948_h126.51289750560102_p-45.jpg,2,0.7244501
imgs\img_127_lat-23.5980_lon-46.7196_h128.49610367250745_p-45.jpg,2,0.72480506
imgs\img_948_lat-23.5580_lon-46.5961_h122.18544516496974_p-45.jpg,2,0.72570205
imgs\img_409_lat-23.5790_lon-46.6763_h56.67572917632617_p-45.jpg,2,0.7287706
imgs\img_1175_lat-20.3559_lon-40.2878_h57.275053942361126_p-45.jpg,2,0.728982
imgs\img_920_lat-23.5558_lon-46.5913_h311.8701807929579_p-45.jpg,2,0.7295234
imgs\img_1072_lat-20.3486_lon-40.2884_h278.92508008644154_p-45.jpg,2,0.7298273
imgs\img_150_lat-23.5966_lon-46.7007_h32.89578175632291_p-45.jpg,2,0.7324109
imgs\img_1192_lat-20.3486_lon-40.2884_h278.92519556805_p-45.jpg,2,0.73248166
imgs\img_205_lat-7.0759_lon-34.8353_h90_p-45.jpg,2,0.73303616
imgs\img_875_lat-23.5693_lon-46.5952_h275.3231784773436_p-45.jpg,2,0.7332534
imgs\img_1137_lat-20.3548_lon-40.2961_h188.7851115223014_p-45.jpg,2,0.73431236
imgs\img_83_lat-7.1133_lon-34.8303_h242.83443244920682_p-45.jpg,2,0.73460066
imgs\img_565_lat-23.6081_lon-46.6775_h294.20563524773945_p-45.jpg,2,0.73468614
imgs\img_1180_lat-20.3528_lon-40.2840_h189.32311726293568_p-45.jpg,2,0.7352071
imgs\img_3_lat-7.0714_lon-34.8348_h128.8026054508029_p-45.jpg,2,0.73532635
imgs\img_1123_lat-20.3521_lon-40.2911_h190.48113282033015_p-45.jpg,2,0.73572206
imgs\img_1140_lat-20.3491_lon-40.2886_h8.715244370291714_p-45.jpg,2,0.73633677
imgs\img_600_lat-23.5794_lon-46.5878_h301.05207117584365_p-45.jpg,2,0.73641753
imgs\img_476_lat-23.6170_lon-46.6809_h34.39142125415128_p-45.jpg,2,0.73645425
imgs\img_401_lat-23.6055_lon-46.6966_h18.38323475188603_p-45.jpg,2,0.7377213
imgs\img_694_lat-23.5693_lon-46.5818_h141.90468236128697_p-45.jpg,2,0.73773926
imgs\img_311_lat-19.9554_lon-43.9921_h268.0577499761049_p-45.jpg,2,0.7382338
imgs\img_1117_lat-20.3568_lon-40.2898_h64.47143337205068_p-45.jpg,2,0.73968214
imgs\img_59_lat-23.6077_lon-46.7048_h24.10260993590134_p-45.jpg,2,0.74068224
imgs\img_885_lat-23.5527_lon-46.6067_h275.3024245123851_p-45.jpg,2,0.7415925
imgs\img_333_lat-19.9608_lon-43.9904_h298.9403759861673_p-45.jpg,2,0.74232924
imgs\img_952_lat-23.5594_lon-46.5932_h116.12732156563806_p-45.jpg,2,0.7428509
imgs\img_129_lat-7.1175_lon-34.8285_h282.9555364514348_p-45.jpg,2,0.7439261
imgs\img_1056_lat-20.3468_lon-40.2879_h99.38483380082457_p-45.jpg,2,0.7451056
imgs\img_64_lat-19.9823_lon-43.9742_h350.20045822909435_p-45.jpg,2,0.745188
imgs\img_827_lat-23.5568_lon-46.5852_h26.62664587834371_p-45.jpg,2,0.74554867
imgs\img_1056_lat-20.3468_lon-40.2879_h279.3848338008246_p-45.jpg,2,0.7456383
imgs\img_1064_lat-20.3497_lon-40.2884_h99.43685980853218_p-45.jpg,2,0.74675083
imgs\img_214_lat-23.4069_lon-51.9539_h270_p-45.jpg,2,0.74822116
imgs\img_346_lat-19.9612_lon-43.9900_h24.706942540019327_p-45.jpg,2,0.7482836
imgs\img_216_lat-22.9998_lon-43.4092_h90_p-45.jpg,2,0.7488667
imgs\img_279_lat-19.9322_lon-43.9332_h104.2407794136846_p-45.jpg,2,0.75030816
imgs\img_30_lat-23.6024_lon-46.7116_h218.1836361042862_p-45.jpg,2,0.750525
imgs\img_255_lat-23.5803_lon-46.6636_h57.99924345605582_p-45.jpg,2,0.7509491
imgs\img_74_lat-7.1457_lon-34.8096_h113.79929724658648_p-45.jpg,2,0.751069
imgs\img_747_lat-23.5713_lon-46.5813_h184.64383697806787_p-45.jpg,2,0.75111413
imgs\img_102_lat-7.1460_lon-34.8088_h90_p-45.jpg,2,0.7512585
imgs\img_1179_lat-20.3566_lon-40.2909_h147.00596059207896_p-45.jpg,2,0.75149435
imgs\img_139_lat-7.0618_lon-34.8462_h345.85937759134583_p-45.jpg,2,0.75173694
imgs\img_726_lat-23.5587_lon-46.6067_h336.2912269774491_p-45.jpg,2,0.75191736
imgs\img_10_lat-7.0705_lon-34.8360_h309.56492754238195_p-45.jpg,2,0.7519455
imgs\img_653_lat-23.5668_lon-46.5876_h314.2028784526372_p-45.jpg,2,0.7521601
imgs\img_83_lat-7.1133_lon-34.8303_h62.8344324492068_p-45.jpg,2,0.75233406
imgs\img_414_lat-23.6020_lon-46.6941_h287.44886183400536_p-45.jpg,2,0.7528653
imgs\img_1137_lat-20.3548_lon-40.2961_h8.785111522301406_p-45.jpg,2,0.7530353
imgs\img_1191_lat-20.3499_lon-40.2871_h279.4345409776052_p-45.jpg,2,0.75326204
imgs\img_23_lat-7.0710_lon-34.8353_h128.88254326581892_p-45.jpg,2,0.75352293
imgs\img_110_lat-7.1112_lon-34.8262_h62.88008774932266_p-45.jpg,2,0.7539879
imgs\img_245_lat-23.0002_lon-43.3677_h270_p-45.jpg,2,0.7550428
imgs\img_38_lat-7.1295_lon-34.8242_h159.7433787834035_p-45.jpg,2,0.7552393
imgs\img_831_lat-23.5668_lon-46.6010_h119.15838880706347_p-45.jpg,2,0.7553558
imgs\img_52_lat-7.1283_lon-34.8246_h340.17256506327186_p-45.jpg,2,0.75576156
imgs\img_5_lat-7.1233_lon-34.8287_h182.1320786155687_p-45.jpg,2,0.75617427
imgs\img_1117_lat-20.3568_lon-40.2898_h244.47143337205068_p-45.jpg,2,0.7570225
imgs\img_527_lat-23.5952_lon-46.6838_h248.18257082966664_p-45.jpg,2,0.7580209
imgs\img_101_lat-23.5846_lon-46.6984_h293.8929854126393_p-45.jpg,2,0.75815016
imgs\img_117_lat-7.0690_lon-34.8453_h256.21103381188743_p-45.jpg,2,0.7581756
imgs\img_110_lat-7.1112_lon-34.8262_h242.88008774932266_p-45.jpg,2,0.7588949
imgs\img_555_lat-23.5817_lon-46.6845_h341.8780373727877_p-45.jpg,2,0.75972015
imgs\img_1138_lat-20.3523_lon-40.2843_h262.13573155824093_p-45.jpg,2,0.76000166
imgs\img_671_lat-23.5708_lon-46.5933_h215.18890405591983_p-45.jpg,2,0.7601712
imgs\img_12_lat-23.6013_lon-46.7096_h198.83180730214477_p-45.jpg,2,0.76120704
imgs\img_752_lat-23.5544_lon-46.6011_h97.08063521330394_p-45.jpg,2,0.76154613
imgs\img_65_lat-19.9853_lon-43.9734_h108.69454215218002_p-45.jpg,2,0.761618
imgs\img_801_lat-23.5504_lon-46.6008_h149.21038538331328_p-45.jpg,2,0.76202446
imgs\img_668_lat-23.5592_lon-46.5887_h116.55323595070492_p-45.jpg,2,0.7622361
imgs\img_7_lat-7.1177_lon-34.8263_h10.965681889359416_p-45.jpg,2,0.76252943
imgs\img_963_lat-23.5531_lon-46.5987_h14.294719396345158_p-45.jpg,2,0.7628529
imgs\img_801_lat-23.5504_lon-46.6008_h329.2103853833133_p-45.jpg,2,0.7629352
imgs\img_402_lat-19.9561_lon-43.9863_h167.03397089083953_p-45.jpg,2,0.7629845
imgs\img_404_lat-23.5901_lon-46.6783_h343.3156602761481_p-45.jpg,2,0.7634083
imgs\img_262_lat-23.6138_lon-46.6597_h41.12709206421468_p-45.jpg,2,0.7635684
imgs\img_571_lat-23.6233_lon-46.6887_h129.2574466984153_p-45.jpg,2,0.76421607
imgs\img_164_lat-23.6112_lon-46.7072_h125.34911927204234_p-45.jpg,2,0.76457363
imgs\img_78_lat-7.0683_lon-34.8425_h255.23867144124287_p-45.jpg,2,0.7648676
imgs\img_329_lat-23.5909_lon-46.6511_h160.96909449958457_p-45.jpg,2,0.76487166
imgs\img_658_lat-23.5776_lon-46.5971_h156.41785599642338_p-45.jpg,2,0.7652042
imgs\img_212_lat-23.5837_lon-46.6484_h144.87246107337813_p-45.jpg,2,0.76523525
imgs\img_1184_lat-20.3512_lon-40.2906_h280.976401198606_p-45.jpg,2,0.7654269
imgs\img_987_lat-23.5638_lon-46.5971_h321.311064499771_p-45.jpg,2,0.7657867
imgs\img_316_lat-23.5957_lon-46.6671_h277.32315463677827_p-45.jpg,2,0.76589507
imgs\img_952_lat-23.5594_lon-46.5932_h296.12732156563806_p-45.jpg,2,0.76611006
imgs\img_387_lat-23.5948_lon-46.6633_h249.62539530241617_p-45.jpg,2,0.76614475
imgs\img_5_lat-7.1233_lon-34.8287_h2.13207861556873_p-45.jpg,2,0.76631236
imgs\img_859_lat-23.5689_lon-46.5925_h138.95500469226909_p-45.jpg,2,0.7666788
imgs\img_877_lat-23.5660_lon-46.6033_h155.84020349745265_p-45.jpg,2,0.76778924
imgs\img_1192_lat-20.3486_lon-40.2884_h98.92519556805_p-45.jpg,2,0.76810884
imgs\img_1193_lat-20.3538_lon-40.2959_h10.0538509874944_p-45.jpg,2,0.76817685
imgs\img_279_lat-23.6022_lon-46.6693_h40.4675262324464_p-45.jpg,2,0.7682235
imgs\img_45_lat-7.1164_lon-34.8259_h192.46278627175877_p-45.jpg,2,0.76832706
imgs\img_183_lat-23.5876_lon-46.7101_h326.2214479286321_p-45.jpg,2,0.76836425
imgs\img_225_lat-23.0002_lon-43.3669_h270_p-45.jpg,2,0.7690182
imgs\img_476_lat-23.6170_lon-46.6809_h214.39142125415125_p-45.jpg,2,0.76907384
imgs\img_553_lat-23.5951_lon-46.6732_h187.0367303110464_p-45.jpg,2,0.76959157
imgs\img_1193_lat-20.3538_lon-40.2959_h190.0538509874944_p-45.jpg,2,0.76963294
imgs\img_23_lat-7.0710_lon-34.8353_h308.8825432658189_p-45.jpg,2,0.7699342
imgs\img_120_lat-19.9774_lon-43.9667_h242.57446151755968_p-45.jpg,2,0.7702028
imgs\img_404_lat-23.5901_lon-46.6783_h163.31566027614804_p-45.jpg,2,0.77102065
imgs\img_310_lat-23.6112_lon-46.6625_h131.12709722056985_p-45.jpg,2,0.7715978
imgs\img_480_lat-23.6182_lon-46.6823_h220.47447251072265_p-45.jpg,2,0.7719833
imgs\img_1072_lat-20.3486_lon-40.2884_h98.92508008644154_p-45.jpg,2,0.77226734
imgs\img_126_lat-7.1127_lon-34.8291_h64.1356544049332_p-45.jpg,2,0.77229196
imgs\img_32_lat-23.6046_lon-46.7151_h273.355012107198_p-45.jpg,2,0.77406126
imgs\img_373_lat-23.5957_lon-46.6671_h277.32297891397866_p-45.jpg,2,0.7741908
imgs\img_92_lat-7.1250_lon-34.8276_h91.6242420289279_p-45.jpg,2,0.77438706
imgs\img_221_lat-23.5979_lon-46.6728_h14.586046402315674_p-45.jpg,2,0.77449536
imgs\img_217_lat-23.6024_lon-46.6743_h16.611485425777094_p-45.jpg,2,0.77495337
imgs\img_745_lat-23.5516_lon-46.5875_h312.79428375599747_p-45.jpg,2,0.77503854
imgs\img_798_lat-23.5564_lon-46.5857_h311.50207744809654_p-45.jpg,2,0.7758295
imgs\img_794_lat-23.5560_lon-46.5887_h126.97027790718047_p-45.jpg,2,0.77583754
imgs\img_966_lat-23.5560_lon-46.5887_h126.97027790718047_p-45.jpg,2,0.77583754
imgs\img_510_lat-23.6015_lon-46.6914_h18.3691763474424_p-45.jpg,2,0.7764002
imgs\img_767_lat-23.5632_lon-46.5911_h140.05229756473864_p-45.jpg,2,0.77646947
imgs\img_925_lat-23.5632_lon-46.5911_h140.05229756473864_p-45.jpg,2,0.77646947
imgs\img_401_lat-23.6055_lon-46.6966_h198.38323475188602_p-45.jpg,2,0.77664506
imgs\img_76_lat-7.1119_lon-34.8270_h154.0913443519969_p-45.jpg,2,0.77672166
imgs\img_50_lat-7.1308_lon-34.8234_h159.9572441685823_p-45.jpg,2,0.7767536
imgs\img_961_lat-23.5632_lon-46.5911_h140.05231831191978_p-45.jpg,2,0.7770338
imgs\img_217_lat-23.6024_lon-46.6743_h196.6114854257771_p-45.jpg,2,0.77712244
imgs\img_0_lat-7.1134_lon-34.8255_h353.41026903032935_p-45.jpg,2,0.7771326
imgs\img_1112_lat-20.3481_lon-40.2875_h279.9168750112721_p-45.jpg,2,0.7775306
imgs\img_455_lat-23.5893_lon-46.6765_h70.7435856967759_p-45.jpg,2,0.7778803
imgs\img_125_lat-23.5989_lon-46.7043_h286.0568477750155_p-45.jpg,2,0.7782139
imgs\img_306_lat-23.6115_lon-46.6698_h225.77569914862076_p-45.jpg,2,0.7782536
imgs\img_185_lat-23.6153_lon-46.7014_h10.668579042619626_p-45.jpg,2,0.77840036
imgs\img_1175_lat-20.3559_lon-40.2878_h237.27505394236113_p-45.jpg,2,0.77875996
imgs\img_692_lat-23.5602_lon-46.5990_h254.8249105428362_p-45.jpg,2,0.7795927
imgs\img_955_lat-23.5631_lon-46.5886_h206.03407514679904_p-45.jpg,2,0.77991617
imgs\img_364_lat-23.5942_lon-46.6614_h69.67149556953382_p-45.jpg,2,0.7799206
imgs\img_94_lat-7.0722_lon-34.8424_h346.6494822104026_p-45.jpg,2,0.77994335
imgs\img_1155_lat-20.3536_lon-40.2944_h98.60440938138697_p-45.jpg,2,0.7804484
imgs\img_746_lat-23.5613_lon-46.5927_h138.84597820071963_p-45.jpg,2,0.7805784
imgs\img_527_lat-23.5952_lon-46.6838_h68.18257082966664_p-45.jpg,2,0.7820932
imgs\img_309_lat-23.6150_lon-46.6646_h130.70774201413826_p-45.jpg,2,0.78237396
imgs\img_157_lat-23.4280_lon-51.9567_h270_p-45.jpg,2,0.7824676
imgs\img_219_lat-23.6027_lon-46.6575_h311.1510884228271_p-45.jpg,2,0.78270185
imgs\img_674_lat-23.5627_lon-46.6022_h155.99151649274222_p-45.jpg,2,0.7835443
imgs\img_339_lat-23.5922_lon-46.6505_h358.115776443127_p-45.jpg,2,0.7842606
imgs\img_17_lat-7.1216_lon-34.8240_h1.6963035652676126_p-45.jpg,2,0.7860415
imgs\img_216_lat-22.9998_lon-43.4092_h270_p-45.jpg,2,0.78606206
imgs\img_138_lat-23.6088_lon-46.7125_h21.632460286450623_p-45.jpg,2,0.78625286
imgs\img_94_lat-19.9713_lon-43.9657_h226.12151600901774_p-45.jpg,2,0.7865654
imgs\img_41_lat-7.0587_lon-34.8434_h76.4362010884895_p-45.jpg,2,0.7865854
imgs\img_914_lat-23.5541_lon-46.5949_h280.99094695427186_p-45.jpg,2,0.7867433
imgs\img_157_lat-23.0001_lon-43.3549_h270_p-45.jpg,2,0.7867903
imgs\img_143_lat-7.0655_lon-34.8441_h346.1395172065351_p-45.jpg,2,0.7868657
imgs\img_1082_lat-20.3511_lon-40.2933_h346.88615009745416_p-45.jpg,2,0.7871946
imgs\img_1179_lat-20.3566_lon-40.2909_h327.00596059207896_p-45.jpg,2,0.78720355
imgs\img_88_lat-7.1461_lon-34.8090_h57.60662296657896_p-45.jpg,2,0.7873746
imgs\img_142_lat-19.9681_lon-43.9676_h15.853044473141267_p-45.jpg,2,0.7874667
imgs\img_295_lat-19.9392_lon-43.9272_h260.8004297568152_p-45.jpg,2,0.78756124
imgs\img_232_lat-23.6108_lon-46.6647_h310.8793273271434_p-45.jpg,2,0.78756887
imgs\img_305_lat-23.6009_lon-46.6542_h75.95025319421683_p-45.jpg,2,0.7876899
imgs\img_220_lat-23.6119_lon-46.6624_h40.859046291581194_p-45.jpg,2,0.78771424
imgs\img_143_lat-23.5951_lon-46.6979_h177.9114362859003_p-45.jpg,2,0.78784245
imgs\img_603_lat-23.5517_lon-46.5870_h221.90036825171984_p-45.jpg,2,0.78785986
imgs\img_884_lat-23.5517_lon-46.5870_h221.90036825171984_p-45.jpg,2,0.78785986
imgs\img_101_lat-23.5846_lon-46.6984_h113.89298541263929_p-45.jpg,2,0.78813064
imgs\img_300_lat-23.6151_lon-46.6669_h40.80521874620589_p-45.jpg,2,0.78865194
imgs\img_565_lat-23.6081_lon-46.6775_h114.20563524773948_p-45.jpg,2,0.7891427
imgs\img_1033_lat-20.3557_lon-40.2876_h307.7486417712324_p-45.jpg,2,0.7894202
imgs\img_712_lat-23.5543_lon-46.6024_h276.4000897776464_p-45.jpg,2,0.79056245
imgs\img_225_lat-19.9386_lon-43.9392_h102.89499945949251_p-45.jpg,2,0.7905627
imgs\img_482_lat-23.6094_lon-46.6878_h310.90377658307494_p-45.jpg,2,0.7907304
imgs\img_260_lat-23.6062_lon-46.6730_h40.81518881447638_p-45.jpg,2,0.7911974
imgs\img_762_lat-23.5469_lon-46.6011_h72.14866961039388_p-45.jpg,2,0.79162085
imgs\img_836_lat-23.5688_lon-46.5934_h287.2705862838421_p-45.jpg,2,0.7918565
imgs\img_1138_lat-20.3523_lon-40.2843_h82.13573155824095_p-45.jpg,2,0.7924171
imgs\img_94_lat-7.0722_lon-34.8424_h166.64948221040254_p-45.jpg,2,0.7930955
imgs\img_300_lat-19.9577_lon-43.9911_h146.62161021178582_p-45.jpg,2,0.793149
imgs\img_1076_lat-20.3535_lon-40.2958_h10.763786604487962_p-45.jpg,2,0.7939657
imgs\img_84_lat-7.1116_lon-34.8251_h153.35430805725366_p-45.jpg,2,0.7943174
imgs\img_837_lat-23.5773_lon-46.5931_h194.4636122652693_p-45.jpg,2,0.79438305
imgs\img_660_lat-23.5535_lon-46.5903_h133.7959197979261_p-45.jpg,2,0.7944811
imgs\img_304_lat-19.9672_lon-43.9937_h276.65890199745206_p-45.jpg,2,0.794491
imgs\img_990_lat-23.5580_lon-46.6032_h96.25425989682441_p-45.jpg,2,0.7945297
imgs\img_0_lat-7.1134_lon-34.8255_h173.41026903032937_p-45.jpg,2,0.7946656
imgs\img_763_lat-23.5686_lon-46.5828_h93.20278720868362_p-45.jpg,2,0.79475266
imgs\img_760_lat-23.5543_lon-46.5839_h207.701222555171_p-45.jpg,2,0.79490453
imgs\img_868_lat-23.5543_lon-46.5839_h207.701222555171_p-45.jpg,2,0.79490453
imgs\img_552_lat-23.5813_lon-46.6706_h173.01682304025042_p-45.jpg,2,0.7949959
imgs\img_35_lat-7.1111_lon-34.8254_h154.53605303625568_p-45.jpg,2,0.79510534
imgs\img_67_lat-7.1280_lon-34.8232_h163.25269324325177_p-45.jpg,2,0.79516476
imgs\img_485_lat-23.5879_lon-46.6735_h163.6323556722616_p-45.jpg,2,0.7952072
imgs\img_1023_lat-20.3527_lon-40.2930_h280.3411059586537_p-45.jpg,2,0.79547745
imgs\img_74_lat-7.1457_lon-34.8096_h293.7992972465865_p-45.jpg,2,0.79569066
imgs\img_339_lat-23.5922_lon-46.6505_h178.11577644312706_p-45.jpg,2,0.7959279
imgs\img_20_lat-7.1453_lon-34.8105_h113.06016069850352_p-45.jpg,2,0.79673153
imgs\img_741_lat-23.5692_lon-46.5970_h304.6206462072455_p-45.jpg,2,0.7968652
imgs\img_56_lat-7.1447_lon-34.8133_h305.96846346661744_p-45.jpg,2,0.79724735
imgs\img_913_lat-23.5599_lon-46.5873_h115.94143015756588_p-45.jpg,2,0.7975165
imgs\img_36_lat-19.9755_lon-43.9667_h329.5887818022299_p-45.jpg,2,0.79773325
imgs\img_744_lat-23.5819_lon-46.5934_h275.8056710124108_p-45.jpg,2,0.7978421
imgs\img_867_lat-23.5543_lon-46.5839_h207.70135986410148_p-45.jpg,2,0.79785055
imgs\img_400_lat-19.9656_lon-43.9942_h270.1415735754995_p-45.jpg,2,0.7978779
imgs\img_70_lat-23.5768_lon-46.7075_h327.59871011182_p-45.jpg,2,0.79799795
imgs\img_298_lat-23.5879_lon-46.6482_h352.7575314200352_p-45.jpg,2,0.7980442
imgs\img_683_lat-23.5495_lon-46.6110_h58.28609740883144_p-45.jpg,2,0.7982595
imgs\img_700_lat-23.5522_lon-46.6070_h51.296687584950234_p-45.jpg,2,0.7984899
imgs\img_35_lat-7.1111_lon-34.8254_h334.5360530362556_p-45.jpg,2,0.7985156
imgs\img_48_lat-7.1170_lon-34.8261_h13.90957988636012_p-45.jpg,2,0.7985804
imgs\img_1154_lat-20.3507_lon-40.2935_h166.4363114682841_p-45.jpg,2,0.79899573
imgs\img_119_lat-7.0629_lon-34.8447_h346.0815903341575_p-45.jpg,2,0.79953665
imgs\img_71_lat-23.5901_lon-46.7058_h343.92601036052935_p-45.jpg,2,0.79972667
imgs\img_316_lat-19.9672_lon-43.9937_h276.6584915014245_p-45.jpg,2,0.79995775
imgs\img_233_lat-23.5769_lon-46.6579_h329.54010548505846_p-45.jpg,2,0.80018276
imgs\img_706_lat-23.5552_lon-46.6030_h96.20337038434184_p-45.jpg,2,0.8003097
imgs\img_24_lat-19.9693_lon-43.9623_h302.6358590049686_p-45.jpg,2,0.8005369
imgs\img_117_lat-7.1186_lon-34.8273_h189.56054917315723_p-45.jpg,2,0.8007276
imgs\img_39_lat-19.9808_lon-43.9781_h41.55510914841694_p-45.jpg,2,0.80086505
imgs\img_26_lat-23.5903_lon-46.7026_h44.956482775798186_p-45.jpg,2,0.8009988
imgs\img_239_lat-23.5798_lon-46.6552_h60.18069272894496_p-45.jpg,2,0.8010544
imgs\img_762_lat-23.5469_lon-46.6011_h252.14866961039388_p-45.jpg,2,0.80108243
imgs\img_717_lat-23.5535_lon-46.5985_h279.2165338129725_p-45.jpg,2,0.8013644
imgs\img_644_lat-23.5708_lon-46.5919_h136.5650344684994_p-45.jpg,2,0.8016746
imgs\img_511_lat-23.6166_lon-46.6807_h213.0552474211154_p-45.jpg,2,0.80185443
imgs\img_425_lat-19.9620_lon-43.9904_h24.934398017066428_p-45.jpg,2,0.80206376
imgs\img_59_lat-23.6077_lon-46.7048_h204.10260993590137_p-45.jpg,2,0.80212545
imgs\img_77_lat-7.0636_lon-34.8446_h346.2802463427731_p-45.jpg,2,0.80235255
imgs\img_169_lat-19.9313_lon-43.9343_h239.31025621632128_p-45.jpg,2,0.80249965
imgs\img_45_lat-7.1164_lon-34.8259_h12.462786271758773_p-45.jpg,2,0.80258316
imgs\img_794_lat-23.5560_lon-46.5887_h306.9702779071805_p-45.jpg,2,0.80283374
imgs\img_65_lat-19.9853_lon-43.9734_h288.69454215218_p-45.jpg,2,0.8029694
imgs\img_966_lat-23.5560_lon-46.5887_h306.9702779071805_p-45.jpg,2,0.8030094
imgs\img_272_lat-23.6090_lon-46.6727_h4.922078096806502_p-45.jpg,2,0.8031214
imgs\img_117_lat-7.0690_lon-34.8453_h76.21103381188745_p-45.jpg,2,0.8036953
imgs\img_1000_lat-20.3537_lon-40.2938_h280.278326135063_p-45.jpg,2,0.8044442
imgs\img_474_lat-23.5806_lon-46.6781_h343.2128672764072_p-45.jpg,2,0.8045889
imgs\img_258_lat-23.5766_lon-46.6585_h225.07236425630708_p-45.jpg,2,0.8047842
imgs\img_926_lat-23.5646_lon-46.5899_h321.14861032573094_p-45.jpg,2,0.80490226
imgs\img_1143_lat-20.3490_lon-40.2849_h189.16078482756265_p-45.jpg,2,0.8054711
imgs\img_647_lat-23.5525_lon-46.6088_h277.66628569162543_p-45.jpg,2,0.80576074
imgs\img_914_lat-23.5541_lon-46.5949_h100.99094695427186_p-45.jpg,2,0.805795
imgs\img_205_lat-19.9389_lon-43.9370_h59.00293097769452_p-45.jpg,2,0.8058261
imgs\img_11_lat-19.9754_lon-43.9684_h348.6113412492283_p-45.jpg,2,0.80630875
imgs\img_673_lat-23.5658_lon-46.5941_h120.3894764184127_p-45.jpg,2,0.806387
imgs\img_185_lat-23.6153_lon-46.7014_h190.6685790426196_p-45.jpg,2,0.8069805
imgs\img_985_lat-23.5550_lon-46.5925_h298.13472026217687_p-45.jpg,2,0.80721265
imgs\img_468_lat-23.5947_lon-46.6899_h325.3646529864436_p-45.jpg,2,0.8074782
imgs\img_600_lat-23.5794_lon-46.5878_h121.05207117584365_p-45.jpg,2,0.8076416
imgs\img_1145_lat-20.3505_lon-40.2935_h166.1304629150111_p-45.jpg,2,0.8078323
imgs\img_131_lat-7.0625_lon-34.8460_h345.77088261871745_p-45.jpg,2,0.8081826
imgs\img_14_lat-7.0625_lon-34.8460_h345.77086183992185_p-45.jpg,2,0.8081826
imgs\img_130_lat-23.5955_lon-46.7079_h221.10681794309787_p-45.jpg,2,0.8083391
imgs\img_451_lat-23.6206_lon-46.6869_h127.24792801490457_p-45.jpg,2,0.8083463
imgs\img_714_lat-23.5740_lon-46.5851_h150.69579956676716_p-45.jpg,2,0.808517
imgs\img_45_lat-19.9694_lon-43.9617_h268.8412270587552_p-45.jpg,2,0.8085853
imgs\img_76_lat-7.1234_lon-34.8283_h86.66817746690782_p-45.jpg,2,0.80881494
imgs\img_629_lat-23.5679_lon-46.5934_h286.3238189973318_p-45.jpg,2,0.8089966
imgs\img_760_lat-23.5543_lon-46.5839_h27.701222555171_p-45.jpg,2,0.809167
imgs\img_868_lat-23.5543_lon-46.5839_h27.701222555171_p-45.jpg,2,0.809167
imgs\img_1164_lat-20.3490_lon-40.2849_h189.16083775327564_p-45.jpg,2,0.81012565
imgs\img_200_lat-23.5828_lon-46.6679_h57.45043574810719_p-45.jpg,2,0.810215
imgs\img_508_lat-23.6192_lon-46.6964_h108.04302606148337_p-45.jpg,2,0.8106467
imgs\img_183_lat-23.5876_lon-46.7101_h146.22144792863205_p-45.jpg,2,0.8107471
imgs\img_375_lat-23.6052_lon-46.6682_h311.0858516770769_p-45.jpg,2,0.81094724
imgs\img_10_lat-7.0705_lon-34.8360_h129.56492754238195_p-45.jpg,2,0.81110823
imgs\img_288_lat-19.9317_lon-43.9352_h60.30122306162809_p-45.jpg,2,0.8113319
imgs\img_364_lat-23.5942_lon-46.6614_h249.6714955695338_p-45.jpg,2,0.8114299
imgs\img_41_lat-7.0587_lon-34.8434_h256.4362010884895_p-45.jpg,2,0.81169236
imgs\img_274_lat-23.6000_lon-46.6523_h49.19236506791918_p-45.jpg,2,0.81169873
imgs\img_699_lat-23.5679_lon-46.5934_h286.3236943284353_p-45.jpg,2,0.8118923
imgs\img_84_lat-7.1116_lon-34.8251_h333.35430805725366_p-45.jpg,2,0.811915
imgs\img_960_lat-23.5571_lon-46.5934_h296.4371746609065_p-45.jpg,2,0.8120366
imgs\img_35_lat-19.9853_lon-43.9729_h266.4094374722536_p-45.jpg,2,0.81211704
imgs\img_926_lat-23.5646_lon-46.5899_h141.14861032573097_p-45.jpg,2,0.81213564
imgs\img_827_lat-23.5568_lon-46.5852_h206.6266458783437_p-45.jpg,2,0.8121777
imgs\img_201_lat-23.5789_lon-46.6596_h236.2916277872135_p-45.jpg,2,0.8122093
imgs\img_1_lat-23.3993_lon-51.9723_h90_p-45.jpg,2,0.812312
imgs\img_19_lat-23.6073_lon-46.7056_h146.75775085653478_p-45.jpg,2,0.81247765
imgs\img_252_lat-19.9358_lon-43.9290_h283.4609265365051_p-45.jpg,2,0.8125448
imgs\img_61_lat-19.9821_lon-43.9793_h69.37912988737857_p-45.jpg,2,0.81259865
imgs\img_125_lat-23.5989_lon-46.7043_h106.05684777501553_p-45.jpg,2,0.8127661
imgs\img_64_lat-19.9823_lon-43.9742_h170.20045822909432_p-45.jpg,2,0.8137152
imgs\img_747_lat-23.5713_lon-46.5813_h4.643836978067839_p-45.jpg,2,0.81379527
imgs\img_25_lat-7.1459_lon-34.8091_h273.84122888209185_p-45.jpg,2,0.8140027
imgs\img_311_lat-19.9554_lon-43.9921_h88.0577499761049_p-45.jpg,2,0.8141039
imgs\img_139_lat-7.0618_lon-34.8462_h165.8593775913458_p-45.jpg,2,0.8145926
imgs\img_113_lat-7.2049_lon-34.8469_h270_p-45.jpg,2,0.8151188
imgs\img_934_lat-23.5568_lon-46.5899_h114.52780049128168_p-45.jpg,2,0.815412
imgs\img_790_lat-23.5550_lon-46.6052_h275.8648763990132_p-45.jpg,2,0.8154396
imgs\img_860_lat-23.5550_lon-46.6052_h275.8648763990132_p-45.jpg,2,0.8154396
imgs\img_1033_lat-20.3557_lon-40.2876_h127.74864177123244_p-45.jpg,2,0.81545705
imgs\img_867_lat-23.5543_lon-46.5839_h27.701359864101484_p-45.jpg,2,0.815537
imgs\img_122_lat-23.5897_lon-46.7018_h57.366404898937276_p-45.jpg,2,0.81573975
imgs\img_51_lat-23.5779_lon-46.7020_h347.6590639153832_p-45.jpg,2,0.81603646
imgs\img_34_lat-19.9819_lon-43.9776_h45.04052736353731_p-45.jpg,2,0.81635
imgs\img_680_lat-23.5767_lon-46.5854_h30.087624787991388_p-45.jpg,2,0.81658316
imgs\img_7_lat-7.1177_lon-34.8263_h190.96568188935944_p-45.jpg,2,0.8167994
imgs\img_39_lat-19.9808_lon-43.9781_h221.55510914841693_p-45.jpg,2,0.8168162
imgs\img_269_lat-23.6004_lon-46.6611_h221.0977319479367_p-45.jpg,2,0.8168325
imgs\img_1155_lat-20.3536_lon-40.2944_h278.604409381387_p-45.jpg,2,0.8169965
imgs\img_744_lat-23.5819_lon-46.5934_h95.8056710124108_p-45.jpg,2,0.81701165
imgs\img_124_lat-19.9758_lon-43.9781_h69.25087601898304_p-45.jpg,2,0.81711626
imgs\img_96_lat-19.9790_lon-43.9693_h240.66556964115927_p-45.jpg,2,0.81779015
imgs\img_119_lat-23.5738_lon-46.7039_h325.7441899054365_p-45.jpg,2,0.818006
imgs\img_24_lat-7.1137_lon-34.8282_h15.679308972988679_p-45.jpg,2,0.81812036
imgs\img_354_lat-23.6011_lon-46.6537_h220.76047366254704_p-45.jpg,2,0.819
imgs\img_315_lat-23.5741_lon-46.6558_h45.166085505748015_p-45.jpg,2,0.81931835
imgs\img_930_lat-23.5684_lon-46.5858_h306.5154572266408_p-45.jpg,2,0.81935006
imgs\img_1050_lat-20.3508_lon-40.2930_h100.89479398723056_p-45.jpg,2,0.8194724
imgs\img_511_lat-23.6166_lon-46.6807_h33.05524742111538_p-45.jpg,2,0.81953937
imgs\img_804_lat-23.5525_lon-46.5930_h312.6036267098597_p-45.jpg,2,0.8197368
imgs\img_520_lat-23.5806_lon-46.6811_h93.7249224997643_p-45.jpg,2,0.8198893
imgs\img_1154_lat-20.3507_lon-40.2935_h346.4363114682841_p-45.jpg,2,0.82001495
imgs\img_38_lat-7.1295_lon-34.8242_h339.7433787834035_p-45.jpg,2,0.8200911
imgs\img_215_lat-19.9399_lon-43.9386_h59.641465739056684_p-45.jpg,2,0.8201423
imgs\img_267_lat-23.6071_lon-46.6572_h310.9974797268763_p-45.jpg,2,0.82030743
imgs\img_77_lat-7.1173_lon-34.8294_h102.72642842222706_p-45.jpg,2,0.8206055
imgs\img_212_lat-23.5837_lon-46.6484_h324.87246107337813_p-45.jpg,2,0.82072
imgs\img_271_lat-19.9400_lon-43.9386_h104.98143429788604_p-45.jpg,2,0.82100725
imgs\img_293_lat-23.5946_lon-46.6596_h249.7804537579336_p-45.jpg,2,0.82102484
imgs\img_419_lat-19.9610_lon-43.9916_h232.14402872124296_p-45.jpg,2,0.8211205
imgs\img_305_lat-23.6009_lon-46.6542_h255.95025319421683_p-45.jpg,2,0.82121104
imgs\img_408_lat-23.6040_lon-46.6916_h19.531838705117707_p-45.jpg,2,0.82151353
imgs\img_4_lat-19.9746_lon-43.9771_h7.76750027906544_p-45.jpg,2,0.8215349
imgs\img_189_lat-19.9394_lon-43.9306_h141.0340526255066_p-45.jpg,2,0.8215581
imgs\img_17_lat-19.9746_lon-43.9771_h7.767408865931316_p-45.jpg,2,0.8217862
imgs\img_430_lat-23.6213_lon-46.6937_h19.10058347578494_p-45.jpg,2,0.8221203
imgs\img_1127_lat-20.3534_lon-40.2890_h97.35118553247594_p-45.jpg,2,0.8221579
imgs\img_1082_lat-20.3511_lon-40.2933_h166.88615009745422_p-45.jpg,2,0.82216936
imgs\img_38_lat-23.5919_lon-46.7058_h194.1088716652443_p-45.jpg,2,0.82217354
imgs\img_659_lat-23.5546_lon-46.5942_h27.7738847087419_p-45.jpg,2,0.82233083
imgs\img_726_lat-23.5587_lon-46.6067_h156.29122697744916_p-45.jpg,2,0.82235855
imgs\img_209_lat-23.6032_lon-46.6725_h131.23390548627856_p-45.jpg,2,0.8224347
imgs\img_68_lat-7.1134_lon-34.8246_h173.67971994604636_p-45.jpg,2,0.8226573
imgs\img_276_lat-23.5999_lon-46.6698_h298.6311336269215_p-45.jpg,2,0.82289726
imgs\img_563_lat-23.6208_lon-46.6965_h289.08781939619985_p-45.jpg,2,0.82291555
imgs\img_115_lat-23.6076_lon-46.7017_h221.50357374855903_p-45.jpg,2,0.82299143
imgs\img_413_lat-19.9671_lon-43.9924_h264.9016751777735_p-45.jpg,2,0.82353586
imgs\img_438_lat-23.5948_lon-46.6888_h206.3067127768203_p-45.jpg,2,0.82370996
imgs\img_142_lat-23.6079_lon-46.7032_h329.9240452505357_p-45.jpg,2,0.82380414
imgs\img_553_lat-23.5951_lon-46.6732_h7.036730311046426_p-45.jpg,2,0.8244859
imgs\img_12_lat-23.6013_lon-46.7096_h18.83180730214474_p-45.jpg,2,0.8251732
imgs\img_19_lat-23.6073_lon-46.7056_h326.7577508565348_p-45.jpg,2,0.8256397
imgs\img_177_lat-23.5989_lon-46.7085_h163.71245179912648_p-45.jpg,2,0.8258102
imgs\img_52_lat-7.1283_lon-34.8246_h160.1725650632718_p-45.jpg,2,0.82592934
imgs\img_354_lat-23.6011_lon-46.6537_h40.76047366254704_p-45.jpg,2,0.8260573
imgs\img_748_lat-23.5619_lon-46.5970_h305.0487947814439_p-45.jpg,2,0.82643825
imgs\img_230_lat-23.5950_lon-46.6587_h69.68022618408537_p-45.jpg,2,0.8267367
imgs\img_950_lat-23.5536_lon-46.5916_h303.6923233562224_p-45.jpg,2,0.8267985
imgs\img_819_lat-23.5744_lon-46.5847_h75.38868792330356_p-45.jpg,2,0.82761294
imgs\img_21_lat-19.9710_lon-43.9654_h42.17284604943495_p-45.jpg,2,0.8278856
imgs\img_51_lat-23.5779_lon-46.7020_h167.65906391538317_p-45.jpg,2,0.8280551
imgs\img_275_lat-23.5932_lon-46.6654_h208.10039489441152_p-45.jpg,2,0.82814735
imgs\img_969_lat-23.5516_lon-46.5999_h315.91791364813207_p-45.jpg,2,0.82825595
imgs\img_725_lat-23.5503_lon-46.6021_h144.62169527348874_p-45.jpg,2,0.8283385
imgs\img_901_lat-23.5503_lon-46.6021_h144.62169527348874_p-45.jpg,2,0.8283385
imgs\img_4_lat-23.5802_lon-46.7058_h176.13517149919832_p-45.jpg,2,0.82866883
imgs\img_967_lat-23.5513_lon-46.6003_h130.57533434238692_p-45.jpg,2,0.8287342
imgs\img_43_lat-23.6076_lon-46.7017_h221.5031887769833_p-45.jpg,2,0.8287645
imgs\img_77_lat-7.0636_lon-34.8446_h166.28024634277313_p-45.jpg,2,0.8288608
imgs\img_442_lat-23.6083_lon-46.6924_h312.06264302521913_p-45.jpg,2,0.8298389
imgs\img_10_lat-7.1258_lon-34.8237_h170.49508726552037_p-45.jpg,2,0.82992226
imgs\img_913_lat-23.5599_lon-46.5873_h295.9414301575659_p-45.jpg,2,0.82995933
imgs\img_141_lat-23.5931_lon-46.7149_h155.24350283368506_p-45.jpg,2,0.830108
imgs\img_120_lat-7.0609_lon-34.8452_h345.70402609614666_p-45.jpg,2,0.83011043
imgs\img_836_lat-23.5688_lon-46.5934_h107.27058628384206_p-45.jpg,2,0.830261
imgs\img_25_lat-7.1173_lon-34.8294_h102.72653954925386_p-45.jpg,2,0.83030325
imgs\img_236_lat-19.9349_lon-43.9299_h59.85627759495367_p-45.jpg,2,0.8308292
imgs\img_886_lat-23.5510_lon-46.6012_h232.31250889279656_p-45.jpg,2,0.8308894
imgs\img_93_lat-7.1206_lon-34.8276_h186.48760128112693_p-45.jpg,2,0.8309176
imgs\img_312_lat-23.5977_lon-46.6652_h154.96286483724344_p-45.jpg,2,0.8310004
imgs\img_301_lat-23.5850_lon-46.6696_h214.4406871993527_p-45.jpg,2,0.83116007
imgs\img_523_lat-23.6205_lon-46.6947_h198.3309480759225_p-45.jpg,2,0.8312479
imgs\img_238_lat-23.5978_lon-46.6617_h131.09055384977046_p-45.jpg,2,0.83129156
imgs\img_26_lat-7.1262_lon-34.8283_h195.65116215759923_p-45.jpg,2,0.8314106
imgs\img_1118_lat-20.3501_lon-40.2863_h104.43811580320835_p-45.jpg,2,0.83141243
imgs\img_1074_lat-20.3469_lon-40.2872_h277.6315767177597_p-45.jpg,2,0.832566
imgs\img_53_lat-7.0715_lon-34.8426_h166.27531168811993_p-45.jpg,2,0.8325814
imgs\img_307_lat-19.9655_lon-43.9934_h84.18441690728253_p-45.jpg,2,0.83266616
imgs\img_104_lat-7.1184_lon-34.8291_h187.8505856832946_p-45.jpg,2,0.8327201
imgs\img_378_lat-23.6096_lon-46.6610_h311.34076672364466_p-45.jpg,2,0.8329156
imgs\img_377_lat-23.5885_lon-46.6481_h169.76859012805738_p-45.jpg,2,0.833364
imgs\img_128_lat-23.5981_lon-46.7094_h271.58526243805613_p-45.jpg,2,0.8335749
imgs\img_1061_lat-20.3501_lon-40.2839_h172.79398140145395_p-45.jpg,2,0.8340106
imgs\img_210_lat-23.4168_lon-51.9786_h90_p-45.jpg,2,0.8342523
imgs\img_287_lat-19.9334_lon-43.9378_h194.84451284638612_p-45.jpg,2,0.8343158
imgs\img_1064_lat-20.3497_lon-40.2884_h279.4368598085322_p-45.jpg,2,0.8343468
imgs\img_1078_lat-20.3493_lon-40.2909_h280.5501347263576_p-45.jpg,2,0.8344065
imgs\img_122_lat-7.1194_lon-34.8279_h269.33908688757185_p-45.jpg,2,0.8350107
imgs\img_352_lat-23.5869_lon-46.6526_h162.63654719225553_p-45.jpg,2,0.83510303
imgs\img_315_lat-19.9634_lon-43.9943_h73.13638764134112_p-45.jpg,2,0.8354953
imgs\img_89_lat-7.1103_lon-34.8245_h245.07766299890613_p-45.jpg,2,0.8354971
imgs\img_204_lat-19.9388_lon-43.9370_h314.33973248762595_p-45.jpg,2,0.83556354
imgs\img_374_lat-19.9634_lon-43.9943_h73.13624096712653_p-45.jpg,2,0.83561176
imgs\img_9_lat-7.1184_lon-34.8291_h187.8506202818642_p-45.jpg,2,0.83562964
imgs\img_111_lat-7.1115_lon-34.8267_h241.81968075594585_p-45.jpg,2,0.8356364
imgs\img_547_lat-23.6030_lon-46.6932_h107.78045014107005_p-45.jpg,2,0.83573955
imgs\img_271_lat-19.9400_lon-43.9386_h284.98143429788604_p-45.jpg,2,0.8359857
imgs\img_119_lat-7.0629_lon-34.8447_h166.08159033415745_p-45.jpg,2,0.83623594
imgs\img_573_lat-23.5885_lon-46.6815_h253.78955193356057_p-45.jpg,2,0.83633256
imgs\img_200_lat-23.5828_lon-46.6679_h237.4504357481072_p-45.jpg,2,0.83634716
imgs\img_197_lat-19.9344_lon-43.9400_h250.83287594770434_p-45.jpg,2,0.83639526
imgs\img_377_lat-23.5885_lon-46.6481_h349.7685901280574_p-45.jpg,2,0.83641666
imgs\img_260_lat-23.6062_lon-46.6730_h220.8151888144764_p-45.jpg,2,0.836556
imgs\img_145_lat-7.0715_lon-34.8426_h166.27533150846742_p-45.jpg,2,0.8367118
imgs\img_237_lat-23.4227_lon-51.9439_h270_p-45.jpg,2,0.8369332
imgs\img_545_lat-23.5809_lon-46.6752_h73.71773230320974_p-45.jpg,2,0.83697146
imgs\img_114_lat-7.1145_lon-34.8231_h279.6014752425273_p-45.jpg,2,0.8370599
imgs\img_343_lat-19.9629_lon-43.9908_h18.29542145184905_p-45.jpg,2,0.8377621
imgs\img_485_lat-23.5879_lon-46.6735_h343.63235567226167_p-45.jpg,2,0.83822596
imgs\img_37_lat-7.1174_lon-34.8243_h12.202662969901553_p-45.jpg,2,0.83823526
imgs\img_1076_lat-20.3535_lon-40.2958_h190.76378660448796_p-45.jpg,2,0.83826727
imgs\img_679_lat-23.5669_lon-46.5968_h107.32323767197722_p-45.jpg,2,0.8383619
imgs\img_661_lat-23.5502_lon-46.5966_h223.6721286855282_p-45.jpg,2,0.8384929
imgs\img_757_lat-23.5618_lon-46.5970_h344.7597230605934_p-45.jpg,2,0.83849895
imgs\img_742_lat-23.5580_lon-46.6036_h189.31047068628223_p-45.jpg,2,0.8385187
imgs\img_181_lat-23.5913_lon-46.7161_h333.12185670973764_p-45.jpg,2,0.83862203
imgs\img_66_lat-7.1116_lon-34.8230_h165.37196404151246_p-45.jpg,2,0.8388274
imgs\img_1129_lat-20.3561_lon-40.2883_h240.4056328286001_p-45.jpg,2,0.8391278
imgs\img_130_lat-23.5955_lon-46.7079_h41.10681794309787_p-45.jpg,2,0.83914995
imgs\img_455_lat-23.5893_lon-46.6765_h250.74358569677588_p-45.jpg,2,0.8393058
imgs\img_437_lat-23.5874_lon-46.6855_h343.1835765638455_p-45.jpg,2,0.8393777
imgs\img_204_lat-23.5950_lon-46.6724_h97.31458216594493_p-45.jpg,2,0.8395672
imgs\img_664_lat-23.5599_lon-46.6062_h156.22171493087805_p-45.jpg,2,0.8396536
imgs\img_240_lat-23.6117_lon-46.6705_h310.9758100836262_p-45.jpg,2,0.839914
imgs\img_1023_lat-20.3527_lon-40.2930_h100.34110595865371_p-45.jpg,2,0.84010845
imgs\img_620_lat-23.5703_lon-46.5814_h324.92173780360014_p-45.jpg,2,0.8402187
imgs\img_343_lat-23.6005_lon-46.6583_h130.87126924403424_p-45.jpg,2,0.8402532
imgs\img_262_lat-23.4037_lon-51.8519_h90_p-45.jpg,2,0.84031844
imgs\img_448_lat-23.5874_lon-46.6855_h343.18364346845726_p-45.jpg,2,0.84036297
imgs\img_604_lat-23.5694_lon-46.5954_h150.1742412754635_p-45.jpg,2,0.84054875
imgs\img_111_lat-7.1115_lon-34.8267_h61.819680755945846_p-45.jpg,2,0.84096146
imgs\img_76_lat-23.5909_lon-46.7146_h138.45510400543338_p-45.jpg,2,0.8409918
imgs\img_197_lat-19.9344_lon-43.9400_h70.83287594770432_p-45.jpg,2,0.8411799
imgs\img_451_lat-23.6206_lon-46.6869_h307.2479280149046_p-45.jpg,2,0.84119135
imgs\img_670_lat-23.5752_lon-46.5917_h201.6437914170784_p-45.jpg,2,0.84127605
imgs\img_1145_lat-20.3505_lon-40.2935_h346.13046291501115_p-45.jpg,2,0.84187216
imgs\img_139_lat-19.9714_lon-43.9601_h150.03271256280527_p-45.jpg,2,0.8419595
imgs\img_531_lat-23.5800_lon-46.6771_h343.7301744528364_p-45.jpg,2,0.84233767
imgs\img_632_lat-23.5510_lon-46.6012_h232.312692372856_p-45.jpg,2,0.8425514
imgs\img_705_lat-23.5638_lon-46.6016_h336.53236962717494_p-45.jpg,2,0.8427059
imgs\img_15_lat-7.1184_lon-34.8250_h283.84498329458654_p-45.jpg,2,0.84302145
imgs\img_40_lat-7.1429_lon-34.8139_h131.46263599655032_p-45.jpg,2,0.8430721
imgs\img_0_lat-19.9853_lon-43.9734_h89.03195709873064_p-45.jpg,2,0.8432002
imgs\img_687_lat-23.5646_lon-46.5970_h226.42921250074735_p-45.jpg,2,0.8433078
imgs\img_649_lat-23.5548_lon-46.6001_h6.626449233122798_p-45.jpg,2,0.84332234
imgs\img_823_lat-23.5602_lon-46.5912_h115.43766023377042_p-45.jpg,2,0.8445936
imgs\img_1019_lat-20.3514_lon-40.2845_h189.4253896748109_p-45.jpg,2,0.8448258
imgs\img_950_lat-23.5536_lon-46.5916_h123.69232335622242_p-45.jpg,2,0.84494925
imgs\img_210_lat-23.5830_lon-46.6521_h231.09043948025962_p-45.jpg,2,0.84533834
imgs\img_75_lat-7.1464_lon-34.8029_h263.2371330295353_p-45.jpg,2,0.8457473
imgs\img_14_lat-7.1115_lon-34.8269_h270_p-45.jpg,2,0.8459228
imgs\img_7_lat-23.5940_lon-46.7070_h353.0502905802705_p-45.jpg,2,0.84600616
imgs\img_815_lat-23.5497_lon-46.6033_h237.53399056228488_p-45.jpg,2,0.84606427
imgs\img_127_lat-7.1104_lon-34.8235_h146.6092885329753_p-45.jpg,2,0.8460768
imgs\img_99_lat-19.9808_lon-43.9784_h209.4417245703301_p-45.jpg,2,0.84615165
imgs\img_315_lat-23.5741_lon-46.6558_h225.166085505748_p-45.jpg,2,0.84616745
imgs\img_1050_lat-20.3508_lon-40.2930_h280.89479398723057_p-45.jpg,2,0.8462119
imgs\img_38_lat-23.5919_lon-46.7058_h14.108871665244294_p-45.jpg,2,0.84624285
imgs\img_396_lat-23.5943_lon-46.6536_h221.01952623731205_p-45.jpg,2,0.84627604
imgs\img_673_lat-23.5658_lon-46.5941_h300.3894764184127_p-45.jpg,2,0.8465955
imgs\img_79_lat-7.1399_lon-34.8182_h136.32499512750638_p-45.jpg,2,0.84663606
imgs\img_614_lat-23.5512_lon-46.6069_h322.7143906165993_p-45.jpg,2,0.8468889
imgs\img_829_lat-23.5512_lon-46.6069_h322.7143906165993_p-45.jpg,2,0.8468889
imgs\img_79_lat-7.0706_lon-34.8391_h345.715680914806_p-45.jpg,2,0.84702116
imgs\img_356_lat-19.9639_lon-43.9961_h248.72012899023886_p-45.jpg,2,0.8472114
imgs\img_36_lat-19.9755_lon-43.9667_h149.5887818022299_p-45.jpg,2,0.8473089
imgs\img_225_lat-19.9386_lon-43.9392_h282.8949994594925_p-45.jpg,2,0.84736824
imgs\img_946_lat-23.5570_lon-46.5892_h294.07673525638023_p-45.jpg,2,0.8474093
imgs\img_1139_lat-20.3492_lon-40.2913_h100.73038583084065_p-45.jpg,2,0.84787536
imgs\img_69_lat-19.9711_lon-43.9674_h334.62201279052465_p-45.jpg,2,0.8479377
imgs\img_85_lat-19.9759_lon-43.9689_h256.51117351340184_p-45.jpg,2,0.8481272
imgs\img_235_lat-23.6098_lon-46.6555_h310.4653464404238_p-45.jpg,2,0.848492
imgs\img_990_lat-23.5580_lon-46.6032_h276.2542598968244_p-45.jpg,2,0.84855324
imgs\img_953_lat-23.5522_lon-46.5904_h222.4886656307856_p-45.jpg,2,0.8486445
imgs\img_999_lat-23.5497_lon-46.6033_h237.53439254431635_p-45.jpg,2,0.848842
imgs\img_157_lat-23.4280_lon-51.9567_h90_p-45.jpg,2,0.8488536
imgs\img_723_lat-23.5497_lon-46.6033_h237.53439254431635_p-45.jpg,2,0.8488906
imgs\img_982_lat-23.5453_lon-46.5974_h72.22017433596204_p-45.jpg,2,0.84902936
imgs\img_858_lat-23.5692_lon-46.5923_h351.5522047738205_p-45.jpg,2,0.84919804
imgs\img_165_lat-19.9389_lon-43.9371_h194.97975525932068_p-45.jpg,2,0.84920114
imgs\img_346_lat-19.9612_lon-43.9900_h204.70694254001936_p-45.jpg,2,0.84988934
imgs\img_337_lat-23.6093_lon-46.6648_h311.424806587711_p-45.jpg,2,0.85004544
imgs\img_227_lat-23.5957_lon-46.6666_h278.43107100314904_p-45.jpg,2,0.8502109
imgs\img_39_lat-7.1216_lon-34.8273_h271.0134043197694_p-45.jpg,2,0.85035056
imgs\img_110_lat-7.0689_lon-34.8432_h165.32596222166194_p-45.jpg,2,0.85072124
imgs\img_390_lat-23.5920_lon-46.6727_h6.327024006755206_p-45.jpg,2,0.8509847
imgs\img_248_lat-23.6073_lon-46.6530_h26.486551218863212_p-45.jpg,2,0.8509901
imgs\img_669_lat-23.5771_lon-46.5857_h211.21787225888096_p-45.jpg,2,0.8510301
imgs\img_1073_lat-20.3487_lon-40.2881_h278.9091969397344_p-45.jpg,2,0.8511347
imgs\img_395_lat-23.5761_lon-46.6580_h225.7935623935529_p-45.jpg,2,0.85147303
imgs\img_36_lat-7.0708_lon-34.8427_h165.46343532808578_p-45.jpg,2,0.85153276
imgs\img_934_lat-23.5568_lon-46.5899_h294.5278004912817_p-45.jpg,2,0.8518156
imgs\img_402_lat-23.6093_lon-46.6936_h108.33457280486306_p-45.jpg,2,0.8518541
imgs\img_85_lat-7.1110_lon-34.8232_h164.01666168500242_p-45.jpg,2,0.8520273
imgs\img_1127_lat-20.3534_lon-40.2890_h277.35118553247594_p-45.jpg,2,0.85231906
imgs\img_409_lat-23.5790_lon-46.6763_h236.67572917632617_p-45.jpg,2,0.85234207
imgs\img_355_lat-23.6045_lon-46.6700_h40.74388633991941_p-45.jpg,2,0.85242766
imgs\img_334_lat-19.9625_lon-43.9919_h276.2035939659357_p-45.jpg,2,0.85261583
imgs\img_106_lat-7.1151_lon-34.8256_h193.3859396923636_p-45.jpg,2,0.85267806
imgs\img_887_lat-23.5569_lon-46.5940_h116.42516225906598_p-45.jpg,2,0.85269564
imgs\img_269_lat-19.9388_lon-43.9302_h15.561975609692093_p-45.jpg,2,0.8527302
imgs\img_203_lat-23.5907_lon-46.6724_h108.11992905068315_p-45.jpg,2,0.8529147
imgs\img_343_lat-23.6005_lon-46.6583_h310.87126924403424_p-45.jpg,2,0.8529774
imgs\img_658_lat-23.5776_lon-46.5971_h336.4178559964234_p-45.jpg,2,0.8532867
imgs\img_42_lat-7.1439_lon-34.8127_h130.50055491817844_p-45.jpg,2,0.8535472
imgs\img_71_lat-7.1149_lon-34.8265_h192.0546387844254_p-45.jpg,2,0.85377675
imgs\img_432_lat-23.5889_lon-46.6908_h15.735883050572609_p-45.jpg,2,0.85383815
imgs\img_698_lat-23.5704_lon-46.5930_h215.44081233690926_p-45.jpg,2,0.854013
imgs\img_449_lat-23.6094_lon-46.6952_h290.41699402776516_p-45.jpg,2,0.8540749
imgs\img_655_lat-23.5721_lon-46.5825_h330.1693896222115_p-45.jpg,2,0.854109
imgs\img_202_lat-23.5797_lon-46.6557_h318.4865370730877_p-45.jpg,2,0.8543755
imgs\img_149_lat-23.6125_lon-46.7032_h210.4387634446533_p-45.jpg,2,0.8543807
imgs\img_776_lat-23.5645_lon-46.6018_h246.1367534911852_p-45.jpg,2,0.8544476
imgs\img_1183_lat-20.3524_lon-40.2933_h189.52843766329315_p-45.jpg,2,0.8545681
imgs\img_543_lat-23.6093_lon-46.6944_h199.6782895957663_p-45.jpg,2,0.854641
imgs\img_0_lat-19.9853_lon-43.9734_h269.03195709873063_p-45.jpg,2,0.8547971
imgs\img_375_lat-23.6052_lon-46.6682_h131.08585167707687_p-45.jpg,2,0.85509247
imgs\img_86_lat-7.1233_lon-34.8288_h340.9203813908807_p-45.jpg,2,0.8552868
imgs\img_768_lat-23.5507_lon-46.6010_h188.2773165172522_p-45.jpg,2,0.85533035
imgs\img_322_lat-23.5956_lon-46.6678_h97.44199828837543_p-45.jpg,2,0.8554165
imgs\img_693_lat-23.5539_lon-46.5893_h221.6414360881747_p-45.jpg,2,0.8555413
imgs\img_233_lat-23.5769_lon-46.6579_h149.54010548505843_p-45.jpg,2,0.8557528
imgs\img_282_lat-23.5957_lon-46.6666_h278.4313306252909_p-45.jpg,2,0.8557537
imgs\img_27_lat-23.5784_lon-46.7088_h233.449394106087_p-45.jpg,2,0.85582846
imgs\img_422_lat-23.5880_lon-46.6853_h342.6190731638275_p-45.jpg,2,0.85593593
imgs\img_891_lat-23.5764_lon-46.5875_h20.639150624798692_p-45.jpg,2,0.85595363
imgs\img_20_lat-23.6116_lon-46.7047_h305.8211347982278_p-45.jpg,2,0.8560943
imgs\img_297_lat-19.9333_lon-43.9299_h332.03712871144165_p-45.jpg,2,0.8561614
imgs\img_432_lat-23.5889_lon-46.6908_h195.7358830505726_p-45.jpg,2,0.8563371
imgs\img_26_lat-7.1262_lon-34.8283_h15.651162157599222_p-45.jpg,2,0.85635376
imgs\img_845_lat-23.5491_lon-46.6130_h58.21266411416684_p-45.jpg,2,0.85636955
imgs\img_780_lat-23.5504_lon-46.6016_h231.8098368961888_p-45.jpg,2,0.85653645
imgs\img_209_lat-23.4052_lon-51.9067_h270_p-45.jpg,2,0.85678774
imgs\img_464_lat-23.6109_lon-46.6858_h311.12751483857613_p-45.jpg,2,0.8568408
imgs\img_78_lat-7.0683_lon-34.8425_h75.23867144124287_p-45.jpg,2,0.8570078
imgs\img_345_lat-19.9638_lon-43.9956_h250.75234705128676_p-45.jpg,2,0.85703295
imgs\img_450_lat-23.6047_lon-46.6835_h131.10486469487898_p-45.jpg,2,0.8571824
imgs\img_986_lat-23.5819_lon-46.5915_h93.17825994925988_p-45.jpg,2,0.8572451
imgs\img_334_lat-23.5774_lon-46.6570_h236.95650695957931_p-45.jpg,2,0.85735244
imgs\img_163_lat-19.9312_lon-43.9378_h282.6214520731717_p-45.jpg,2,0.8574239
imgs\img_837_lat-23.5773_lon-46.5931_h14.46361226526928_p-45.jpg,2,0.8576772
imgs\img_723_lat-23.5497_lon-46.6033_h57.53439254431636_p-45.jpg,2,0.85771203
imgs\img_358_lat-23.5924_lon-46.6679_h107.56284791406563_p-45.jpg,2,0.85771286
imgs\img_999_lat-23.5497_lon-46.6033_h57.53439254431636_p-45.jpg,2,0.8577473
imgs\img_298_lat-23.5879_lon-46.6482_h172.75753142003524_p-45.jpg,2,0.85823834
imgs\img_181_lat-19.9389_lon-43.9371_h60.30295011716879_p-45.jpg,2,0.8582939
imgs\img_199_lat-23.6030_lon-46.7139_h153.0827797306576_p-45.jpg,2,0.85850286
imgs\img_845_lat-23.5491_lon-46.6130_h238.2126641141668_p-45.jpg,2,0.8585086
imgs\img_124_lat-7.1159_lon-34.8277_h191.1835962326416_p-45.jpg,2,0.8588146
imgs\img_563_lat-23.6208_lon-46.6965_h109.08781939619985_p-45.jpg,2,0.8588482
imgs\img_869_lat-23.5754_lon-46.5932_h30.40140545717452_p-45.jpg,2,0.858875
imgs\img_48_lat-7.1170_lon-34.8261_h193.9095798863601_p-45.jpg,2,0.8588968
imgs\img_181_lat-23.5913_lon-46.7161_h153.12185670973759_p-45.jpg,2,0.85918736
imgs\img_646_lat-23.5557_lon-46.5984_h95.91825008635402_p-45.jpg,2,0.8592002
imgs\img_94_lat-19.9713_lon-43.9657_h46.12151600901775_p-45.jpg,2,0.8593704
imgs\img_825_lat-23.5542_lon-46.6086_h275.71274823016523_p-45.jpg,2,0.8595065
imgs\img_50_lat-7.1308_lon-34.8234_h339.9572441685823_p-45.jpg,2,0.8595518
imgs\img_722_lat-23.5556_lon-46.5891_h309.85572714130035_p-45.jpg,2,0.8597006
imgs\img_83_lat-23.6088_lon-46.7246_h96.74561841318815_p-45.jpg,2,0.8599877
imgs\img_1003_lat-20.3544_lon-40.2864_h176.43432722246416_p-45.jpg,2,0.8600417
imgs\img_367_lat-23.5946_lon-46.6668_h278.2620891807377_p-45.jpg,2,0.86007947
imgs\img_334_lat-19.9625_lon-43.9919_h96.20359396593568_p-45.jpg,2,0.86026627
imgs\img_790_lat-23.5550_lon-46.6052_h95.86487639901321_p-45.jpg,2,0.8604259
imgs\img_860_lat-23.5550_lon-46.6052_h95.86487639901321_p-45.jpg,2,0.8604259
imgs\img_352_lat-19.9676_lon-43.9927_h187.57177403698438_p-45.jpg,2,0.86043423
imgs\img_625_lat-23.5732_lon-46.5861_h67.75880653748277_p-45.jpg,2,0.8605252
imgs\img_461_lat-23.5836_lon-46.6776_h253.43089381375046_p-45.jpg,2,0.86053365
imgs\img_265_lat-23.6124_lon-46.6718_h117.00719310369868_p-45.jpg,2,0.8606774
imgs\img_551_lat-23.5882_lon-46.6753_h219.45333178491182_p-45.jpg,2,0.86108494
imgs\img_727_lat-23.5539_lon-46.5893_h221.64161667309472_p-45.jpg,2,0.8616027
imgs\img_789_lat-23.5522_lon-46.5876_h42.05168584911419_p-45.jpg,2,0.86160934
imgs\img_833_lat-23.5522_lon-46.5876_h42.05168584911419_p-45.jpg,2,0.86160934
imgs\img_86_lat-23.5949_lon-46.7073_h32.90709790324111_p-45.jpg,2,0.86207426
imgs\img_232_lat-23.6108_lon-46.6647_h130.87932732714344_p-45.jpg,2,0.8622843
imgs\img_668_lat-23.5592_lon-46.5887_h296.5532359507049_p-45.jpg,2,0.86233026
imgs\img_17_lat-7.1181_lon-34.8259_h283.54380880157555_p-45.jpg,2,0.8626035
imgs\img_110_lat-7.0689_lon-34.8432_h345.3259622216619_p-45.jpg,2,0.86270964
imgs\img_250_lat-19.9308_lon-43.9333_h81.43753912866939_p-45.jpg,2,0.8627155
imgs\img_989_lat-23.5637_lon-46.5899_h26.279207831186_p-45.jpg,2,0.8628011
imgs\img_264_lat-23.5913_lon-46.6511_h311.0768319481326_p-45.jpg,2,0.86287856
imgs\img_279_lat-19.9322_lon-43.9332_h284.2407794136846_p-45.jpg,2,0.8630091
imgs\img_392_lat-23.6056_lon-46.6573_h131.16324706632128_p-45.jpg,2,0.8631683
imgs\img_21_lat-23.5757_lon-46.6576_h90_p-45.jpg,2,0.8632085
imgs\img_764_lat-23.5552_lon-46.6037_h276.18848011143723_p-45.jpg,2,0.86353767
imgs\img_397_lat-23.5933_lon-46.6681_h338.18016441193595_p-45.jpg,2,0.8635958
imgs\img_246_lat-23.5944_lon-46.6729_h5.674279567199286_p-45.jpg,2,0.8639065
imgs\img_281_lat-23.6101_lon-46.6746_h130.71188076197348_p-45.jpg,2,0.8641408
imgs\img_86_lat-23.5949_lon-46.7073_h212.9070979032411_p-45.jpg,2,0.86415017
imgs\img_186_lat-19.9339_lon-43.9344_h197.16853169902103_p-45.jpg,2,0.8641517
imgs\img_3_lat-7.0714_lon-34.8348_h308.8026054508029_p-45.jpg,2,0.8641672
imgs\img_112_lat-23.5798_lon-46.7107_h215.25146184476358_p-45.jpg,2,0.86423546
imgs\img_815_lat-23.5497_lon-46.6033_h57.533990562284885_p-45.jpg,2,0.8642394
imgs\img_122_lat-23.5897_lon-46.7018_h237.36640489893725_p-45.jpg,2,0.8642946
imgs\img_983_lat-23.5574_lon-46.5890_h26.47247751033956_p-45.jpg,2,0.8643912
imgs\img_275_lat-23.5932_lon-46.6654_h28.100394894411515_p-45.jpg,2,0.864437
imgs\img_239_lat-23.5798_lon-46.6552_h240.18069272894496_p-45.jpg,2,0.8645053
imgs\img_1116_lat-20.3560_lon-40.2948_h129.51185126289698_p-45.jpg,2,0.8645427
imgs\img_202_lat-23.5797_lon-46.6557_h138.48653707308767_p-45.jpg,2,0.8646051
imgs\img_93_lat-19.9737_lon-43.9734_h155.45566606909412_p-45.jpg,2,0.86464417
imgs\img_1191_lat-20.3499_lon-40.2871_h99.4345409776052_p-45.jpg,2,0.8647038
imgs\img_194_lat-19.9358_lon-43.9315_h239.313384422497_p-45.jpg,2,0.8647408
imgs\img_75_lat-7.1464_lon-34.8029_h83.2371330295353_p-45.jpg,2,0.8649981
imgs\img_271_lat-23.6160_lon-46.6650_h103.07926122803059_p-45.jpg,2,0.8650755
imgs\img_935_lat-23.5554_lon-46.6012_h96.40397654141498_p-45.jpg,2,0.8653949
imgs\img_774_lat-23.5564_lon-46.5893_h206.6729540529217_p-45.jpg,2,0.865894
imgs\img_423_lat-19.9657_lon-43.9922_h136.1274258130719_p-45.jpg,2,0.86596274
imgs\img_1085_lat-20.3560_lon-40.2948_h129.51212731871306_p-45.jpg,2,0.86626095
imgs\img_78_lat-23.5854_lon-46.7164_h353.860742002333_p-45.jpg,2,0.86657333
imgs\img_915_lat-23.5606_lon-46.5924_h26.72641319839165_p-45.jpg,2,0.86662245
imgs\img_149_lat-23.6125_lon-46.7032_h30.43876344465332_p-45.jpg,2,0.86678
imgs\img_398_lat-23.6036_lon-46.6747_h198.04022842811585_p-45.jpg,2,0.8668024
imgs\img_219_lat-23.6027_lon-46.6575_h131.1510884228271_p-45.jpg,2,0.86683184
imgs\img_222_lat-19.9368_lon-43.9365_h89.48279500367276_p-45.jpg,2,0.8671448
imgs\img_385_lat-19.9511_lon-43.9830_h192.20757573177403_p-45.jpg,2,0.8671818
imgs\img_127_lat-23.5980_lon-46.7196_h308.49610367250745_p-45.jpg,2,0.8672981
imgs\img_807_lat-23.5477_lon-46.6098_h142.33907433450042_p-45.jpg,2,0.8675295
imgs\img_390_lat-19.9586_lon-43.9957_h121.93921735526152_p-45.jpg,2,0.86757934
imgs\img_120_lat-23.5769_lon-46.7076_h284.55368969799747_p-45.jpg,2,0.867588
imgs\img_570_lat-23.5980_lon-46.6866_h26.505830601404455_p-45.jpg,2,0.86773264
imgs\img_37_lat-23.5890_lon-46.7167_h243.95702449594611_p-45.jpg,2,0.8678498
imgs\img_1140_lat-20.3491_lon-40.2886_h188.7152443702917_p-45.jpg,2,0.868078
imgs\img_276_lat-23.5999_lon-46.6698_h118.6311336269215_p-45.jpg,2,0.86829406
imgs\img_60_lat-7.1209_lon-34.8254_h269.775158091702_p-45.jpg,2,0.8686369
imgs\img_640_lat-23.5722_lon-46.5819_h166.45511455993602_p-45.jpg,2,0.8690943
imgs\img_1180_lat-20.3528_lon-40.2840_h9.323117262935696_p-45.jpg,2,0.8694799
imgs\img_700_lat-23.5522_lon-46.6070_h231.29668758495023_p-45.jpg,2,0.8697271
imgs\img_457_lat-23.6217_lon-46.6936_h290.1535108401264_p-45.jpg,2,0.86972755
imgs\img_835_lat-23.5668_lon-46.6031_h238.5782210152992_p-45.jpg,2,0.86981314
imgs\img_381_lat-19.9626_lon-43.9912_h278.00596405000954_p-45.jpg,2,0.870007
imgs\img_967_lat-23.5513_lon-46.6003_h310.5753343423869_p-45.jpg,2,0.87007904
imgs\img_178_lat-23.5774_lon-46.7027_h16.618095979265686_p-45.jpg,2,0.87019515
imgs\img_72_lat-23.6052_lon-46.7137_h257.3294599933075_p-45.jpg,2,0.87061334
imgs\img_1157_lat-20.3556_lon-40.2876_h13.367174857274506_p-45.jpg,2,0.87089455
imgs\img_714_lat-23.5740_lon-46.5851_h330.69579956676716_p-45.jpg,2,0.8709882
imgs\img_414_lat-23.6020_lon-46.6941_h107.44886183400536_p-45.jpg,2,0.8710386
imgs\img_84_lat-19.9829_lon-43.9719_hnan_p-45.jpg,2,0.87146497
imgs\img_82_lat-23.5860_lon-46.7023_h317.8551417144281_p-45.jpg,2,0.87153095
imgs\img_148_lat-7.0638_lon-34.8427_h165.17843987159512_p-45.jpg,2,0.8720042
imgs\img_214_lat-23.4069_lon-51.9539_h90_p-45.jpg,2,0.8720141
imgs\img_915_lat-23.5606_lon-46.5924_h206.72641319839164_p-45.jpg,2,0.87219244
imgs\img_14_lat-7.0625_lon-34.8460_h165.77086183992185_p-45.jpg,2,0.87261677
imgs\img_64_lat-7.0638_lon-34.8427_h165.17841696143023_p-45.jpg,2,0.8730515
imgs\img_213_lat-23.5934_lon-46.6681_h230.60554409173048_p-45.jpg,2,0.87374717
imgs\img_23_lat-7.1276_lon-34.8279_h115.05360324205594_p-45.jpg,2,0.873963
imgs\img_443_lat-23.5809_lon-46.6801_h162.49303189608816_p-45.jpg,2,0.8740196
imgs\img_204_lat-19.9388_lon-43.9370_h134.33973248762595_p-45.jpg,2,0.8744481
imgs\img_102_lat-19.9764_lon-43.9742_h34.41512590814102_p-45.jpg,2,0.8747533
imgs\img_722_lat-23.5556_lon-46.5891_h129.85572714130035_p-45.jpg,2,0.87491244
imgs\img_480_lat-23.6182_lon-46.6823_h40.47447251072265_p-45.jpg,2,0.87516636
imgs\img_491_lat-23.6088_lon-46.6941_h198.6756413163264_p-45.jpg,2,0.87537134
imgs\img_299_lat-23.3986_lon-51.9574_h270_p-45.jpg,2,0.8754244
imgs\img_769_lat-23.5544_lon-46.6001_h186.83015382357863_p-45.jpg,2,0.87545353
imgs\img_327_lat-23.5785_lon-46.6607_h228.31879632022265_p-45.jpg,2,0.8756081
imgs\img_10_lat-7.1258_lon-34.8237_h350.4950872655204_p-45.jpg,2,0.87585616
imgs\img_131_lat-7.0625_lon-34.8460_h165.77088261871748_p-45.jpg,2,0.8759237
imgs\img_644_lat-23.5708_lon-46.5919_h316.5650344684994_p-45.jpg,2,0.87594885
imgs\img_505_lat-23.6015_lon-46.6769_h206.28751591859785_p-45.jpg,2,0.87674755
imgs\img_175_lat-23.5943_lon-46.6951_h19.68483368557571_p-45.jpg,2,0.8771018
imgs\img_562_lat-23.6027_lon-46.6745_h18.834361998161853_p-45.jpg,2,0.87730855
imgs\img_654_lat-23.5577_lon-46.6013_h7.329031750207207_p-45.jpg,2,0.87748486
imgs\img_218_lat-23.3764_lon-52.0608_h90_p-45.jpg,2,0.8775782
imgs\img_589_lat-23.6018_lon-46.6750_h296.9514597591099_p-45.jpg,2,0.8776871
imgs\img_522_lat-23.6062_lon-46.6942_h288.3457174902031_p-45.jpg,2,0.877713
imgs\img_620_lat-23.5703_lon-46.5814_h144.92173780360014_p-45.jpg,2,0.87772936
imgs\img_1124_lat-20.3473_lon-40.2919_h281.3235983924837_p-45.jpg,2,0.8779799
imgs\img_178_lat-19.9372_lon-43.9342_h166.07245867197287_p-45.jpg,2,0.8781509
imgs\img_508_lat-23.6192_lon-46.6964_h288.0430260614834_p-45.jpg,2,0.8781873
imgs\img_796_lat-23.5794_lon-46.5963_h336.71048144013224_p-45.jpg,2,0.8784271
imgs\img_5_lat-7.1185_lon-34.8282_h188.46517885692236_p-45.jpg,2,0.87849367
imgs\img_1183_lat-20.3524_lon-40.2933_h9.528437663293154_p-45.jpg,2,0.8785176
imgs\img_319_lat-23.6013_lon-46.6517_h94.85810991864024_p-45.jpg,2,0.87880605
imgs\img_264_lat-19.9304_lon-43.9326_h239.08092387073552_p-45.jpg,2,0.87881845
imgs\img_770_lat-23.5708_lon-46.5908_h137.3665105813575_p-45.jpg,2,0.8789263
imgs\img_817_lat-23.5708_lon-46.5908_h137.3665105813575_p-45.jpg,2,0.8789263
imgs\img_109_lat-7.1173_lon-34.8280_h11.75442314331616_p-45.jpg,2,0.879266
imgs\img_447_lat-19.9652_lon-43.9946_h142.1448509498017_p-45.jpg,2,0.879299
imgs\img_96_lat-7.1387_lon-34.8176_h141.26211948448054_p-45.jpg,2,0.8799577
imgs\img_510_lat-23.6015_lon-46.6914_h198.3691763474424_p-45.jpg,2,0.8800318
imgs\img_426_lat-23.6174_lon-46.6941_h35.88466960339383_p-45.jpg,2,0.8801728
imgs\img_38_lat-19.9707_lon-43.9703_h62.89737404939683_p-45.jpg,2,0.88038623
imgs\img_245_lat-23.5960_lon-46.6595_h25.92504010309159_p-45.jpg,2,0.88046
imgs\img_401_lat-19.9669_lon-43.9922_h135.33536036804884_p-45.jpg,2,0.88066876
imgs\img_662_lat-23.5627_lon-46.5979_h145.19305861066974_p-45.jpg,2,0.8808315
imgs\img_166_lat-23.5860_lon-46.6982_h297.41423640472084_p-45.jpg,2,0.88086945
imgs\img_598_lat-23.5993_lon-46.6805_h117.02512005955111_p-45.jpg,2,0.88090104
imgs\img_277_lat-23.6102_lon-46.6739_h220.81463799131478_p-45.jpg,2,0.8809841
imgs\img_60_lat-7.1209_lon-34.8254_h89.77515809170198_p-45.jpg,2,0.8813672
imgs\img_147_lat-19.9692_lon-43.9699_h349.8525875410781_p-45.jpg,2,0.8813853
imgs\img_712_lat-23.5543_lon-46.6024_h96.4000897776464_p-45.jpg,2,0.88162476
imgs\img_124_lat-23.5785_lon-46.7090_h56.2564887325412_p-45.jpg,2,0.8817979
imgs\img_299_lat-23.6107_lon-46.6717_h131.20965779493088_p-45.jpg,2,0.8818303
imgs\img_632_lat-23.5510_lon-46.6012_h52.312692372856_p-45.jpg,2,0.8821496
imgs\img_746_lat-23.5613_lon-46.5927_h318.8459782007196_p-45.jpg,2,0.88217676
imgs\img_77_lat-7.1424_lon-34.8159_h137.8101716712548_p-45.jpg,2,0.8824294
imgs\img_5_lat-23.5950_lon-46.7168_h48.86140656717527_p-45.jpg,2,0.8826263
imgs\img_3_lat-7.1115_lon-34.8262_h334.54849564909944_p-45.jpg,2,0.882718
imgs\img_333_lat-19.9608_lon-43.9904_h118.9403759861673_p-45.jpg,2,0.8827277
imgs\img_1034_lat-20.3554_lon-40.2881_h99.68456379931098_p-45.jpg,2,0.8829199
imgs\img_285_lat-23.6144_lon-46.6678_h40.1179019655487_p-45.jpg,2,0.8833306
imgs\img_1118_lat-20.3501_lon-40.2863_h284.43811580320835_p-45.jpg,2,0.8836318
imgs\img_490_lat-23.5954_lon-46.6837_h184.25438179345971_p-45.jpg,2,0.8836339
imgs\img_47_lat-7.1056_lon-34.8399_h90_p-45.jpg,2,0.883661
imgs\img_905_lat-23.5479_lon-46.5942_h224.35886462393904_p-45.jpg,2,0.8836703
imgs\img_615_lat-23.5658_lon-46.5944_h300.0020729777921_p-45.jpg,2,0.8837084
imgs\img_406_lat-23.5987_lon-46.6761_h357.48797935044354_p-45.jpg,2,0.8839031
imgs\img_461_lat-23.5836_lon-46.6776_h73.43089381375046_p-45.jpg,2,0.88393366
imgs\img_266_lat-19.9396_lon-43.9347_h149.44729731095418_p-45.jpg,2,0.88413125
imgs\img_660_lat-23.5535_lon-46.5903_h313.7959197979261_p-45.jpg,2,0.8843795
imgs\img_479_lat-23.6226_lon-46.6957_h109.18234523544956_p-45.jpg,2,0.8848077
imgs\img_487_lat-23.6197_lon-46.6982_h20.254211228953295_p-45.jpg,2,0.88496506
imgs\img_295_lat-23.6105_lon-46.6634_h307.6959797643798_p-45.jpg,2,0.8849918
imgs\img_79_lat-7.0706_lon-34.8391_h165.715680914806_p-45.jpg,2,0.8850301
imgs\img_597_lat-23.6152_lon-46.6847_h40.64093193226091_p-45.jpg,2,0.8850666
imgs\img_86_lat-7.1179_lon-34.8268_h104.1912853096193_p-45.jpg,2,0.8851141
imgs\img_126_lat-19.9692_lon-43.9699_h349.85271909252697_p-45.jpg,2,0.8851192
imgs\img_669_lat-23.5771_lon-46.5857_h31.217872258880973_p-45.jpg,2,0.8851984
imgs\img_4_lat-19.9746_lon-43.9771_h187.76750027906544_p-45.jpg,2,0.8854003
imgs\img_1016_lat-20.3488_lon-40.2935_h280.34900804519293_p-45.jpg,2,0.88553816
imgs\img_188_lat-19.9374_lon-43.9388_h284.5056883789765_p-45.jpg,2,0.8856294
imgs\img_832_lat-23.5667_lon-46.6026_h65.73724148989301_p-45.jpg,2,0.8857435
imgs\img_941_lat-23.5586_lon-46.6028_h176.5598377556207_p-45.jpg,2,0.8858783
imgs\img_1195_lat-20.3554_lon-40.2881_h99.68468989219204_p-45.jpg,2,0.8861323
imgs\img_15_lat-7.1184_lon-34.8250_h103.84498329458656_p-45.jpg,2,0.886198
imgs\img_165_lat-23.6111_lon-46.7006_h195.97442393755003_p-45.jpg,2,0.8863154
imgs\img_213_lat-19.9343_lon-43.9300_h285.12784998004884_p-45.jpg,2,0.88653195
imgs\img_124_lat-7.1159_lon-34.8277_h11.183596232641605_p-45.jpg,2,0.8865494
imgs\img_215_lat-23.5903_lon-46.6692_h252.42756974554698_p-45.jpg,2,0.8867966
imgs\img_376_lat-19.9621_lon-43.9969_h343.54044389333296_p-45.jpg,2,0.886843
imgs\img_535_lat-23.5928_lon-46.6825_h344.2398224387692_p-45.jpg,2,0.88695455
imgs\img_156_lat-19.9328_lon-43.9370_h239.10384178473495_p-45.jpg,2,0.8872207
imgs\img_917_lat-23.5539_lon-46.6090_h184.98192740408857_p-45.jpg,2,0.8874407
imgs\img_593_lat-23.6165_lon-46.6950_h129.44866032876263_p-45.jpg,2,0.8875195
imgs\img_317_lat-23.5967_lon-46.6700_h6.33748400347723_p-45.jpg,2,0.8875859
imgs\img_294_lat-23.6123_lon-46.6680_h311.4677758566929_p-45.jpg,2,0.8879988
imgs\img_262_lat-23.4037_lon-51.8519_h270_p-45.jpg,2,0.8882292
imgs\img_282_lat-23.5957_lon-46.6666_h98.43133062529093_p-45.jpg,2,0.8882485
imgs\img_3_lat-7.1231_lon-34.8245_h85.43081246701286_p-45.jpg,2,0.8884497
imgs\img_353_lat-23.5937_lon-46.6695_h7.713988615857943_p-45.jpg,2,0.8885463
imgs\img_156_lat-19.9328_lon-43.9370_h59.10384178473496_p-45.jpg,2,0.8886694
imgs\img_823_lat-23.5602_lon-46.5912_h295.43766023377043_p-45.jpg,2,0.8887049
imgs\img_299_lat-23.6107_lon-46.6717_h311.2096577949309_p-45.jpg,2,0.88875943
imgs\img_26_lat-7.1189_lon-34.8246_h191.47408306589105_p-45.jpg,2,0.8889312
imgs\img_705_lat-23.5638_lon-46.6016_h156.53236962717497_p-45.jpg,2,0.8889369
imgs\img_1020_lat-20.3510_lon-40.2916_h97.02676525180114_p-45.jpg,2,0.88913417
imgs\img_1040_lat-20.3508_lon-40.2875_h187.9822216541969_p-45.jpg,2,0.88917446
imgs\img_749_lat-23.5774_lon-46.5917_h132.56046438110428_p-45.jpg,2,0.88934004
imgs\img_1143_lat-20.3490_lon-40.2849_h9.16078482756268_p-45.jpg,2,0.88937795
imgs\img_312_lat-23.5977_lon-46.6652_h334.96286483724344_p-45.jpg,2,0.88940316
imgs\img_120_lat-19.9774_lon-43.9667_h62.57446151755971_p-45.jpg,2,0.8896831
imgs\img_1129_lat-20.3561_lon-40.2883_h60.40563282860012_p-45.jpg,2,0.88977295
imgs\img_1011_lat-20.3565_lon-40.2910_h28.92594088898568_p-45.jpg,2,0.88978344
imgs\img_1164_lat-20.3490_lon-40.2849_h9.160837753275652_p-45.jpg,2,0.8898387
imgs\img_32_lat-7.1233_lon-34.8265_h264.8554153852436_p-45.jpg,2,0.8898706
imgs\img_124_lat-19.9758_lon-43.9781_h249.25087601898304_p-45.jpg,2,0.8900283
imgs\img_418_lat-23.6000_lon-46.6874_h311.24261790097796_p-45.jpg,2,0.89020735
imgs\img_1074_lat-20.3469_lon-40.2872_h97.63157671775969_p-45.jpg,2,0.8903563
imgs\img_295_lat-23.6105_lon-46.6634_h127.6959797643798_p-45.jpg,2,0.8904523
imgs\img_32_lat-23.6046_lon-46.7151_h93.355012107198_p-45.jpg,2,0.89054406
imgs\img_942_lat-23.5816_lon-46.5940_h277.0021027014066_p-45.jpg,2,0.8906919
imgs\img_886_lat-23.5510_lon-46.6012_h52.312508892796586_p-45.jpg,2,0.8907149
imgs\img_99_lat-7.1165_lon-34.8236_h283.2891642014585_p-45.jpg,2,0.8909627
imgs\img_266_lat-19.9396_lon-43.9347_h329.4472973109542_p-45.jpg,2,0.8909729
imgs\img_720_lat-23.5523_lon-46.6051_h330.5592201791644_p-45.jpg,2,0.89119244
imgs\img_46_lat-19.9761_lon-43.9699_h263.17193545679066_p-45.jpg,2,0.8911996
imgs\img_688_lat-23.5520_lon-46.6001_h232.714100917981_p-45.jpg,2,0.89121497
imgs\img_17_lat-19.9746_lon-43.9771_h187.7674088659313_p-45.jpg,2,0.89145637
imgs\img_335_lat-23.6100_lon-46.6683_h40.56035696571848_p-45.jpg,2,0.89167595
imgs\img_945_lat-23.5520_lon-46.6001_h232.71414047592324_p-45.jpg,2,0.89174455
imgs\img_227_lat-23.5957_lon-46.6666_h98.43107100314904_p-45.jpg,2,0.89174914
imgs\img_866_lat-23.5718_lon-46.5898_h316.6323217378218_p-45.jpg,2,0.89185834
imgs\img_520_lat-23.5806_lon-46.6811_h273.7249224997643_p-45.jpg,2,0.8923615
imgs\img_358_lat-19.9560_lon-43.9921_h152.27412770020672_p-45.jpg,2,0.8925131
imgs\img_310_lat-23.6112_lon-46.6625_h311.12709722056985_p-45.jpg,2,0.8925735
imgs\img_1123_lat-20.3521_lon-40.2911_h10.481132820330144_p-45.jpg,2,0.89260674
imgs\img_125_lat-7.1113_lon-34.8234_h88.92592789720462_p-45.jpg,2,0.8929187
imgs\img_3_lat-19.9802_lon-43.9676_h98.98674387855027_p-45.jpg,2,0.8929821
imgs\img_45_lat-7.1445_lon-34.8120_h308.8743736502172_p-45.jpg,2,0.8931564
imgs\img_93_lat-7.0590_lon-34.8447_h255.8441910948518_p-45.jpg,2,0.8934639
imgs\img_309_lat-23.6150_lon-46.6646_h310.70774201413826_p-45.jpg,2,0.8936899
imgs\img_1097_lat-20.3469_lon-40.2907_h13.880172148413749_p-45.jpg,2,0.89378476
imgs\img_33_lat-19.9694_lon-43.9623_h92.16271636938274_p-45.jpg,2,0.8939301
imgs\img_389_lat-19.9584_lon-43.9953_h211.05420502704143_p-45.jpg,2,0.8940524
imgs\img_808_lat-23.5547_lon-46.5872_h222.48997907384663_p-45.jpg,2,0.8941184
imgs\img_1166_lat-20.3502_lon-40.2925_h65.78937617038017_p-45.jpg,2,0.8942313
imgs\img_920_lat-23.5558_lon-46.5913_h131.8701807929579_p-45.jpg,2,0.8950821
imgs\img_1027_lat-20.3534_lon-40.2955_h277.24685552934454_p-45.jpg,2,0.89513654
imgs\img_698_lat-23.5704_lon-46.5930_h35.440812336909254_p-45.jpg,2,0.8952246
imgs\img_659_lat-23.5546_lon-46.5942_h207.7738847087419_p-45.jpg,2,0.89596885
imgs\img_1021_lat-20.3579_lon-40.2923_h129.33762557026404_p-45.jpg,2,0.8963507
imgs\img_1196_lat-20.3521_lon-40.2858_h280.2308507423039_p-45.jpg,2,0.8963672
imgs\img_824_lat-23.5539_lon-46.5959_h99.3010209432817_p-45.jpg,2,0.89638644
imgs\img_385_lat-23.5889_lon-46.6712_h14.677310193155868_p-45.jpg,2,0.896391
imgs\img_918_lat-23.5611_lon-46.5938_h253.97036223819094_p-45.jpg,2,0.8965357
imgs\img_61_lat-19.9821_lon-43.9793_h249.37912988737855_p-45.jpg,2,0.8966853
imgs\img_322_lat-23.5956_lon-46.6678_h277.44199828837543_p-45.jpg,2,0.8967644
imgs\img_1029_lat-20.3502_lon-40.2925_h65.7891360438964_p-45.jpg,2,0.8972438
imgs\img_877_lat-23.5660_lon-46.6033_h335.84020349745265_p-45.jpg,2,0.8972748
imgs\img_391_lat-23.5799_lon-46.6617_h218.88767491843308_p-45.jpg,2,0.897283
imgs\img_686_lat-23.5591_lon-46.5865_h26.94252109626649_p-45.jpg,2,0.89731103
imgs\img_0_lat-7.0599_lon-34.8467_h166.78868140219936_p-45.jpg,2,0.8973759
imgs\img_603_lat-23.5517_lon-46.5870_h41.90036825171985_p-45.jpg,2,0.8974704
imgs\img_884_lat-23.5517_lon-46.5870_h41.90036825171985_p-45.jpg,2,0.8974704
imgs\img_627_lat-23.5533_lon-46.6060_h4.268873645752008_p-45.jpg,2,0.89776117
imgs\img_657_lat-23.5546_lon-46.5933_h309.9487654306918_p-45.jpg,2,0.8977896
imgs\img_842_lat-23.5546_lon-46.5933_h309.9487654306918_p-45.jpg,2,0.8977896
imgs\img_230_lat-23.5950_lon-46.6587_h249.68022618408537_p-45.jpg,2,0.8978622
imgs\img_1149_lat-20.3518_lon-40.2873_h99.96833725194736_p-45.jpg,2,0.8978734
imgs\img_120_lat-7.0609_lon-34.8452_h165.70402609614666_p-45.jpg,2,0.8979753
imgs\img_648_lat-23.5554_lon-46.5873_h120.05700670047071_p-45.jpg,2,0.8979951
imgs\img_91_lat-23.5874_lon-46.6990_h38.278648548324085_p-45.jpg,2,0.8981157
imgs\img_955_lat-23.5631_lon-46.5886_h26.03407514679907_p-45.jpg,2,0.89826363
imgs\img_46_lat-23.6093_lon-46.7103_h110.04630808642445_p-45.jpg,2,0.8983021
imgs\img_99_lat-19.9808_lon-43.9784_h29.44172457033011_p-45.jpg,2,0.8985219
imgs\img_701_lat-23.5503_lon-46.5886_h222.45206887537998_p-45.jpg,2,0.89854276
imgs\img_96_lat-7.1387_lon-34.8176_h321.26211948448054_p-45.jpg,2,0.89906657
imgs\img_55_lat-7.1452_lon-34.8125_h116.62679084282377_p-45.jpg,2,0.8990827
imgs\img_201_lat-23.5789_lon-46.6596_h56.29162778721352_p-45.jpg,2,0.89913094
imgs\img_1099_lat-20.3566_lon-40.2910_h289.45233756593024_p-45.jpg,2,0.899328
imgs\img_372_lat-23.5964_lon-46.6571_h334.8863519344317_p-45.jpg,2,0.8993704
imgs\img_61_lat-7.1212_lon-34.8277_h186.3338692452792_p-45.jpg,2,0.8993845
imgs\img_331_lat-23.5960_lon-46.6683_h7.337626953345327_p-45.jpg,2,0.89939547
imgs\img_574_lat-23.5867_lon-46.6812_h166.3825871312254_p-45.jpg,2,0.8999469
imgs\img_277_lat-19.9371_lon-43.9352_h13.570872231317544_p-45.jpg,2,0.9000017
imgs\img_70_lat-19.9804_lon-43.9786_h101.63693474775404_p-45.jpg,2,0.9000294
imgs\img_89_lat-7.1103_lon-34.8245_h65.07766299890613_p-45.jpg,2,0.90009385
imgs\img_254_lat-19.9349_lon-43.9375_h153.67239651543173_p-45.jpg,2,0.90022016
imgs\img_599_lat-23.5876_lon-46.6747_h163.65068592267085_p-45.jpg,2,0.90039724
imgs\img_1_lat-7.0683_lon-34.8384_h317.2449270386151_p-45.jpg,2,0.9010308
imgs\img_715_lat-23.5592_lon-46.5937_h116.12742296548322_p-45.jpg,2,0.9010419
imgs\img_35_lat-19.9853_lon-43.9729_h86.4094374722536_p-45.jpg,2,0.90136486
imgs\img_325_lat-19.9654_lon-43.9924_h89.59629881745877_p-45.jpg,2,0.90165365
imgs\img_899_lat-23.5664_lon-46.5990_h45.553294015368294_p-45.jpg,2,0.90166515
imgs\img_655_lat-23.5721_lon-46.5825_h150.16938962221147_p-45.jpg,2,0.90199167
imgs\img_50_lat-19.9820_lon-43.9797_h57.247527164971416_p-45.jpg,2,0.9023206
imgs\img_106_lat-23.6141_lon-46.7089_h5.874498415417488_p-45.jpg,2,0.90239805
imgs\img_235_lat-23.0002_lon-43.3669_h90_p-45.jpg,2,0.9027553
imgs\img_116_lat-7.1133_lon-34.8282_h159.36202816979286_p-45.jpg,2,0.9029984
imgs\img_1022_lat-20.3461_lon-40.2912_h242.48829670984912_p-45.jpg,2,0.9030004
imgs\img_590_lat-23.6160_lon-46.6879_h295.3307726078409_p-45.jpg,2,0.9035923
imgs\img_254_lat-23.5997_lon-46.6693_h210.25197921883395_p-45.jpg,2,0.903657
imgs\img_67_lat-19.9739_lon-43.9677_h281.62444558513766_p-45.jpg,2,0.90393114
imgs\img_460_lat-23.5855_lon-46.6781_h73.77799951523036_p-45.jpg,2,0.9041487
imgs\img_925_lat-23.5632_lon-46.5911_h320.05229756473864_p-45.jpg,2,0.90421194
imgs\img_767_lat-23.5632_lon-46.5911_h320.05229756473864_p-45.jpg,2,0.904212
imgs\img_219_lat-23.4528_lon-51.9716_h90_p-45.jpg,2,0.9042156
imgs\img_727_lat-23.5539_lon-46.5893_h41.64161667309472_p-45.jpg,2,0.90424776
imgs\img_80_lat-7.1195_lon-34.8252_h270.0190544085909_p-45.jpg,2,0.904362
imgs\img_942_lat-23.5816_lon-46.5940_h97.00210270140661_p-45.jpg,2,0.9043698
imgs\img_940_lat-23.5477_lon-46.6032_h58.81094684563641_p-45.jpg,2,0.9047502
imgs\img_334_lat-23.5774_lon-46.6570_h56.95650695957932_p-45.jpg,2,0.9048475
imgs\img_552_lat-23.5813_lon-46.6706_h353.0168230402504_p-45.jpg,2,0.9050557
imgs\img_52_lat-19.9694_lon-43.9634_h87.00640257798851_p-45.jpg,2,0.905212
imgs\img_267_lat-23.6071_lon-46.6572_h130.9974797268763_p-45.jpg,2,0.905283
imgs\img_691_lat-23.5677_lon-46.5940_h108.22140233368869_p-45.jpg,2,0.90542376
imgs\img_309_lat-19.9656_lon-43.9940_h245.63379120739256_p-45.jpg,2,0.9056059
imgs\img_1000_lat-20.3537_lon-40.2938_h100.27832613506303_p-45.jpg,2,0.90561026
imgs\img_326_lat-23.5931_lon-46.6703_h229.83143355393509_p-45.jpg,2,0.9058128
imgs\img_33_lat-19.9694_lon-43.9623_h272.16271636938274_p-45.jpg,2,0.90591156
imgs\img_60_lat-23.5789_lon-46.7073_h222.94020184076237_p-45.jpg,2,0.9061297
imgs\img_215_lat-23.5903_lon-46.6692_h72.42756974554696_p-45.jpg,2,0.9061852
imgs\img_917_lat-23.5539_lon-46.6090_h4.981927404088561_p-45.jpg,2,0.9064603
imgs\img_121_lat-23.5810_lon-46.7105_h359.4723776965959_p-45.jpg,2,0.9064823
imgs\img_421_lat-19.9509_lon-43.9844_h281.6949982291358_p-45.jpg,2,0.90701514
imgs\img_492_lat-23.6037_lon-46.6910_h18.705421361652583_p-45.jpg,2,0.90725684
imgs\img_119_lat-23.5738_lon-46.7039_h145.74418990543649_p-45.jpg,2,0.90754014
imgs\img_490_lat-23.5954_lon-46.6837_h4.254381793459709_p-45.jpg,2,0.9078973
imgs\img_54_lat-23.5862_lon-46.6982_h357.4652710607951_p-45.jpg,2,0.907957
imgs\img_822_lat-23.5692_lon-46.5949_h247.45224076631433_p-45.jpg,2,0.90802026
imgs\img_406_lat-23.5987_lon-46.6761_h177.48797935044354_p-45.jpg,2,0.9080947
imgs\img_87_lat-19.9789_lon-43.9786_h56.58020942954408_p-45.jpg,2,0.90815383
imgs\img_68_lat-7.1134_lon-34.8246_h353.6797199460463_p-45.jpg,2,0.9082296
imgs\img_615_lat-23.5658_lon-46.5944_h120.00207297779212_p-45.jpg,2,0.90827495
imgs\img_439_lat-23.6192_lon-46.6948_h306.512897505601_p-45.jpg,2,0.9083812
imgs\img_159_lat-23.6018_lon-46.7214_h343.005833702267_p-45.jpg,2,0.90842134
imgs\img_69_lat-19.9711_lon-43.9674_h154.62201279052465_p-45.jpg,2,0.90858203
imgs\img_777_lat-23.5644_lon-46.5945_h35.559819640092805_p-45.jpg,2,0.90858555
imgs\img_661_lat-23.5502_lon-46.5966_h43.67212868552821_p-45.jpg,2,0.90869373
imgs\img_1148_lat-20.3472_lon-40.2926_h280.36049110221575_p-45.jpg,2,0.90875584
imgs\img_378_lat-23.6096_lon-46.6610_h131.34076672364466_p-45.jpg,2,0.908778
imgs\img_693_lat-23.5539_lon-46.5893_h41.641436088174714_p-45.jpg,2,0.90885633
imgs\img_15_lat-23.5867_lon-46.7186_h153.41579208681372_p-45.jpg,2,0.9088976
imgs\img_325_lat-23.5922_lon-46.6509_h340.2136788791465_p-45.jpg,2,0.909102
imgs\img_53_lat-19.9844_lon-43.9706_h280.95431261047435_p-45.jpg,2,0.9093022
imgs\img_108_lat-7.1152_lon-34.8248_h193.03829894581327_p-45.jpg,2,0.90991974
imgs\img_98_lat-23.6086_lon-46.7065_h214.58970913859824_p-45.jpg,2,0.9099371
imgs\img_209_lat-19.9365_lon-43.9366_h330.170580008087_p-45.jpg,2,0.9099386
imgs\img_216_lat-23.4035_lon-51.9575_h90_p-45.jpg,2,0.9099554
imgs\img_36_lat-7.0708_lon-34.8427_h345.46343532808584_p-45.jpg,2,0.9101904
imgs\img_371_lat-23.5853_lon-46.6681_h121.33582080620488_p-45.jpg,2,0.9102092
imgs\img_858_lat-23.5692_lon-46.5923_h171.55220477382045_p-45.jpg,2,0.9104335
imgs\img_31_lat-7.1129_lon-34.8297_h242.0353541723147_p-45.jpg,2,0.9105314
imgs\img_343_lat-19.9629_lon-43.9908_h198.29542145184908_p-45.jpg,2,0.9106413
imgs\img_290_lat-23.5748_lon-46.6555_h135.42363124942753_p-45.jpg,2,0.9106491
imgs\img_94_lat-7.1271_lon-34.8250_h350.334473415006_p-45.jpg,2,0.9109157
imgs\img_37_lat-19.9727_lon-43.9611_h33.06880962775513_p-45.jpg,2,0.9109193
imgs\img_664_lat-23.5599_lon-46.6062_h336.2217149308781_p-45.jpg,2,0.9111937
imgs\img_579_lat-23.5888_lon-46.6777_h344.20902231102747_p-45.jpg,2,0.91139126
imgs\img_129_lat-7.1175_lon-34.8285_h102.95553645143482_p-45.jpg,2,0.911492
imgs\img_214_lat-19.9356_lon-43.9298_h284.9286209590765_p-45.jpg,2,0.91149646
imgs\img_707_lat-23.5519_lon-46.5993_h115.70919403799245_p-45.jpg,2,0.9116586
imgs\img_524_lat-23.6003_lon-46.6939_h290.76532482206494_p-45.jpg,2,0.91171044
imgs\img_211_lat-23.6043_lon-46.6606_h311.263248453594_p-45.jpg,2,0.91180396
imgs\img_205_lat-19.9389_lon-43.9370_h239.0029309776945_p-45.jpg,2,0.9118083
imgs\img_522_lat-23.6062_lon-46.6942_h108.34571749020316_p-45.jpg,2,0.91195834
imgs\img_300_lat-23.6151_lon-46.6669_h220.8052187462059_p-45.jpg,2,0.9120472
imgs\img_107_lat-7.1169_lon-34.8303_h143.76856940073958_p-45.jpg,2,0.9121723
imgs\img_466_lat-23.5883_lon-46.6873_h50.32650439108534_p-45.jpg,2,0.91253114
imgs\img_246_lat-23.5944_lon-46.6729_h185.67427956719928_p-45.jpg,2,0.9126739
imgs\img_221_lat-23.5979_lon-46.6728_h194.58604640231565_p-45.jpg,2,0.9129066
imgs\img_555_lat-23.5817_lon-46.6845_h161.87803737278767_p-45.jpg,2,0.91305554
imgs\img_39_lat-23.6109_lon-46.7101_h314.0439456710602_p-45.jpg,2,0.91326326
imgs\img_243_lat-19.9399_lon-43.9337_h264.06757471966847_p-45.jpg,2,0.91341853
imgs\img_1099_lat-20.3566_lon-40.2910_h109.45233756593024_p-45.jpg,2,0.91349465
imgs\img_774_lat-23.5564_lon-46.5893_h26.672954052921682_p-45.jpg,2,0.9135741
imgs\img_256_lat-23.5925_lon-46.6703_h6.009365984414137_p-45.jpg,2,0.91368496
imgs\img_83_lat-7.1271_lon-34.8250_h350.3344987502516_p-45.jpg,2,0.9136934
imgs\img_177_lat-23.5989_lon-46.7085_h343.7124517991264_p-45.jpg,2,0.9140161
imgs\img_314_lat-23.6005_lon-46.6594_h41.84790388706858_p-45.jpg,2,0.9148794
imgs\img_2_lat-7.1122_lon-34.8240_h253.6073267122497_p-45.jpg,2,0.9149337
imgs\img_221_lat-19.9360_lon-43.9364_h193.25042597122084_p-45.jpg,2,0.9149795
imgs\img_143_lat-7.0655_lon-34.8441_h166.13951720653517_p-45.jpg,2,0.91545236
imgs\img_442_lat-23.6083_lon-46.6924_h132.06264302521916_p-45.jpg,2,0.91554654
imgs\img_752_lat-23.5544_lon-46.6011_h277.08063521330394_p-45.jpg,2,0.91558224
imgs\img_876_lat-23.5579_lon-46.5964_h302.1622476121198_p-45.jpg,2,0.91563886
imgs\img_1157_lat-20.3556_lon-40.2876_h193.3671748572745_p-45.jpg,2,0.91568196
imgs\img_209_lat-23.6032_lon-46.6725_h311.23390548627856_p-45.jpg,2,0.9157092
imgs\img_304_lat-23.5987_lon-46.6606_h131.2355623137032_p-45.jpg,2,0.9157457
imgs\img_462_lat-23.6163_lon-46.6932_h87.11226226479039_p-45.jpg,2,0.9157637
imgs\img_670_lat-23.5752_lon-46.5917_h21.6437914170784_p-45.jpg,2,0.91577274
imgs\img_564_lat-23.5982_lon-46.6889_h129.16420545708945_p-45.jpg,2,0.91588265
imgs\img_651_lat-23.5533_lon-46.5934_h225.24976570807473_p-45.jpg,2,0.91609454
imgs\img_76_lat-23.5909_lon-46.7146_h318.4551040054334_p-45.jpg,2,0.9162822
imgs\img_443_lat-23.5809_lon-46.6801_h342.49303189608816_p-45.jpg,2,0.9163019
imgs\img_3_lat-23.6026_lon-46.7085_h7.757415857628126_p-45.jpg,2,0.91632384
imgs\img_25_lat-7.1459_lon-34.8091_h93.84122888209185_p-45.jpg,2,0.91644955
imgs\img_21_lat-19.9710_lon-43.9654_h222.17284604943495_p-45.jpg,2,0.9165244
imgs\img_93_lat-19.9737_lon-43.9734_h335.45566606909415_p-45.jpg,2,0.916528
imgs\img_193_lat-23.5860_lon-46.7183_h63.606249366220496_p-45.jpg,2,0.91690576
imgs\img_4_lat-7.1168_lon-34.8270_h192.8477943849387_p-45.jpg,2,0.91706866
imgs\img_681_lat-23.5706_lon-46.5836_h102.25783262684934_p-45.jpg,2,0.91714066
imgs\img_997_lat-23.5790_lon-46.5896_h335.9590807144578_p-45.jpg,2,0.9171407
imgs\img_1096_lat-20.3553_lon-40.2921_h326.0906992390394_p-45.jpg,2,0.9172396
imgs\img_88_lat-7.1461_lon-34.8090_h237.60662296657895_p-45.jpg,2,0.91769177
imgs\img_219_lat-19.9385_lon-43.9363_h240.14745721508817_p-45.jpg,2,0.9180599
imgs\img_16_lat-7.1385_lon-34.8195_h142.85211200408003_p-45.jpg,2,0.91822785
imgs\img_1075_lat-20.3496_lon-40.2891_h99.43921425082965_p-45.jpg,2,0.9182279
imgs\img_396_lat-23.5943_lon-46.6536_h41.01952623731205_p-45.jpg,2,0.91826296
imgs\img_606_lat-23.5493_lon-46.6025_h237.7735984055471_p-45.jpg,2,0.91832584
imgs\img_306_lat-23.6115_lon-46.6698_h45.77569914862079_p-45.jpg,2,0.9184483
imgs\img_67_lat-7.0605_lon-34.8465_h166.03514956492836_p-45.jpg,2,0.9184592
imgs\img_720_lat-23.5523_lon-46.6051_h150.5592201791644_p-45.jpg,2,0.91850704
imgs\img_4_lat-23.5802_lon-46.7058_h356.13517149919835_p-45.jpg,2,0.9188632
imgs\img_1040_lat-20.3508_lon-40.2875_h7.9822216541969055_p-45.jpg,2,0.9193607
imgs\img_117_lat-7.1186_lon-34.8273_h9.560549173157224_p-45.jpg,2,0.91940147
imgs\img_258_lat-23.5766_lon-46.6585_h45.07236425630708_p-45.jpg,2,0.9196068
imgs\img_42_lat-7.1439_lon-34.8127_h310.5005549181784_p-45.jpg,2,0.91972876
imgs\img_941_lat-23.5586_lon-46.6028_h356.5598377556207_p-45.jpg,2,0.919773
imgs\img_111_lat-19.9747_lon-43.9728_h327.95999684811966_p-45.jpg,2,0.9200151
imgs\img_710_lat-23.5472_lon-46.6056_h142.70521809268632_p-45.jpg,2,0.92006934
imgs\img_477_lat-23.5950_lon-46.6790_h163.6729068148922_p-45.jpg,2,0.9202021
imgs\img_570_lat-23.5980_lon-46.6866_h206.50583060140443_p-45.jpg,2,0.9205199
imgs\img_763_lat-23.5686_lon-46.5828_h273.2027872086836_p-45.jpg,2,0.921442
imgs\img_692_lat-23.5602_lon-46.5990_h74.82491054283616_p-45.jpg,2,0.92146456
imgs\img_107_lat-7.1169_lon-34.8303_h323.7685694007396_p-45.jpg,2,0.9214937
imgs\img_115_lat-23.6076_lon-46.7017_h41.50357374855904_p-45.jpg,2,0.92151564
imgs\img_204_lat-23.5950_lon-46.6724_h277.3145821659449_p-45.jpg,2,0.9216698
imgs\img_30_lat-19.9700_lon-43.9690_h165.84973453941436_p-45.jpg,2,0.92168164
imgs\img_1174_lat-20.3476_lon-40.2906_h100.5011726112626_p-45.jpg,2,0.92193574
imgs\img_307_lat-19.9655_lon-43.9934_h264.1844169072825_p-45.jpg,2,0.92206526
imgs\img_469_lat-23.5980_lon-46.6774_h293.8421793646773_p-45.jpg,2,0.9225788
imgs\img_8_lat-23.5985_lon-46.7126_h285.4358480254097_p-45.jpg,2,0.92262244
imgs\img_846_lat-23.5545_lon-46.5935_h114.60785566087372_p-45.jpg,2,0.9230106
imgs\img_764_lat-23.5552_lon-46.6037_h96.18848011143723_p-45.jpg,2,0.9231321
imgs\img_186_lat-19.9339_lon-43.9344_h17.16853169902106_p-45.jpg,2,0.9233226
imgs\img_1027_lat-20.3534_lon-40.2955_h97.24685552934454_p-45.jpg,2,0.92336583
imgs\img_74_lat-7.1144_lon-34.8314_h336.88153355028095_p-45.jpg,2,0.9239932
imgs\img_537_lat-23.6047_lon-46.6946_h198.7706295859751_p-45.jpg,2,0.92409915
imgs\img_26_lat-23.5903_lon-46.7026_h224.95648277579818_p-45.jpg,2,0.9247296
imgs\img_216_lat-23.5875_lon-46.6702_h295.83990470571854_p-45.jpg,2,0.9247842
imgs\img_947_lat-23.5521_lon-46.6028_h51.688981411729856_p-45.jpg,2,0.9248132
imgs\img_479_lat-23.6226_lon-46.6957_h289.1823452354496_p-45.jpg,2,0.9248182
imgs\img_768_lat-23.5507_lon-46.6010_h8.277316517252189_p-45.jpg,2,0.9249948
imgs\img_489_lat-23.5951_lon-46.6834_h272.6223173880306_p-45.jpg,2,0.9252373
imgs\img_236_lat-23.6132_lon-46.6591_h220.74428398793037_p-45.jpg,2,0.9252668
imgs\img_1019_lat-20.3514_lon-40.2845_h9.425389674810898_p-45.jpg,2,0.92530346
imgs\img_638_lat-23.5614_lon-46.5950_h255.42410431999588_p-45.jpg,2,0.9256345
imgs\img_748_lat-23.5619_lon-46.5970_h125.04879478144392_p-45.jpg,2,0.9257085
imgs\img_208_lat-23.6062_lon-46.6533_h338.9462722617212_p-45.jpg,2,0.92602605
imgs\img_141_lat-23.5931_lon-46.7149_h335.24350283368506_p-45.jpg,2,0.9260442
imgs\img_63_lat-23.6101_lon-46.7038_h165.97960925251482_p-45.jpg,2,0.9262261
imgs\img_43_lat-23.6076_lon-46.7017_h41.50318877698328_p-45.jpg,2,0.9264819
imgs\img_50_lat-23.4049_lon-51.9514_h90_p-45.jpg,2,0.92664665
imgs\img_13_lat-23.6109_lon-46.7222_h64.74756173931388_p-45.jpg,2,0.92675847
imgs\img_78_lat-7.1219_lon-34.8286_h181.26980873366983_p-45.jpg,2,0.92684543
imgs\img_69_lat-23.5852_lon-46.6983_h337.12636506428936_p-45.jpg,2,0.92721117
imgs\img_23_lat-7.1276_lon-34.8279_h295.05360324205594_p-45.jpg,2,0.927261
imgs\img_248_lat-19.9314_lon-43.9366_h285.17358916408125_p-45.jpg,2,0.9276014
imgs\img_58_lat-7.1286_lon-34.8255_h160.7306726552206_p-45.jpg,2,0.9277734
imgs\img_173_lat-19.9364_lon-43.9295_h14.470215381261182_p-45.jpg,2,0.9278688
imgs\img_40_lat-23.5988_lon-46.7103_h351.1196334690228_p-45.jpg,2,0.9282247
imgs\img_865_lat-23.5519_lon-46.5895_h312.0124820491768_p-45.jpg,2,0.9283174
imgs\img_446_lat-19.9588_lon-43.9952_h280.47213924984965_p-45.jpg,2,0.9283783
imgs\img_337_lat-23.6093_lon-46.6648_h131.42480658771098_p-45.jpg,2,0.928697
imgs\img_34_lat-7.1194_lon-34.8288_h89.4377667147125_p-45.jpg,2,0.92884177
imgs\img_776_lat-23.5645_lon-46.6018_h66.13675349118523_p-45.jpg,2,0.9288995
imgs\img_31_lat-7.1129_lon-34.8297_h62.03535417231469_p-45.jpg,2,0.9290416
imgs\img_588_lat-23.6057_lon-46.6895_h221.0548373267423_p-45.jpg,2,0.9294462
imgs\img_387_lat-23.5948_lon-46.6633_h69.62539530241618_p-45.jpg,2,0.9294924
imgs\img_540_lat-23.5936_lon-46.6838_h163.59750276213026_p-45.jpg,2,0.9296692
imgs\img_977_lat-23.5480_lon-46.6021_h62.840675407359015_p-45.jpg,2,0.9298382
imgs\img_719_lat-23.5740_lon-46.5875_h149.11120415527495_p-45.jpg,2,0.92987007
imgs\img_894_lat-23.5740_lon-46.5875_h149.11120415527495_p-45.jpg,2,0.92987007
imgs\img_227_lat-19.9392_lon-43.9312_h101.69014911942281_p-45.jpg,2,0.92994505
imgs\img_298_lat-19.9357_lon-43.9377_h14.895182945896067_p-45.jpg,2,0.9299689
imgs\img_376_lat-19.9621_lon-43.9969_h163.54044389333296_p-45.jpg,2,0.92999727
imgs\img_11_lat-19.9754_lon-43.9684_h168.6113412492283_p-45.jpg,2,0.93010813
imgs\img_317_lat-23.5967_lon-46.6700_h186.33748400347724_p-45.jpg,2,0.9302274
imgs\img_474_lat-23.5806_lon-46.6781_h163.21286727640725_p-45.jpg,2,0.9302351
imgs\img_449_lat-23.6094_lon-46.6952_h110.41699402776514_p-45.jpg,2,0.9302367
imgs\img_411_lat-23.5935_lon-46.6903_h133.34914976354446_p-45.jpg,2,0.9304264
imgs\img_1017_lat-20.3462_lon-40.2883_h98.77344786743788_p-45.jpg,2,0.93056875
imgs\img_678_lat-23.5762_lon-46.5874_h29.308997185140925_p-45.jpg,2,0.9307482
imgs\img_63_lat-7.1385_lon-34.8195_h142.8522179300592_p-45.jpg,2,0.93090796
imgs\img_987_lat-23.5638_lon-46.5971_h141.31106449977102_p-45.jpg,2,0.9310927
imgs\img_417_lat-23.5931_lon-46.6836_h73.25967803266121_p-45.jpg,2,0.93112576
imgs\img_408_lat-23.6040_lon-46.6916_h199.5318387051177_p-45.jpg,2,0.9312852
imgs\img_1075_lat-20.3496_lon-40.2891_h279.43921425082965_p-45.jpg,2,0.93129385
imgs\img_162_lat-19.9363_lon-43.9322_h13.305419334498197_p-45.jpg,2,0.93137825
imgs\img_438_lat-19.9644_lon-43.9925_h205.99179366189333_p-45.jpg,2,0.93187016
imgs\img_944_lat-23.5752_lon-46.5870_h101.51314399219075_p-45.jpg,2,0.9318997
imgs\img_1101_lat-20.3554_lon-40.2916_h349.28309330260856_p-45.jpg,2,0.9319405
imgs\img_222_lat-19.9368_lon-43.9365_h269.4827950036728_p-45.jpg,2,0.9320992
imgs\img_729_lat-23.5755_lon-46.5849_h190.12117529389604_p-45.jpg,2,0.93214977
imgs\img_126_lat-7.0610_lon-34.8431_h161.17672847673538_p-45.jpg,2,0.9321582
imgs\img_82_lat-7.1146_lon-34.8284_h11.84186047458411_p-45.jpg,2,0.932166
imgs\img_324_lat-23.6011_lon-46.6540_h315.3297235272937_p-45.jpg,2,0.9323381
imgs\img_314_lat-19.9572_lon-43.9862_h16.44572819018748_p-45.jpg,2,0.93234414
imgs\img_1005_lat-20.3462_lon-40.2883_h98.77354998478836_p-45.jpg,2,0.93240327
imgs\img_423_lat-19.9657_lon-43.9922_h316.1274258130719_p-45.jpg,2,0.93263334
imgs\img_1182_lat-20.3472_lon-40.2870_h189.16548705407735_p-45.jpg,2,0.93296665
imgs\img_153_lat-19.9384_lon-43.9267_h150.18833471964925_p-45.jpg,2,0.93299365
imgs\img_63_lat-19.9789_lon-43.9786_h56.57967645009944_p-45.jpg,2,0.93304646
imgs\img_98_lat-23.6059_lon-46.7160_h270_p-45.jpg,2,0.93308157
imgs\img_1153_lat-20.3511_lon-40.2860_h188.55618762378887_p-45.jpg,2,0.9333015
imgs\img_411_lat-23.5935_lon-46.6903_h313.34914976354446_p-45.jpg,2,0.9337341
imgs\img_241_lat-23.5939_lon-46.6647_h352.88589605378746_p-45.jpg,2,0.9337687
imgs\img_3_lat-7.1115_lon-34.8262_h154.5484956490994_p-45.jpg,2,0.93385595
imgs\img_398_lat-23.6036_lon-46.6747_h18.04022842811586_p-45.jpg,2,0.9338861
imgs\img_424_lat-19.9625_lon-43.9968_h161.85079317173495_p-45.jpg,2,0.933895
imgs\img_652_lat-23.5661_lon-46.5930_h210.26659161342369_p-45.jpg,2,0.93394613
imgs\img_1_lat-7.0683_lon-34.8384_h137.24492703861512_p-45.jpg,2,0.93412393
imgs\img_102_lat-23.4117_lon-51.8734_h90_p-45.jpg,2,0.93438697
imgs\img_247_lat-23.6081_lon-46.6611_h131.15780845331778_p-45.jpg,2,0.9345631
imgs\img_15_lat-7.1212_lon-34.8268_h5.9661602845677635_p-45.jpg,2,0.93473744
imgs\img_408_lat-19.9600_lon-43.9915_h39.13506424306023_p-45.jpg,2,0.93532914
imgs\img_70_lat-7.1172_lon-34.8252_h192.7484266717086_p-45.jpg,2,0.9354849
imgs\img_1086_lat-20.3499_lon-40.2850_h9.623839941520941_p-45.jpg,2,0.93577194
imgs\img_304_lat-23.5987_lon-46.6606_h311.2355623137032_p-45.jpg,2,0.9358637
imgs\img_780_lat-23.5504_lon-46.6016_h51.80983689618881_p-45.jpg,2,0.9359448
imgs\img_530_lat-23.6082_lon-46.6772_h38.14212211330732_p-45.jpg,2,0.93596673
imgs\img_662_lat-23.5627_lon-46.5979_h325.1930586106697_p-45.jpg,2,0.9360151
imgs\img_771_lat-23.5549_lon-46.6068_h275.74368492109875_p-45.jpg,2,0.93604696
imgs\img_589_lat-23.6018_lon-46.6750_h116.95145975910992_p-45.jpg,2,0.9361092
imgs\img_646_lat-23.5557_lon-46.5984_h275.918250086354_p-45.jpg,2,0.9363879
imgs\img_735_lat-23.5530_lon-46.6026_h344.6971917585391_p-45.jpg,2,0.9365942
imgs\img_241_lat-23.5939_lon-46.6647_h172.88589605378752_p-45.jpg,2,0.93677145
imgs\img_745_lat-23.5516_lon-46.5875_h132.79428375599747_p-45.jpg,2,0.9369207
imgs\img_76_lat-7.1234_lon-34.8283_h266.6681774669078_p-45.jpg,2,0.93728536
imgs\img_84_lat-7.1253_lon-34.8261_h351.96790307371367_p-45.jpg,2,0.93737704
imgs\img_61_lat-7.1212_lon-34.8277_h6.333869245279191_p-45.jpg,2,0.93754584
imgs\img_240_lat-23.4284_lon-51.9354_h90_p-45.jpg,2,0.9384454
imgs\img_624_lat-23.5616_lon-46.6001_h325.5350517388437_p-45.jpg,2,0.9384781
imgs\img_139_lat-19.9714_lon-43.9601_h330.0327125628053_p-45.jpg,2,0.93853897
imgs\img_850_lat-23.5490_lon-46.6087_h142.6545417147563_p-45.jpg,2,0.9385786
imgs\img_124_lat-23.5785_lon-46.7090_h236.2564887325412_p-45.jpg,2,0.93869203
imgs\img_400_lat-19.9656_lon-43.9942_h90.14157357549948_p-45.jpg,2,0.9387477
imgs\img_385_lat-23.5889_lon-46.6712_h194.67731019315588_p-45.jpg,2,0.9389811
imgs\img_136_lat-23.0098_lon-43.3477_h90_p-45.jpg,2,0.939054
imgs\img_230_lat-19.9367_lon-43.9363_h236.85926788205273_p-45.jpg,2,0.9391689
imgs\img_736_lat-23.5467_lon-46.6013_h65.01927745228666_p-45.jpg,2,0.939209
imgs\img_221_lat-23.0057_lon-43.3475_h270_p-45.jpg,2,0.939266
imgs\img_339_lat-19.9664_lon-43.9940_h321.257537075171_p-45.jpg,2,0.9392704
imgs\img_220_lat-23.6119_lon-46.6624_h220.8590462915812_p-45.jpg,2,0.9395913
imgs\img_58_lat-23.5902_lon-46.6940_h12.168441358080624_p-45.jpg,2,0.93967474
imgs\img_1130_lat-20.3569_lon-40.2907_h147.30132442742547_p-45.jpg,2,0.9397804
imgs\img_383_lat-23.6073_lon-46.6603_h312.04434254690784_p-45.jpg,2,0.93990254
imgs\img_91_lat-19.9798_lon-43.9743_h357.15494817171776_p-45.jpg,2,0.9399995
imgs\img_388_lat-23.6083_lon-46.6735_h32.97550263269596_p-45.jpg,2,0.94003606
imgs\img_769_lat-23.5544_lon-46.6001_h6.830153823578598_p-45.jpg,2,0.94025624
imgs\img_13_lat-7.1101_lon-34.8240_h247.27305621187742_p-45.jpg,2,0.94033015
imgs\img_732_lat-23.5565_lon-46.5986_h189.1778319678228_p-45.jpg,2,0.94045264
imgs\img_538_lat-23.5904_lon-46.6817_h25.15216749096635_p-45.jpg,2,0.9404635
imgs\img_813_lat-23.5557_lon-46.5902_h212.15664745323485_p-45.jpg,2,0.94052577
imgs\img_599_lat-23.5876_lon-46.6747_h343.65068592267085_p-45.jpg,2,0.9405781
imgs\img_128_lat-7.1193_lon-34.8252_h269.31138089096424_p-45.jpg,2,0.9405968
imgs\img_1100_lat-20.3480_lon-40.2881_h100.4258270373372_p-45.jpg,2,0.94061327
imgs\img_514_lat-23.5961_lon-46.6871_h149.59819149505506_p-45.jpg,2,0.9408389
imgs\img_327_lat-23.5785_lon-46.6607_h48.31879632022264_p-45.jpg,2,0.9411534
imgs\img_264_lat-19.9304_lon-43.9326_h59.08092387073552_p-45.jpg,2,0.9416956
imgs\img_256_lat-19.9391_lon-43.9316_h349.6917023998085_p-45.jpg,2,0.94171464
imgs\img_234_lat-19.9399_lon-43.9342_h263.55301561183626_p-45.jpg,2,0.9417325
imgs\img_423_lat-23.6172_lon-46.6953_h216.3408922886044_p-45.jpg,2,0.94185525
imgs\img_567_lat-23.6099_lon-46.6825_h218.9001622450179_p-45.jpg,2,0.94196117
imgs\img_53_lat-7.0715_lon-34.8426_h346.2753116881199_p-45.jpg,2,0.94198585
imgs\img_1044_lat-20.3475_lon-40.2854_h189.6703509842654_p-45.jpg,2,0.94211
imgs\img_388_lat-23.6083_lon-46.6735_h212.97550263269596_p-45.jpg,2,0.94242156
imgs\img_121_lat-7.0641_lon-34.8481_h76.32331537396222_p-45.jpg,2,0.9425229
imgs\img_236_lat-19.9349_lon-43.9299_h239.8562775949537_p-45.jpg,2,0.94253206
imgs\img_104_lat-23.5982_lon-46.7104_h177.91734085367693_p-45.jpg,2,0.94256824
imgs\img_37_lat-23.5890_lon-46.7167_h63.95702449594614_p-45.jpg,2,0.94276553
imgs\img_145_lat-7.0715_lon-34.8426_h346.2753315084674_p-45.jpg,2,0.9428665
imgs\img_475_lat-23.5863_lon-46.6733_h358.6159515051146_p-45.jpg,2,0.942917
imgs\img_147_lat-23.5865_lon-46.6929_h134.52101507664338_p-45.jpg,2,0.94310975
imgs\img_80_lat-7.1122_lon-34.8248_h336.6206298615643_p-45.jpg,2,0.9433364
imgs\img_277_lat-23.6102_lon-46.6739_h40.81463799131478_p-45.jpg,2,0.9433861
imgs\img_370_lat-19.9587_lon-43.9956_h61.81228119811897_p-45.jpg,2,0.94353294
imgs\img_161_lat-19.9323_lon-43.9359_h239.28393559509593_p-45.jpg,2,0.94354284
imgs\img_974_lat-23.5616_lon-46.6001_h325.53449570855145_p-45.jpg,2,0.9436481
imgs\img_196_lat-23.5924_lon-46.7159_h123.33131452255122_p-45.jpg,2,0.94378877
imgs\img_150_lat-19.9321_lon-43.9311_h14.003196468834176_p-45.jpg,2,0.9440308
imgs\img_1119_lat-20.3453_lon-40.2908_h4.269737870661913_p-45.jpg,2,0.94421524
imgs\img_1196_lat-20.3521_lon-40.2858_h100.23085074230389_p-45.jpg,2,0.9443134
imgs\img_1106_lat-20.3553_lon-40.2920_h232.2766422177851_p-45.jpg,2,0.9444489
imgs\img_347_lat-23.5970_lon-46.6695_h273.52925720699795_p-45.jpg,2,0.9445292
imgs\img_560_lat-23.6253_lon-46.6896_h84.81901004774764_p-45.jpg,2,0.9445455
imgs\img_865_lat-23.5519_lon-46.5895_h132.01248204917678_p-45.jpg,2,0.9446046
imgs\img_1133_lat-20.3556_lon-40.2917_h20.78923618072142_p-45.jpg,2,0.94463795
imgs\img_98_lat-23.6086_lon-46.7065_h34.58970913859821_p-45.jpg,2,0.94490623
imgs\img_492_lat-23.6037_lon-46.6910_h198.70542136165258_p-45.jpg,2,0.9449455
imgs\img_34_lat-7.0641_lon-34.8481_h76.32314253882032_p-45.jpg,2,0.9449701
imgs\img_428_lat-23.5811_lon-46.6800_h322.01168730338185_p-45.jpg,2,0.9453195
imgs\img_614_lat-23.5512_lon-46.6069_h142.7143906165993_p-45.jpg,2,0.94548005
imgs\img_829_lat-23.5512_lon-46.6069_h142.7143906165993_p-45.jpg,2,0.94548005
imgs\img_1_lat-7.1110_lon-34.8235_h230.71410383378296_p-45.jpg,2,0.9454855
imgs\img_2_lat-19.9804_lon-43.9778_h158.28633129874856_p-45.jpg,2,0.9466294
imgs\img_437_lat-19.9614_lon-43.9921_h230.68179589265387_p-45.jpg,2,0.94673616
imgs\img_153_lat-19.9384_lon-43.9267_h330.1883347196492_p-45.jpg,2,0.9471749
imgs\img_367_lat-23.5946_lon-46.6668_h98.26208918073769_p-45.jpg,2,0.9473924
imgs\img_56_lat-7.1447_lon-34.8133_h125.96846346661744_p-45.jpg,2,0.9474008
imgs\img_425_lat-19.9620_lon-43.9904_h204.9343980170664_p-45.jpg,2,0.9479935
imgs\img_1139_lat-20.3492_lon-40.2913_h280.73038583084065_p-45.jpg,2,0.9485729
imgs\img_610_lat-23.5702_lon-46.5813_h174.8109438760588_p-45.jpg,2,0.9486292
imgs\img_79_lat-7.1399_lon-34.8182_h316.3249951275064_p-45.jpg,2,0.94891965
imgs\img_82_lat-7.0700_lon-34.8393_h165.17549424386846_p-45.jpg,2,0.9489445
imgs\img_256_lat-23.5925_lon-46.6703_h186.00936598441413_p-45.jpg,2,0.9491272
imgs\img_582_lat-23.5785_lon-46.6754_h159.36981910014006_p-45.jpg,2,0.94918394
imgs\img_1092_lat-20.3464_lon-40.2882_h9.732548795463117_p-45.jpg,2,0.9493983
imgs\img_680_lat-23.5767_lon-46.5854_h210.0876247879914_p-45.jpg,2,0.9494998
imgs\img_709_lat-23.5773_lon-46.5921_h77.11803041771259_p-45.jpg,2,0.94952464
imgs\img_991_lat-23.5773_lon-46.5921_h77.11803041771259_p-45.jpg,2,0.94952464
imgs\img_301_lat-19.9657_lon-43.9945_h333.0148438155684_p-45.jpg,2,0.94952816
imgs\img_319_lat-19.9542_lon-43.9875_h229.4491395373688_p-45.jpg,2,0.95006233
imgs\img_566_lat-23.6069_lon-46.6792_h130.88402216388303_p-45.jpg,2,0.9501055
imgs\img_5_lat-19.9712_lon-43.9740_h37.36988332771216_p-45.jpg,2,0.9501066
imgs\img_407_lat-19.9643_lon-43.9933_h344.27546532444035_p-45.jpg,2,0.95013297
imgs\img_113_lat-7.2049_lon-34.8469_h90_p-45.jpg,2,0.95035017
imgs\img_231_lat-19.9351_lon-43.9374_h146.29913196581424_p-45.jpg,2,0.95038253
imgs\img_32_lat-19.9804_lon-43.9778_h158.2863688859502_p-45.jpg,2,0.95041686
imgs\img_219_lat-19.9385_lon-43.9363_h60.14745721508814_p-45.jpg,2,0.9505315
imgs\img_222_lat-23.6098_lon-46.6650_h40.82457748950233_p-45.jpg,2,0.95076436
imgs\img_935_lat-23.5554_lon-46.6012_h276.403976541415_p-45.jpg,2,0.9508044
imgs\img_1059_lat-20.3484_lon-40.2878_h188.86370663396423_p-45.jpg,2,0.9509123
imgs\img_407_lat-23.6024_lon-46.6831_h310.9022664199096_p-45.jpg,2,0.95098513
imgs\img_440_lat-19.9674_lon-43.9944_h1.8824950067439659_p-45.jpg,2,0.95101374
imgs\img_75_lat-23.6122_lon-46.7087_h348.99415773239053_p-45.jpg,2,0.95125055
imgs\img_33_lat-7.0702_lon-34.8459_h165.021652382415_p-45.jpg,2,0.9512966
imgs\img_0_lat-23.4571_lon-51.9393_h90_p-45.jpg,2,0.9520416
imgs\img_208_lat-23.6062_lon-46.6533_h158.94627226172122_p-45.jpg,2,0.9522056
imgs\img_435_lat-19.9551_lon-43.9863_h219.97558622352915_p-45.jpg,2,0.9522524
imgs\img_77_lat-7.1424_lon-34.8159_h317.8101716712548_p-45.jpg,2,0.95242625
imgs\img_403_lat-19.9610_lon-43.9950_h72.11771330632291_p-45.jpg,2,0.9527472
imgs\img_438_lat-23.5948_lon-46.6888_h26.30671277682028_p-45.jpg,2,0.95297813
imgs\img_488_lat-23.6036_lon-46.6906_h310.9041248088423_p-45.jpg,2,0.95313174
imgs\img_696_lat-23.5691_lon-46.5923_h137.60862419379163_p-45.jpg,2,0.9532596
imgs\img_189_lat-19.9394_lon-43.9306_h321.0340526255066_p-45.jpg,2,0.95424575
imgs\img_703_lat-23.5473_lon-46.5915_h229.61176410393426_p-45.jpg,2,0.95427066
imgs\img_318_lat-23.5989_lon-46.6709_h130.58804897295428_p-45.jpg,2,0.9543665
imgs\img_82_lat-7.1260_lon-34.8251_h352.02751942507814_p-45.jpg,2,0.95461315
imgs\img_91_lat-7.1260_lon-34.8251_h352.02753633337466_p-45.jpg,2,0.95461315
imgs\img_17_lat-7.1181_lon-34.8259_h103.54380880157552_p-45.jpg,2,0.9547007
imgs\img_90_lat-7.0595_lon-34.8465_h74.76065377107615_p-45.jpg,2,0.9547459
imgs\img_1063_lat-20.3467_lon-40.2869_h9.066307735064129_p-45.jpg,2,0.95481694
imgs\img_11_lat-7.1195_lon-34.8270_h268.4760281253218_p-45.jpg,2,0.9552059
imgs\img_622_lat-23.5586_lon-46.5902_h296.0883498155859_p-45.jpg,2,0.95532936
imgs\img_188_lat-19.9374_lon-43.9388_h104.5056883789765_p-45.jpg,2,0.95535594
imgs\img_244_lat-23.6034_lon-46.6566_h311.382169189019_p-45.jpg,2,0.9553644
imgs\img_286_lat-19.9345_lon-43.9378_h148.97174927609706_p-45.jpg,2,0.9555049
imgs\img_67_lat-23.5874_lon-46.7188_h63.28249534143795_p-45.jpg,2,0.9555991
imgs\img_242_lat-23.6091_lon-46.6702_h311.0524184424031_p-45.jpg,2,0.9557254
imgs\img_76_lat-7.1119_lon-34.8270_h334.0913443519969_p-45.jpg,2,0.9558093
imgs\img_264_lat-23.4500_lon-51.9457_h90_p-45.jpg,2,0.9560941
imgs\img_118_lat-23.5948_lon-46.6986_h40.09003194999593_p-45.jpg,2,0.95614296
imgs\img_740_lat-23.5541_lon-46.6044_h276.37962598365135_p-45.jpg,2,0.9564304
imgs\img_810_lat-23.5541_lon-46.6044_h276.37962598365135_p-45.jpg,2,0.9564304
imgs\img_59_lat-7.1166_lon-34.8279_h12.077166905289232_p-45.jpg,2,0.9564672
imgs\img_271_lat-23.6160_lon-46.6650_h283.0792612280306_p-45.jpg,2,0.9565259
imgs\img_458_lat-23.5930_lon-46.6891_h188.4011964306884_p-45.jpg,2,0.9565279
imgs\img_240_lat-19.9361_lon-43.9385_h284.1580507102927_p-45.jpg,2,0.95743704
imgs\img_1002_lat-20.3560_lon-40.2913_h146.9270830267646_p-45.jpg,2,0.95775765
imgs\img_798_lat-23.5564_lon-46.5857_h131.50207744809654_p-45.jpg,2,0.9583618
imgs\img_90_lat-19.9705_lon-43.9746_h268.76351717223247_p-45.jpg,2,0.95840216
imgs\img_887_lat-23.5569_lon-46.5940_h296.425162259066_p-45.jpg,2,0.95841694
imgs\img_412_lat-23.5782_lon-46.6727_h171.50491475886113_p-45.jpg,2,0.9585329
imgs\img_259_lat-23.5806_lon-46.6534_h329.9122818591903_p-45.jpg,2,0.95921874
imgs\img_304_lat-19.9672_lon-43.9937_h96.65890199745206_p-45.jpg,2,0.95964414
imgs\img_13_lat-7.1278_lon-34.8253_h77.71339861674016_p-45.jpg,2,0.95966077
imgs\img_779_lat-23.5666_lon-46.5942_h265.7750024909393_p-45.jpg,2,0.9596695
imgs\img_866_lat-23.5718_lon-46.5898_h136.63232173782183_p-45.jpg,2,0.9597465
imgs\img_215_lat-19.9399_lon-43.9386_h239.64146573905668_p-45.jpg,2,0.9597751
imgs\img_450_lat-23.6047_lon-46.6835_h311.104864694879_p-45.jpg,2,0.96005
imgs\img_421_lat-23.6004_lon-46.6931_h198.167297870668_p-45.jpg,2,0.960073
imgs\img_259_lat-23.5806_lon-46.6534_h149.91228185919027_p-45.jpg,2,0.96045285
imgs\img_506_lat-23.6163_lon-46.6971_h13.653050600723631_p-45.jpg,2,0.96068084
imgs\img_224_lat-23.6162_lon-46.6635_h39.054169036405426_p-45.jpg,2,0.9607065
imgs\img_13_lat-7.1101_lon-34.8240_h67.27305621187743_p-45.jpg,2,0.96071786
imgs\img_622_lat-23.5586_lon-46.5902_h116.08834981558591_p-45.jpg,2,0.96072143
imgs\img_1044_lat-20.3475_lon-40.2854_h9.670350984265383_p-45.jpg,2,0.96080387
imgs\img_235_lat-19.9371_lon-43.9324_h14.323888201842465_p-45.jpg,2,0.9608144
imgs\img_58_lat-19.9857_lon-43.9767_h245.52234251997746_p-45.jpg,2,0.9608235
imgs\img_441_lat-23.6027_lon-46.6844_h310.8758707846107_p-45.jpg,2,0.96106553
imgs\img_422_lat-19.9586_lon-43.9954_h58.467330871733566_p-45.jpg,2,0.96109843
imgs\img_699_lat-23.5679_lon-46.5934_h106.3236943284353_p-45.jpg,2,0.9611124
imgs\img_385_lat-19.9511_lon-43.9830_h12.207575731774_p-45.jpg,2,0.9613287
imgs\img_38_lat-19.9707_lon-43.9703_h242.89737404939683_p-45.jpg,2,0.96139
imgs\img_333_lat-23.5864_lon-46.6699_h206.11563584952668_p-45.jpg,2,0.961391
imgs\img_708_lat-23.5692_lon-46.5955_h289.9372625376207_p-45.jpg,2,0.961471
imgs\img_40_lat-7.1429_lon-34.8139_h311.4626359965503_p-45.jpg,2,0.96169937
imgs\img_49_lat-19.9758_lon-43.9689_h257.73922636356394_p-45.jpg,2,0.96178657
imgs\img_126_lat-7.0610_lon-34.8431_h341.1767284767354_p-45.jpg,2,0.9619069
imgs\img_81_lat-7.1310_lon-34.8241_h330.72462030509394_p-45.jpg,2,0.96202445
imgs\img_648_lat-23.5554_lon-46.5873_h300.0570067004707_p-45.jpg,2,0.96213377
imgs\img_1002_lat-20.3560_lon-40.2913_h326.9270830267646_p-45.jpg,2,0.96214086
imgs\img_238_lat-19.9397_lon-43.9332_h355.2800865025326_p-45.jpg,2,0.9622013
imgs\img_657_lat-23.5546_lon-46.5933_h129.94876543069182_p-45.jpg,2,0.9623859
imgs\img_842_lat-23.5546_lon-46.5933_h129.94876543069182_p-45.jpg,2,0.9623859
imgs\img_1046_lat-20.3519_lon-40.2866_h100.84642826344864_p-45.jpg,2,0.9624387
imgs\img_519_lat-23.6225_lon-46.6920_h106.84842239046867_p-45.jpg,2,0.9626192
imgs\img_316_lat-19.9672_lon-43.9937_h96.65849150142452_p-45.jpg,2,0.9626935
imgs\img_787_lat-23.5659_lon-46.5972_h106.80132990066068_p-45.jpg,2,0.96278274
imgs\img_113_lat-23.4162_lon-51.9602_h270_p-45.jpg,2,0.9628345
imgs\img_908_lat-23.5470_lon-46.6008_h238.93270387879363_p-45.jpg,2,0.96294034
imgs\img_240_lat-19.9361_lon-43.9385_h104.1580507102927_p-45.jpg,2,0.96296406
imgs\img_846_lat-23.5545_lon-46.5935_h294.6078556608737_p-45.jpg,2,0.96303344
imgs\img_41_lat-19.9764_lon-43.9753_h269.7928803888075_p-45.jpg,2,0.9631585
imgs\img_653_lat-23.5668_lon-46.5876_h134.2028784526372_p-45.jpg,2,0.96353644
imgs\img_366_lat-23.5959_lon-46.6703_h95.21183680649467_p-45.jpg,2,0.96362275
imgs\img_380_lat-19.9545_lon-43.9860_h14.691872724659447_p-45.jpg,2,0.96374726
imgs\img_625_lat-23.5732_lon-46.5861_h247.75880653748277_p-45.jpg,2,0.9638818
imgs\img_112_lat-19.9755_lon-43.9722_h299.0330301039765_p-45.jpg,2,0.9639757
imgs\img_73_lat-23.5891_lon-46.6961_h202.22618806783956_p-45.jpg,2,0.96410805
imgs\img_995_lat-23.5650_lon-46.5910_h299.5070909012228_p-45.jpg,2,0.96441644
imgs\img_140_lat-7.0618_lon-34.8489_h13.304581620195936_p-45.jpg,2,0.9644392
imgs\img_308_lat-23.6118_lon-46.6608_h220.86573225448285_p-45.jpg,2,0.9645833
imgs\img_109_lat-19.9830_lon-43.9780_h173.43132726582684_p-45.jpg,2,0.9645942
imgs\img_1133_lat-20.3556_lon-40.2917_h200.78923618072142_p-45.jpg,2,0.9646563
imgs\img_5_lat-19.9712_lon-43.9740_h217.36988332771213_p-45.jpg,2,0.96476346
imgs\img_422_lat-23.5880_lon-46.6853_h162.61907316382758_p-45.jpg,2,0.9650912
imgs\img_274_lat-19.9308_lon-43.9333_h238.70731891703878_p-45.jpg,2,0.9651606
imgs\img_235_lat-19.9371_lon-43.9324_h194.3238882018425_p-45.jpg,2,0.96530384
imgs\img_387_lat-19.9542_lon-43.9875_h229.44953022148073_p-45.jpg,2,0.96535283
imgs\img_395_lat-23.5761_lon-46.6580_h45.7935623935529_p-45.jpg,2,0.96546537
imgs\img_382_lat-19.9553_lon-43.9868_h68.36497088062595_p-45.jpg,2,0.965618
imgs\img_691_lat-23.5677_lon-46.5940_h288.2214023336887_p-45.jpg,2,0.9656396
imgs\img_523_lat-23.6205_lon-46.6947_h18.330948075922493_p-45.jpg,2,0.9656503
imgs\img_394_lat-19.9647_lon-43.9941_h235.2053649765763_p-45.jpg,2,0.9656822
imgs\img_832_lat-23.5667_lon-46.6026_h245.737241489893_p-45.jpg,2,0.96594745
imgs\img_423_lat-23.6172_lon-46.6953_h36.34089228860441_p-45.jpg,2,0.96597326
imgs\img_911_lat-23.5588_lon-46.5920_h295.7398962753923_p-45.jpg,2,0.96617645
imgs\img_564_lat-23.5982_lon-46.6889_h309.16420545708945_p-45.jpg,2,0.9662713
imgs\img_250_lat-19.9308_lon-43.9333_h261.4375391286694_p-45.jpg,2,0.96657103
imgs\img_24_lat-7.1137_lon-34.8282_h195.6793089729887_p-45.jpg,2,0.9668679
imgs\img_157_lat-19.9381_lon-43.9384_h14.4759068566662_p-45.jpg,2,0.9669458
imgs\img_42_lat-7.1194_lon-34.8270_h268.0930605336327_p-45.jpg,2,0.9669719
imgs\img_113_lat-7.1153_lon-34.8290_h282.9248979215696_p-45.jpg,2,0.9670409
imgs\img_80_lat-7.1122_lon-34.8248_h156.62062986156434_p-45.jpg,2,0.96714705
imgs\img_235_lat-23.0002_lon-43.3669_h270_p-45.jpg,2,0.96717376
imgs\img_608_lat-23.5552_lon-46.5946_h26.652164177401232_p-45.jpg,2,0.96729755
imgs\img_64_lat-7.0638_lon-34.8427_h345.1784169614303_p-45.jpg,2,0.9676818
imgs\img_1061_lat-20.3501_lon-40.2839_h352.79398140145395_p-45.jpg,2,0.96769756
imgs\img_277_lat-19.9371_lon-43.9352_h193.57087223131754_p-45.jpg,2,0.967872
imgs\img_308_lat-23.6118_lon-46.6608_h40.86573225448286_p-45.jpg,2,0.9679274
imgs\img_647_lat-23.5525_lon-46.6088_h97.66628569162545_p-45.jpg,2,0.9680995
imgs\img_218_lat-23.3764_lon-52.0608_h270_p-45.jpg,2,0.96810246
imgs\img_148_lat-7.0638_lon-34.8427_h345.1784398715951_p-45.jpg,2,0.9682576
imgs\img_785_lat-23.5623_lon-46.5918_h253.3500515926466_p-45.jpg,2,0.96844065
imgs\img_534_lat-23.5814_lon-46.6843_h331.7790930117784_p-45.jpg,2,0.9686274
imgs\img_1084_lat-20.3486_lon-40.2872_h187.2825571704928_p-45.jpg,2,0.9688537
imgs\img_214_lat-19.9356_lon-43.9298_h104.92862095907648_p-45.jpg,2,0.96889186
imgs\img_435_lat-23.5990_lon-46.6748_h359.3419238155025_p-45.jpg,2,0.96895796
imgs\img_425_lat-23.5978_lon-46.6749_h32.82873591743396_p-45.jpg,2,0.96917725
imgs\img_89_lat-23.5773_lon-46.7079_h203.7526818650307_p-45.jpg,2,0.96922547
imgs\img_346_lat-23.6000_lon-46.6590_h222.43632565314803_p-45.jpg,2,0.96924245
imgs\img_248_lat-19.9314_lon-43.9366_h105.17358916408125_p-45.jpg,2,0.9693113
imgs\img_830_lat-23.5519_lon-46.6094_h59.564990087818174_p-45.jpg,2,0.96941614
imgs\img_179_lat-19.9343_lon-43.9353_h104.47486635218024_p-45.jpg,2,0.96972996
imgs\img_49_lat-7.1107_lon-34.8246_h333.33222120633627_p-45.jpg,2,0.9700938
imgs\img_91_lat-23.5874_lon-46.6990_h218.2786485483241_p-45.jpg,2,0.970098
imgs\img_281_lat-19.9351_lon-43.9348_h11.32286024707048_p-45.jpg,2,0.97021544
imgs\img_47_lat-19.9745_lon-43.9705_h289.7697942350229_p-45.jpg,2,0.970311
imgs\img_10_lat-23.5828_lon-46.7101_h169.26319607778498_p-45.jpg,2,0.9705153
imgs\img_5_lat-23.5950_lon-46.7168_h228.86140656717527_p-45.jpg,2,0.9705461
imgs\img_783_lat-23.5515_lon-46.5892_h312.18074360934975_p-45.jpg,2,0.97055817
imgs\img_956_lat-23.5659_lon-46.5972_h106.80087716282537_p-45.jpg,2,0.9706805
imgs\img_629_lat-23.5679_lon-46.5934_h106.3238189973318_p-45.jpg,2,0.9707172
imgs\img_985_lat-23.5550_lon-46.5925_h118.13472026217684_p-45.jpg,2,0.9707327
imgs\img_855_lat-23.5471_lon-46.5941_h334.7080932697684_p-45.jpg,2,0.97077477
imgs\img_969_lat-23.5516_lon-46.5999_h135.91791364813207_p-45.jpg,2,0.97079104
imgs\img_36_lat-23.6041_lon-46.7124_h191.92003331394994_p-45.jpg,2,0.9707958
imgs\img_1016_lat-20.3488_lon-40.2935_h100.34900804519293_p-45.jpg,2,0.9708157
imgs\img_96_lat-19.9790_lon-43.9693_h60.66556964115927_p-45.jpg,2,0.97125727
imgs\img_1037_lat-20.3509_lon-40.2902_h189.9414892132404_p-45.jpg,2,0.9713122
imgs\img_494_lat-23.5898_lon-46.6847_h344.08049893261256_p-45.jpg,2,0.9715121
imgs\img_21_lat-7.1134_lon-34.8298_h195.10265783910944_p-45.jpg,2,0.9715733
imgs\img_736_lat-23.5467_lon-46.6013_h245.01927745228664_p-45.jpg,2,0.97162634
imgs\img_676_lat-23.5490_lon-46.6021_h54.10060513089037_p-45.jpg,2,0.9717207
imgs\img_180_lat-19.9329_lon-43.9370_h128.1255526626378_p-45.jpg,2,0.97174025
imgs\img_350_lat-23.6131_lon-46.6605_h221.12247299506825_p-45.jpg,2,0.97187215
imgs\img_989_lat-23.5637_lon-46.5899_h206.27920783118597_p-45.jpg,2,0.9720806
imgs\img_352_lat-19.9676_lon-43.9927_h7.571774036984393_p-45.jpg,2,0.9721055
imgs\img_230_lat-19.9367_lon-43.9363_h56.859267882052734_p-45.jpg,2,0.97211784
imgs\img_125_lat-19.9723_lon-43.9600_h199.6236276023276_p-45.jpg,2,0.97241724
imgs\img_67_lat-7.1180_lon-34.8236_h218.4461879141952_p-45.jpg,2,0.97262144
imgs\img_218_lat-19.9378_lon-43.9271_h147.1923684902901_p-45.jpg,2,0.97274464
imgs\img_883_lat-23.5598_lon-46.5972_h128.2815912149616_p-45.jpg,2,0.9727513
imgs\img_514_lat-23.5961_lon-46.6871_h329.59819149505506_p-45.jpg,2,0.97275615
imgs\img_333_lat-23.5864_lon-46.6699_h26.11563584952668_p-45.jpg,2,0.9727929
imgs\img_407_lat-19.9643_lon-43.9933_h164.27546532444035_p-45.jpg,2,0.9727951
imgs\img_528_lat-23.6007_lon-46.6834_h322.33928548352634_p-45.jpg,2,0.97290933
imgs\img_964_lat-23.5746_lon-46.5884_h1.8132447393431903_p-45.jpg,2,0.97301847
imgs\img_161_lat-23.6088_lon-46.6997_h12.070087376419679_p-45.jpg,2,0.97316784
imgs\img_1087_lat-20.3434_lon-40.2916_h164.62339439290315_p-45.jpg,2,0.9742787
imgs\img_191_lat-23.5920_lon-46.7033_h351.9600075834596_p-45.jpg,2,0.97466
imgs\img_52_lat-19.9694_lon-43.9634_h267.0064025779885_p-45.jpg,2,0.97495294
imgs\img_859_lat-23.5689_lon-46.5925_h318.9550046922691_p-45.jpg,2,0.97501636
imgs\img_863_lat-23.5819_lon-46.5930_h274.8477111107393_p-45.jpg,2,0.97504014
imgs\img_765_lat-23.5486_lon-46.5968_h151.04097985662997_p-45.jpg,2,0.97510207
imgs\img_205_lat-23.5931_lon-46.6670_h189.4687466039876_p-45.jpg,2,0.9751264
imgs\img_483_lat-23.6176_lon-46.6850_h124.93368707023254_p-45.jpg,2,0.9751314
imgs\img_1197_lat-20.3434_lon-40.2916_h164.6234927073662_p-45.jpg,2,0.975167
imgs\img_785_lat-23.5623_lon-46.5918_h73.3500515926466_p-45.jpg,2,0.9753078
imgs\img_227_lat-19.9392_lon-43.9312_h281.6901491194228_p-45.jpg,2,0.97544086
imgs\img_123_lat-7.1177_lon-34.8276_h283.4933520641032_p-45.jpg,2,0.97551507
imgs\img_78_lat-7.1137_lon-34.8295_h96.3516112118169_p-45.jpg,2,0.97575456
imgs\img_30_lat-7.1124_lon-34.8267_h153.33830697258645_p-45.jpg,2,0.9758008
imgs\img_770_lat-23.5708_lon-46.5908_h317.3665105813575_p-45.jpg,2,0.9761748
imgs\img_817_lat-23.5708_lon-46.5908_h317.3665105813575_p-45.jpg,2,0.9761748
imgs\img_280_lat-23.5848_lon-46.6667_h147.97010558706543_p-45.jpg,2,0.97631454
imgs\img_1168_lat-20.3424_lon-40.2914_h7.861197744169781_p-45.jpg,2,0.9763477
imgs\img_192_lat-23.5928_lon-46.7213_h168.96954917295864_p-45.jpg,2,0.976373
imgs\img_194_lat-19.9358_lon-43.9315_h59.313384422496995_p-45.jpg,2,0.97642547
imgs\img_686_lat-23.5591_lon-46.5865_h206.9425210962665_p-45.jpg,2,0.97655606
imgs\img_73_lat-23.5891_lon-46.6961_h22.22618806783953_p-45.jpg,2,0.97657585
imgs\img_1159_lat-20.3456_lon-40.2917_h100.00819136671203_p-45.jpg,2,0.9769158
imgs\img_1066_lat-20.3471_lon-40.2932_h100.57160426161562_p-45.jpg,2,0.97700566
imgs\img_381_lat-19.9626_lon-43.9912_h98.00596405000957_p-45.jpg,2,0.97749424
imgs\img_108_lat-19.9825_lon-43.9799_h307.32684426139025_p-45.jpg,2,0.97750384
imgs\img_478_lat-23.6139_lon-46.6808_h40.61147743147035_p-45.jpg,2,0.9775542
imgs\img_62_lat-7.1460_lon-34.8090_h348.4382175334737_p-45.jpg,2,0.9776129
imgs\img_146_lat-23.4377_lon-51.8973_h270_p-45.jpg,2,0.97763664
imgs\img_1084_lat-20.3486_lon-40.2872_h7.282557170492794_p-45.jpg,2,0.9777315
imgs\img_88_lat-7.1129_lon-34.8265_h153.76407011918263_p-45.jpg,2,0.9778101
imgs\img_86_lat-7.1179_lon-34.8268_h284.1912853096193_p-45.jpg,2,0.9778268
imgs\img_42_lat-23.6072_lon-46.7009_h118.31893659590594_p-45.jpg,2,0.9781572
imgs\img_1184_lat-20.3512_lon-40.2906_h100.97640119860604_p-45.jpg,2,0.97825575
imgs\img_795_lat-23.5581_lon-46.6037_h270.00003696954695_p-45.jpg,2,0.97851497
imgs\img_809_lat-23.5581_lon-46.6037_h270.00003696954695_p-45.jpg,2,0.97851497
imgs\img_702_lat-23.5718_lon-46.5998_h156.5397671940001_p-45.jpg,2,0.97859555
imgs\img_630_lat-23.5501_lon-46.5906_h135.31666263970425_p-45.jpg,2,0.9786129
imgs\img_1028_lat-20.3424_lon-40.2914_h7.861173966264687_p-45.jpg,2,0.9786754
imgs\img_24_lat-7.1215_lon-34.8250_h186.21336548246688_p-45.jpg,2,0.97872984
imgs\img_15_lat-23.5867_lon-46.7186_h333.4157920868137_p-45.jpg,2,0.9789235
imgs\img_2_lat-7.1122_lon-34.8240_h73.60732671224969_p-45.jpg,2,0.97899187
imgs\img_268_lat-19.9337_lon-43.9380_h2.7529049465364324_p-45.jpg,2,0.97921014
imgs\img_133_lat-23.6063_lon-46.7057_h10.353349240765397_p-45.jpg,2,0.9793031
imgs\img_26_lat-7.1189_lon-34.8246_h11.474083065891023_p-45.jpg,2,0.97955245
imgs\img_27_lat-19.9705_lon-43.9746_h268.763747846052_p-45.jpg,2,0.97958505
imgs\img_148_lat-19.9785_lon-43.9768_h182.38401100115823_p-45.jpg,2,0.9796546
imgs\img_49_lat-23.4009_lon-51.9601_h270_p-45.jpg,2,0.9805235
imgs\img_286_lat-19.9345_lon-43.9378_h328.97174927609706_p-45.jpg,2,0.9805284
imgs\img_236_lat-23.6132_lon-46.6591_h40.74428398793038_p-45.jpg,2,0.98117054
imgs\img_493_lat-23.6102_lon-46.6944_h320.61974765319883_p-45.jpg,2,0.98127025
imgs\img_905_lat-23.5479_lon-46.5942_h44.35886462393904_p-45.jpg,2,0.9815344
imgs\img_125_lat-7.1113_lon-34.8234_h268.9259278972046_p-45.jpg,2,0.9815388
imgs\img_857_lat-23.5486_lon-46.5968_h151.04151146648314_p-45.jpg,2,0.9815998
imgs\img_1036_lat-20.3462_lon-40.2907_h112.79467121837479_p-45.jpg,2,0.98160005
imgs\img_294_lat-23.6123_lon-46.6680_h131.4677758566929_p-45.jpg,2,0.9821795
imgs\img_216_lat-23.5875_lon-46.6702_h115.83990470571854_p-45.jpg,2,0.98233795
imgs\img_789_lat-23.5522_lon-46.5876_h222.0516858491142_p-45.jpg,2,0.9828523
imgs\img_833_lat-23.5522_lon-46.5876_h222.0516858491142_p-45.jpg,2,0.9828523
imgs\img_491_lat-23.6088_lon-46.6941_h18.675641316326395_p-45.jpg,2,0.9831191
imgs\img_89_lat-19.9852_lon-43.9736_h205.33546797883483_p-45.jpg,2,0.9835791
imgs\img_119_lat-19.9793_lon-43.9701_h324.5945942196971_p-45.jpg,2,0.98365563
imgs\img_109_lat-7.1173_lon-34.8280_h191.75442314331616_p-45.jpg,2,0.9838646
imgs\img_675_lat-23.5725_lon-46.5839_h17.619893338321674_p-45.jpg,2,0.9838901
imgs\img_144_lat-23.5849_lon-46.6962_h276.5583358930811_p-45.jpg,2,0.9840199
imgs\img_156_lat-23.5957_lon-46.6990_h157.93591900576303_p-45.jpg,2,0.98412204
imgs\img_362_lat-23.6159_lon-46.6656_h103.18133657561282_p-45.jpg,2,0.98422253
imgs\img_605_lat-23.5763_lon-46.5852_h27.64567489927427_p-45.jpg,2,0.98432016
imgs\img_389_lat-19.9584_lon-43.9953_h31.054205027041462_p-45.jpg,2,0.9844619
imgs\img_81_lat-7.1310_lon-34.8241_h150.72462030509394_p-45.jpg,2,0.98482174
imgs\img_143_lat-23.5951_lon-46.6979_h357.9114362859003_p-45.jpg,2,0.9851753
imgs\img_822_lat-23.5692_lon-46.5949_h67.45224076631433_p-45.jpg,2,0.9852305
imgs\img_128_lat-23.5981_lon-46.7094_h91.58526243805613_p-45.jpg,2,0.9855833
imgs\img_703_lat-23.5473_lon-46.5915_h49.611764103934256_p-45.jpg,2,0.98565197
imgs\img_674_lat-23.5627_lon-46.6022_h335.9915164927423_p-45.jpg,2,0.9856572
imgs\img_128_lat-7.1193_lon-34.8252_h89.31138089096424_p-45.jpg,2,0.9856808
imgs\img_83_lat-23.6088_lon-46.7246_h276.74561841318814_p-45.jpg,2,0.9860299
imgs\img_49_lat-7.0724_lon-34.8405_h346.25129837675445_p-45.jpg,2,0.98611313
imgs\img_69_lat-23.5852_lon-46.6983_h157.1263650642893_p-45.jpg,2,0.98622304
imgs\img_368_lat-19.9549_lon-43.9862_h271.33941589091944_p-45.jpg,2,0.9863064
imgs\img_327_lat-19.9547_lon-43.9861_h200.40619806195136_p-45.jpg,2,0.9865594
imgs\img_331_lat-19.9620_lon-43.9938_h251.44783841267665_p-45.jpg,2,0.9865899
imgs\img_281_lat-7.1129_lon-34.8365_h90_p-45.jpg,2,0.9866162
imgs\img_54_lat-19.9762_lon-43.9710_h260.9002377482802_p-45.jpg,2,0.9867015
imgs\img_577_lat-23.5885_lon-46.6859_h73.3603566136047_p-45.jpg,2,0.9867596
imgs\img_709_lat-23.5773_lon-46.5921_h257.1180304177126_p-45.jpg,2,0.98703706
imgs\img_991_lat-23.5773_lon-46.5921_h257.1180304177126_p-45.jpg,2,0.98703706
imgs\img_285_lat-23.6144_lon-46.6678_h220.1179019655487_p-45.jpg,2,0.9871387
imgs\img_359_lat-23.5915_lon-46.6663_h300.09794543380156_p-45.jpg,2,0.9871534
imgs\img_30_lat-7.1206_lon-34.8295_h166.63323318799146_p-45.jpg,2,0.9874517
imgs\img_869_lat-23.5754_lon-46.5932_h210.40140545717452_p-45.jpg,2,0.98745686
imgs\img_34_lat-7.1376_lon-34.8201_h143.76169387909385_p-45.jpg,2,0.9876191
imgs\img_136_lat-23.3898_lon-52.0267_h90_p-45.jpg,2,0.987709
imgs\img_325_lat-19.9654_lon-43.9924_h269.5962988174588_p-45.jpg,2,0.98784626
imgs\img_295_lat-19.9392_lon-43.9272_h80.80042975681522_p-45.jpg,2,0.9878936
imgs\img_472_lat-23.5903_lon-46.6825_h163.3705783850436_p-45.jpg,2,0.98796636
imgs\img_352_lat-23.5869_lon-46.6526_h342.63654719225553_p-45.jpg,2,0.98797315
imgs\img_108_lat-7.1152_lon-34.8248_h13.03829894581328_p-45.jpg,2,0.9881038
imgs\img_835_lat-23.5668_lon-46.6031_h58.578221015299164_p-45.jpg,2,0.9885647
imgs\img_1112_lat-20.3481_lon-40.2875_h99.91687501127213_p-45.jpg,2,0.98873913
imgs\img_1034_lat-20.3554_lon-40.2881_h279.684563799311_p-45.jpg,2,0.98875695
imgs\img_82_lat-19.9681_lon-43.9654_h29.61563786379395_p-45.jpg,2,0.98878384
imgs\img_28_lat-19.9770_lon-43.9706_h191.25840732389648_p-45.jpg,2,0.9888784
imgs\img_19_lat-7.1403_lon-34.8170_h225.87008048221455_p-45.jpg,2,0.98898107
imgs\img_14_lat-7.1139_lon-34.8268_h93.82358055684035_p-45.jpg,2,0.9891595
imgs\img_902_lat-23.5675_lon-46.5927_h150.44481336323693_p-45.jpg,2,0.989222
imgs\img_41_lat-7.1187_lon-34.8264_h189.29307606356107_p-45.jpg,2,0.989505
imgs\img_753_lat-23.5649_lon-46.5935_h299.8759788479355_p-45.jpg,2,0.98953587
imgs\img_900_lat-23.5649_lon-46.5935_h299.8759788479355_p-45.jpg,2,0.98953587
imgs\img_55_lat-23.5949_lon-46.7141_h351.62291270315023_p-45.jpg,2,0.98954886
imgs\img_59_lat-7.1166_lon-34.8279_h192.0771669052892_p-45.jpg,2,0.9895907
imgs\img_66_lat-7.1252_lon-34.8252_h174.51643806859175_p-45.jpg,2,0.98987377
imgs\img_1048_lat-20.3493_lon-40.2857_h7.649752863208164_p-45.jpg,2,0.9900351
imgs\img_757_lat-23.5618_lon-46.5970_h164.7597230605934_p-45.jpg,2,0.99020195
imgs\img_984_lat-23.5581_lon-46.6052_h269.8736983659915_p-45.jpg,2,0.9907434
imgs\img_163_lat-19.9312_lon-43.9378_h102.62145207317172_p-45.jpg,2,0.99087095
imgs\img_446_lat-19.9588_lon-43.9952_h100.47213924984968_p-45.jpg,2,0.9911256
imgs\img_196_lat-23.5924_lon-46.7159_h303.3313145225512_p-45.jpg,2,0.9914273
imgs\img_1187_lat-20.3485_lon-40.2853_h280.6213614726112_p-45.jpg,2,0.99146235
imgs\img_110_lat-19.9794_lon-43.9744_h180.8504075421904_p-45.jpg,2,0.9917083
imgs\img_113_lat-23.0104_lon-43.3368_h90_p-45.jpg,2,0.991819
imgs\img_265_lat-23.6124_lon-46.6718_h297.0071931036987_p-45.jpg,2,0.9918846
imgs\img_368_lat-19.9549_lon-43.9862_h91.33941589091944_p-45.jpg,2,0.9920726
imgs\img_46_lat-19.9761_lon-43.9699_h83.17193545679068_p-45.jpg,2,0.9921049
imgs\img_1079_lat-20.3486_lon-40.2875_h187.37401456721184_p-45.jpg,2,0.9922902
imgs\img_122_lat-7.1194_lon-34.8279_h89.33908688757185_p-45.jpg,2,0.9925284
imgs\img_928_lat-23.5695_lon-46.5908_h316.80485287382305_p-45.jpg,2,0.99260205
imgs\img_167_lat-23.6115_lon-46.7209_h355.46199209356746_p-45.jpg,2,0.9926674
imgs\img_65_lat-7.1242_lon-34.8278_h355.28653944212147_p-45.jpg,2,0.9926849
imgs\img_196_lat-19.9311_lon-43.9381_h105.36092137060098_p-45.jpg,2,0.99269706
imgs\img_445_lat-23.6161_lon-46.6936_h306.0753084523827_p-45.jpg,2,0.99275434
imgs\img_885_lat-23.5527_lon-46.6067_h95.30242451238506_p-45.jpg,2,0.993193
imgs\img_1_lat-7.1110_lon-34.8235_h50.71410383378293_p-45.jpg,2,0.9932761
imgs\img_90_lat-7.0595_lon-34.8465_h254.76065377107614_p-45.jpg,2,0.9934849
imgs\img_140_lat-7.0618_lon-34.8489_h193.30458162019593_p-45.jpg,2,0.9936575
imgs\img_665_lat-23.5693_lon-46.5953_h338.04270711796573_p-45.jpg,2,0.99375635
imgs\img_136_lat-23.0098_lon-43.3477_h270_p-45.jpg,2,0.9937934
imgs\img_457_lat-23.6217_lon-46.6936_h110.1535108401264_p-45.jpg,2,0.99384874
imgs\img_296_lat-19.9333_lon-43.9314_h195.01141181860604_p-45.jpg,2,0.99389493
imgs\img_717_lat-23.5535_lon-46.5985_h99.21653381297249_p-45.jpg,2,0.9939513
imgs\img_15_lat-7.0643_lon-34.8491_h74.43980357733312_p-45.jpg,2,0.99415064
imgs\img_922_lat-23.5602_lon-46.5894_h204.65674278191452_p-45.jpg,2,0.9943069
imgs\img_82_lat-23.5860_lon-46.7023_h137.8551417144281_p-45.jpg,2,0.9944143
imgs\img_368_lat-23.6060_lon-46.6655_h131.30813535611614_p-45.jpg,2,0.9944806
imgs\img_1035_lat-20.3556_lon-40.2916_h104.19873104253902_p-45.jpg,2,0.9945022
imgs\img_369_lat-23.5960_lon-46.6645_h271.1159463068686_p-45.jpg,2,0.99457604
imgs\img_573_lat-23.5885_lon-46.6815_h73.78955193356057_p-45.jpg,2,0.9947615
imgs\img_468_lat-23.5947_lon-46.6899_h145.36465298644362_p-45.jpg,2,0.99494416
imgs\img_977_lat-23.5480_lon-46.6021_h242.84067540735902_p-45.jpg,2,0.99504405
imgs\img_357_lat-23.6016_lon-46.6534_h310.475395084424_p-45.jpg,2,0.99514335
imgs\img_395_lat-19.9635_lon-43.9948_h73.43424397724846_p-45.jpg,2,0.99530524
imgs\img_21_lat-7.1347_lon-34.8220_h328.79474349414005_p-45.jpg,2,0.9953238
imgs\img_70_lat-19.9804_lon-43.9786_h281.636934747754_p-45.jpg,2,0.9957745
imgs\img_346_lat-23.6000_lon-46.6590_h42.43632565314806_p-45.jpg,2,0.9959647
imgs\img_909_lat-23.5510_lon-46.5897_h137.90882919874628_p-45.jpg,2,0.9961913
imgs\img_1042_lat-20.3520_lon-40.2940_h78.43775966861347_p-45.jpg,2,0.996289
imgs\img_76_lat-7.0643_lon-34.8491_h74.43985925186372_p-45.jpg,2,0.99634063
imgs\img_33_lat-7.0702_lon-34.8459_h345.021652382415_p-45.jpg,2,0.99635947
imgs\img_229_lat-19.9364_lon-43.9322_h237.81078650618818_p-45.jpg,2,0.9964329
imgs\img_195_lat-23.6077_lon-46.7046_h154.8338237798862_p-45.jpg,2,0.99643606
imgs\img_7_lat-7.1376_lon-34.8201_h143.76175648987245_p-45.jpg,2,0.9965158
imgs\img_912_lat-23.5578_lon-46.6026_h58.139277739353446_p-45.jpg,2,0.9965219
imgs\img_244_lat-19.9401_lon-43.9380_h103.00640562943249_p-45.jpg,2,0.9965427
imgs\img_903_lat-23.5674_lon-46.5911_h25.37850560695_p-45.jpg,2,0.9965484
imgs\img_72_lat-7.1194_lon-34.8261_h88.87413127435525_p-45.jpg,2,0.99661964
imgs\img_254_lat-23.5997_lon-46.6693_h30.25197921883398_p-45.jpg,2,0.9966205
imgs\img_175_lat-19.9332_lon-43.9379_h89.19649720813675_p-45.jpg,2,0.9967265
imgs\img_639_lat-23.5569_lon-46.5880_h257.3741687698046_p-45.jpg,2,0.9968088
imgs\img_101_lat-19.9756_lon-43.9646_h314.44988452004577_p-45.jpg,2,0.99693537
imgs\img_64_lat-7.1130_lon-34.8297_h203.12326345944996_p-45.jpg,2,0.9972695
imgs\img_369_lat-19.9554_lon-43.9875_h35.479082492662265_p-45.jpg,2,0.9975451
imgs\img_360_lat-19.9651_lon-43.9953_h113.97059999679692_p-45.jpg,2,0.9976574
imgs\img_434_lat-23.5962_lon-46.6798_h250.979014726547_p-45.jpg,2,0.9977729
imgs\img_1195_lat-20.3554_lon-40.2881_h279.68468989219207_p-45.jpg,2,0.9978945
imgs\img_112_lat-23.5798_lon-46.7107_h35.251461844763575_p-45.jpg,2,0.99792194
imgs\img_78_lat-7.1137_lon-34.8295_h276.35161121181693_p-45.jpg,2,0.99818915
imgs\img_718_lat-23.5541_lon-46.5873_h131.24254542362968_p-45.jpg,2,0.9982826
imgs\img_1059_lat-20.3484_lon-40.2878_h8.86370663396424_p-45.jpg,2,0.9986585
imgs\img_380_lat-19.9545_lon-43.9860_h194.69187272465948_p-45.jpg,2,0.9988106
imgs\img_1159_lat-20.3456_lon-40.2917_h280.008191366712_p-45.jpg,2,0.9989526
imgs\img_559_lat-23.5946_lon-46.6739_h253.31129116680583_p-45.jpg,2,0.9992583
imgs\img_504_lat-23.5922_lon-46.6848_h342.9889339711408_p-45.jpg,2,0.99968004
imgs\img_1073_lat-20.3487_lon-40.2881_h98.90919693973439_p-45.jpg,2,0.9997464
imgs\img_1063_lat-20.3467_lon-40.2869_h189.06630773506416_p-45.jpg,2,0.999842
imgs\img_852_lat-23.5675_lon-46.5927_h150.44437015415662_p-45.jpg,2,0.99987745
imgs\img_262_lat-19.9388_lon-43.9352_h329.7513656294079_p-45.jpg,2,0.99988794
imgs\img_83_lat-19.9738_lon-43.9656_h307.61777127176725_p-45.jpg,2,0.9999305
imgs\img_475_lat-23.5863_lon-46.6733_h178.6159515051146_p-45.jpg,2,1.0001329
imgs\img_236_lat-23.3785_lon-51.9234_h90_p-45.jpg,2,1.0001633
imgs\img_67_lat-7.1280_lon-34.8232_h343.25269324325177_p-45.jpg,2,1.0003674
imgs\img_24_lat-23.3689_lon-52.0689_h270_p-45.jpg,2,1.0006278
imgs\img_145_lat-19.9769_lon-43.9768_h179.80699592460178_p-45.jpg,2,1.000904
imgs\img_28_lat-7.1459_lon-34.8053_h94.00783282460714_p-45.jpg,2,1.0010973
imgs\img_89_lat-7.1209_lon-34.8263_h269.86549121604503_p-45.jpg,2,1.0012017
imgs\img_299_lat-23.3986_lon-51.9574_h90_p-45.jpg,2,1.0014212
imgs\img_1097_lat-20.3469_lon-40.2907_h193.88017214841372_p-45.jpg,2,1.0014507
imgs\img_97_lat-19.9806_lon-43.9766_h164.19189079465764_p-45.jpg,2,1.001451
imgs\img_65_lat-23.5983_lon-46.7040_h73.27198520832705_p-45.jpg,2,1.0015665
imgs\img_29_lat-23.6165_lon-46.7068_h276.3279417472161_p-45.jpg,2,1.0016712
imgs\img_287_lat-19.9334_lon-43.9378_h14.844512846386134_p-45.jpg,2,1.001971
imgs\img_372_lat-23.5964_lon-46.6571_h154.88635193443164_p-45.jpg,2,1.0019895
imgs\img_509_lat-23.6143_lon-46.6791_h213.08982764203563_p-45.jpg,2,1.0022422
imgs\img_503_lat-23.5850_lon-46.6869_h60.08990400416968_p-45.jpg,2,1.002326
imgs\img_263_lat-23.6040_lon-46.6558_h130.5440137361728_p-45.jpg,2,1.0023271
imgs\img_249_lat-23.6060_lon-46.6637_h131.54597907081808_p-45.jpg,2,1.0024493
imgs\img_850_lat-23.5490_lon-46.6087_h322.6545417147563_p-45.jpg,2,1.0024579
imgs\img_41_lat-7.1249_lon-34.8257_h264.35462339271686_p-45.jpg,2,1.0025805
imgs\img_365_lat-19.9635_lon-43.9948_h73.43439918750069_p-45.jpg,2,1.002672
imgs\img_826_lat-23.5461_lon-46.5932_h59.14845867791589_p-45.jpg,2,1.0031654
imgs\img_199_lat-23.6030_lon-46.7139_h333.0827797306576_p-45.jpg,2,1.0032771
imgs\img_54_lat-23.5862_lon-46.6982_h177.4652710607951_p-45.jpg,2,1.003521
imgs\img_180_lat-19.9329_lon-43.9370_h308.1255526626378_p-45.jpg,2,1.0035363
imgs\img_311_lat-23.5904_lon-46.6500_h56.92185072153734_p-45.jpg,2,1.0035723
imgs\img_652_lat-23.5661_lon-46.5930_h30.266591613423685_p-45.jpg,2,1.0036058
imgs\img_71_lat-7.1209_lon-34.8263_h269.86537951238915_p-45.jpg,2,1.0036069
imgs\img_430_lat-23.6213_lon-46.6937_h199.10058347578493_p-45.jpg,2,1.0041078
imgs\img_898_lat-23.5451_lon-46.5966_h78.41797630318047_p-45.jpg,2,1.0042473
imgs\img_10_lat-23.5828_lon-46.7101_h349.263196077785_p-45.jpg,2,1.0043563
imgs\img_930_lat-23.5684_lon-46.5858_h126.51545722664082_p-45.jpg,2,1.0045186
imgs\img_502_lat-23.5952_lon-46.6890_h26.184500962645387_p-45.jpg,2,1.0045815
imgs\img_410_lat-19.9636_lon-43.9935_h162.9592037762102_p-45.jpg,2,1.0046604
imgs\img_328_lat-19.9633_lon-43.9909_h18.085408945699783_p-45.jpg,2,1.004735
imgs\img_571_lat-23.6233_lon-46.6887_h309.25744669841527_p-45.jpg,2,1.0047437
imgs\img_19_lat-7.0613_lon-34.8426_h75.22048073497282_p-45.jpg,2,1.0048454
imgs\img_784_lat-23.5600_lon-46.5932_h205.44245360227956_p-45.jpg,2,1.0050428
imgs\img_820_lat-23.5600_lon-46.5932_h205.44245360227956_p-45.jpg,2,1.0050428
imgs\img_509_lat-23.6143_lon-46.6791_h33.08982764203563_p-45.jpg,2,1.0052699
imgs\img_601_lat-23.5532_lon-46.5902_h40.26457555351284_p-45.jpg,2,1.0058211
imgs\img_483_lat-23.6176_lon-46.6850_h304.9336870702325_p-45.jpg,2,1.0058235
imgs\img_172_lat-19.9365_lon-43.9323_h315.2974826713795_p-45.jpg,2,1.0059421
imgs\img_1173_lat-20.3447_lon-40.2907_h10.4424316010236_p-45.jpg,2,1.0059491
imgs\img_221_lat-23.0057_lon-43.3475_h90_p-45.jpg,2,1.0062557
imgs\img_612_lat-23.5473_lon-46.6093_h321.97160382971924_p-45.jpg,2,1.0069464
imgs\img_608_lat-23.5552_lon-46.5946_h206.6521641774012_p-45.jpg,2,1.0069758
imgs\img_964_lat-23.5746_lon-46.5884_h181.8132447393432_p-45.jpg,2,1.0070345
imgs\img_1079_lat-20.3486_lon-40.2875_h7.374014567211816_p-45.jpg,2,1.0070573
imgs\img_667_lat-23.5580_lon-46.5961_h68.637636046925_p-45.jpg,2,1.0071485
imgs\img_261_lat-23.6029_lon-46.6554_h220.60398613080395_p-45.jpg,2,1.0072445
imgs\img_891_lat-23.5764_lon-46.5875_h200.6391506247987_p-45.jpg,2,1.0072852
imgs\img_3_lat-23.6026_lon-46.7085_h187.75741585762813_p-45.jpg,2,1.007454
imgs\img_47_lat-7.1195_lon-34.8291_h268.914875612439_p-45.jpg,2,1.0077299
imgs\img_471_lat-23.6104_lon-46.6829_h41.30361044270347_p-45.jpg,2,1.0083992
imgs\img_165_lat-19.9389_lon-43.9371_h14.979755259320672_p-45.jpg,2,1.0084956
imgs\img_104_lat-23.5982_lon-46.7104_h357.917340853677_p-45.jpg,2,1.0086529
imgs\img_825_lat-23.5542_lon-46.6086_h95.71274823016525_p-45.jpg,2,1.008897
imgs\img_1147_lat-20.3520_lon-40.2940_h78.4381910332318_p-45.jpg,2,1.0089978
imgs\img_178_lat-23.5774_lon-46.7027_h196.6180959792657_p-45.jpg,2,1.0089995
imgs\img_755_lat-23.5537_lon-46.5862_h41.08393127994452_p-45.jpg,2,1.0094664
imgs\img_55_lat-19.9851_lon-43.9735_h170.7751903592598_p-45.jpg,2,1.0098842
imgs\img_1043_lat-20.3447_lon-40.2907_h10.442478118934442_p-45.jpg,2,1.0100893
imgs\img_1046_lat-20.3519_lon-40.2866_h280.8464282634486_p-45.jpg,2,1.0101277
imgs\img_804_lat-23.5525_lon-46.5930_h132.60362670985972_p-45.jpg,2,1.0104711
imgs\img_244_lat-23.6034_lon-46.6566_h131.38216918901904_p-45.jpg,2,1.0107461
imgs\img_951_lat-23.5597_lon-46.5972_h353.1995957986122_p-45.jpg,2,1.0107605
imgs\img_121_lat-19.9738_lon-43.9680_h168.7818054235806_p-45.jpg,2,1.0107663
imgs\img_1141_lat-20.3490_lon-40.2929_h99.97181711805513_p-45.jpg,2,1.0110633
imgs\img_442_lat-19.9503_lon-43.9846_h193.53537219374587_p-45.jpg,2,1.0111123
imgs\img_279_lat-23.6022_lon-46.6693_h220.4675262324464_p-45.jpg,2,1.0112381
imgs\img_960_lat-23.5571_lon-46.5934_h116.43717466090652_p-45.jpg,2,1.0112685
imgs\img_193_lat-23.5860_lon-46.7183_h243.60624936622048_p-45.jpg,2,1.0114349
imgs\img_110_lat-19.9794_lon-43.9744_h0.8504075421903963_p-45.jpg,2,1.011488
imgs\img_169_lat-23.6045_lon-46.7205_h83.92679961220388_p-45.jpg,2,1.0115758
imgs\img_368_lat-23.6060_lon-46.6655_h311.30813535611617_p-45.jpg,2,1.0115973
imgs\img_590_lat-23.6160_lon-46.6879_h115.3307726078409_p-45.jpg,2,1.0116273
imgs\img_494_lat-23.5898_lon-46.6847_h164.08049893261256_p-45.jpg,2,1.0117341
imgs\img_288_lat-19.9317_lon-43.9352_h240.3012230616281_p-45.jpg,2,1.0117886
imgs\img_797_lat-23.5726_lon-46.5889_h316.50988473962883_p-45.jpg,2,1.0120796
imgs\img_591_lat-23.5871_lon-46.6722_h253.9507413440421_p-45.jpg,2,1.0121087
imgs\img_968_lat-23.5774_lon-46.5919_h336.00483817901807_p-45.jpg,2,1.012288
imgs\img_312_lat-19.9503_lon-43.9846_h193.53526689809524_p-45.jpg,2,1.0123335
imgs\img_103_lat-23.5934_lon-46.7111_h356.74601158523956_p-45.jpg,2,1.0124446
imgs\img_126_lat-19.9692_lon-43.9699_h169.852719092527_p-45.jpg,2,1.0124451
imgs\img_98_lat-7.0631_lon-34.8458_h344.7438005992362_p-45.jpg,2,1.0125126
imgs\img_66_lat-19.9724_lon-43.9760_h350.3699623837566_p-45.jpg,2,1.012595
imgs\img_601_lat-23.5532_lon-46.5902_h220.26457555351283_p-45.jpg,2,1.0127988
imgs\img_524_lat-23.6003_lon-46.6939_h110.76532482206494_p-45.jpg,2,1.0129875
imgs\img_943_lat-23.5623_lon-46.5932_h152.53626309357287_p-45.jpg,2,1.0130916
imgs\img_272_lat-23.6090_lon-46.6727_h184.9220780968065_p-45.jpg,2,1.0132526
imgs\img_237_lat-23.4227_lon-51.9439_h90_p-45.jpg,2,1.0133442
imgs\img_143_lat-19.9739_lon-43.9678_h222.14835528095526_p-45.jpg,2,1.013424
imgs\img_650_lat-23.5582_lon-46.5945_h206.2406062246886_p-45.jpg,2,1.0135553
imgs\img_929_lat-23.5582_lon-46.5945_h206.2406062246886_p-45.jpg,2,1.0135553
imgs\img_27_lat-7.1143_lon-34.8301_h196.7292095003326_p-45.jpg,2,1.0135635
imgs\img_7_lat-23.5940_lon-46.7070_h173.0502905802705_p-45.jpg,2,1.013986
imgs\img_640_lat-23.5722_lon-46.5819_h346.455114559936_p-45.jpg,2,1.0140243
imgs\img_1049_lat-20.3426_lon-40.2902_h7.5939315268198015_p-45.jpg,2,1.0141212
imgs\img_234_lat-19.9399_lon-43.9342_h83.55301561183626_p-45.jpg,2,1.0143085
imgs\img_507_lat-23.6041_lon-46.6923_h18.31058181203638_p-45.jpg,2,1.014476
imgs\img_376_lat-23.6062_lon-46.6520_h114.85403948613214_p-45.jpg,2,1.014546
imgs\img_147_lat-19.9692_lon-43.9699_h169.85258754107804_p-45.jpg,2,1.0146456
imgs\img_630_lat-23.5501_lon-46.5906_h315.31666263970425_p-45.jpg,2,1.014863
imgs\img_105_lat-19.9724_lon-43.9763_h55.22880980085297_p-45.jpg,2,1.0148743
imgs\img_1150_lat-20.3507_lon-40.2882_h8.96927560448734_p-45.jpg,2,1.0149082
imgs\img_875_lat-23.5693_lon-46.5952_h95.32317847734362_p-45.jpg,2,1.0149537
imgs\img_1166_lat-20.3502_lon-40.2925_h245.78937617038017_p-45.jpg,2,1.0151408
imgs\img_116_lat-19.9773_lon-43.9694_h61.258269794429744_p-45.jpg,2,1.0152278
imgs\img_812_lat-23.5484_lon-46.6083_h321.4961536975457_p-45.jpg,2,1.0153494
imgs\img_152_lat-19.9349_lon-43.9374_h195.2364973151689_p-45.jpg,2,1.0154173
imgs\img_1122_lat-20.3467_lon-40.2921_h190.9725416056713_p-45.jpg,2,1.0154736
imgs\img_374_lat-19.9634_lon-43.9943_h253.13624096712653_p-45.jpg,2,1.0158997
imgs\img_1188_lat-20.3474_lon-40.2880_h279.47365693470414_p-45.jpg,2,1.0161809
imgs\img_577_lat-23.5885_lon-46.6859_h253.3603566136047_p-45.jpg,2,1.016271
imgs\img_391_lat-23.5799_lon-46.6617_h38.88767491843305_p-45.jpg,2,1.0163475
imgs\img_544_lat-23.5847_lon-46.6800_h163.9235289647753_p-45.jpg,2,1.0164144
imgs\img_164_lat-23.6112_lon-46.7072_h305.34911927204234_p-45.jpg,2,1.0165125
imgs\img_147_lat-7.0631_lon-34.8458_h344.7438233596807_p-45.jpg,2,1.0165701
imgs\img_539_lat-23.6063_lon-46.6832_h311.0628473177276_p-45.jpg,2,1.0167478
imgs\img_14_lat-7.1403_lon-34.8163_h139.3190251300595_p-45.jpg,2,1.0169239
imgs\img_796_lat-23.5794_lon-46.5963_h156.71048144013224_p-45.jpg,2,1.0171345
imgs\img_297_lat-23.5937_lon-46.6559_h335.2000599018047_p-45.jpg,2,1.0172409
imgs\img_35_lat-23.5988_lon-46.7177_h48.67106736821597_p-45.jpg,2,1.0173742
imgs\img_528_lat-23.6007_lon-46.6834_h142.33928548352634_p-45.jpg,2,1.0173864
imgs\img_1167_lat-20.3529_lon-40.2917_h100.46856337224466_p-45.jpg,2,1.0174239
imgs\img_907_lat-23.5661_lon-46.6019_h335.55173067540915_p-45.jpg,2,1.0174795
imgs\img_67_lat-23.5874_lon-46.7188_h243.28249534143794_p-45.jpg,2,1.0177113
imgs\img_618_lat-23.5722_lon-46.5875_h2.8954455083593262_p-45.jpg,2,1.0178381
imgs\img_248_lat-23.6073_lon-46.6530_h206.4865512188632_p-45.jpg,2,1.0179396
imgs\img_1054_lat-20.3474_lon-40.2880_h279.47341913535183_p-45.jpg,2,1.0181438
imgs\img_244_lat-19.9401_lon-43.9380_h283.0064056294325_p-45.jpg,2,1.0182778
imgs\img_52_lat-7.0678_lon-34.8446_h346.9825472756851_p-45.jpg,2,1.0189468
imgs\img_98_lat-7.0631_lon-34.8458_h164.74380059923624_p-45.jpg,2,1.0191181
imgs\img_15_lat-19.9816_lon-43.9769_h231.45351591844087_p-45.jpg,2,1.0194916
imgs\img_78_lat-7.1219_lon-34.8286_h1.2698087336698336_p-45.jpg,2,1.0195789
imgs\img_376_lat-23.6062_lon-46.6520_h294.85403948613214_p-45.jpg,2,1.0196319
imgs\img_895_lat-23.5740_lon-46.5862_h139.1947778443686_p-45.jpg,2,1.0197643
imgs\img_682_lat-23.5493_lon-46.5915_h319.1195340294727_p-45.jpg,2,1.019997
imgs\img_371_lat-23.5853_lon-46.6681_h301.3358208062049_p-45.jpg,2,1.0202485
imgs\img_87_lat-7.0718_lon-34.8397_h75.77108479056619_p-45.jpg,2,1.0203917
imgs\img_1021_lat-20.3579_lon-40.2923_h309.33762557026404_p-45.jpg,2,1.0205256
imgs\img_224_lat-23.6162_lon-46.6635_h219.05416903640543_p-45.jpg,2,1.0205618
imgs\img_1077_lat-20.3467_lon-40.2921_h190.97246636329544_p-45.jpg,2,1.020609
imgs\img_863_lat-23.5819_lon-46.5930_h94.84771111073928_p-45.jpg,2,1.0207586
imgs\img_1029_lat-20.3502_lon-40.2925_h245.78913604389643_p-45.jpg,2,1.0208207
imgs\img_250_lat-23.5971_lon-46.6599_h209.9461621663352_p-45.jpg,2,1.0209852
imgs\img_95_lat-23.5958_lon-46.7139_h211.89846173758144_p-45.jpg,2,1.021197
imgs\img_431_lat-23.5964_lon-46.6785_h160.76681084503943_p-45.jpg,2,1.0212717
imgs\img_92_lat-23.5880_lon-46.7202_h243.08142879948247_p-45.jpg,2,1.0213826
imgs\img_560_lat-23.6253_lon-46.6896_h264.8190100477476_p-45.jpg,2,1.021433
imgs\img_1148_lat-20.3472_lon-40.2926_h100.36049110221572_p-45.jpg,2,1.0215026
imgs\img_997_lat-23.5790_lon-46.5896_h155.9590807144578_p-45.jpg,2,1.0215203
imgs\img_371_lat-19.9607_lon-43.9911_h49.345697052637036_p-45.jpg,2,1.0216911
imgs\img_498_lat-23.6080_lon-46.6786_h41.50244700362563_p-45.jpg,2,1.0218902
imgs\img_335_lat-23.6100_lon-46.6683_h220.56035696571848_p-45.jpg,2,1.0220097
imgs\img_998_lat-23.5468_lon-46.5948_h269.8884465494067_p-45.jpg,2,1.022145
imgs\img_753_lat-23.5649_lon-46.5935_h119.87597884793553_p-45.jpg,2,1.0221739
imgs\img_900_lat-23.5649_lon-46.5935_h119.87597884793553_p-45.jpg,2,1.0221739
imgs\img_223_lat-19.9313_lon-43.9312_h54.03859214952786_p-45.jpg,2,1.0223744
imgs\img_813_lat-23.5557_lon-46.5902_h32.15664745323488_p-45.jpg,2,1.0226374
imgs\img_538_lat-23.5904_lon-46.6817_h205.15216749096632_p-45.jpg,2,1.0226732
imgs\img_315_lat-19.9634_lon-43.9943_h253.13638764134112_p-45.jpg,2,1.0226972
imgs\img_1160_lat-20.3535_lon-40.2914_h190.4763333301457_p-45.jpg,2,1.0230045
imgs\img_29_lat-7.1135_lon-34.8264_h175.37889098432163_p-45.jpg,2,1.0230169
imgs\img_1108_lat-20.3484_lon-40.2912_h190.26236300253407_p-45.jpg,2,1.0230471
imgs\img_134_lat-23.6049_lon-46.7173_h260.596690597338_p-45.jpg,2,1.0230662
imgs\img_101_lat-7.1154_lon-34.8239_h12.948636228375676_p-45.jpg,2,1.0231361
imgs\img_20_lat-23.6116_lon-46.7047_h125.82113479822776_p-45.jpg,2,1.0231404
imgs\img_154_lat-19.9384_lon-43.9346_h285.1283847458592_p-45.jpg,2,1.0232525
imgs\img_447_lat-19.9652_lon-43.9946_h322.1448509498017_p-45.jpg,2,1.0233274
imgs\img_923_lat-23.5484_lon-46.5923_h139.50929984426244_p-45.jpg,2,1.0234572
imgs\img_951_lat-23.5597_lon-46.5972_h173.19959579861222_p-45.jpg,2,1.0236635
imgs\img_18_lat-7.0653_lon-34.8486_h164.273062398172_p-45.jpg,2,1.0245243
imgs\img_606_lat-23.5493_lon-46.6025_h57.77359840554709_p-45.jpg,2,1.0252352
imgs\img_697_lat-23.5473_lon-46.6045_h237.2157453049494_p-45.jpg,2,1.0252544
imgs\img_192_lat-19.9390_lon-43.9265_h63.41410807302549_p-45.jpg,2,1.0253869
imgs\img_172_lat-23.5895_lon-46.7196_h333.5040971239999_p-45.jpg,2,1.0256557
imgs\img_147_lat-7.0631_lon-34.8458_h164.74382335968068_p-45.jpg,2,1.0260255
imgs\img_937_lat-23.5486_lon-46.6066_h58.30809680285734_p-45.jpg,2,1.0260684
imgs\img_894_lat-23.5740_lon-46.5875_h329.11120415527495_p-45.jpg,2,1.0261892
imgs\img_167_lat-19.9352_lon-43.9287_h328.6448329438933_p-45.jpg,2,1.0262183
imgs\img_100_lat-7.0689_lon-34.8462_h166.6899590801363_p-45.jpg,2,1.0262754
imgs\img_719_lat-23.5740_lon-46.5875_h329.11120415527495_p-45.jpg,2,1.0263562
imgs\img_410_lat-19.9636_lon-43.9935_h342.95920377621013_p-45.jpg,2,1.0264354
imgs\img_1020_lat-20.3510_lon-40.2916_h277.0267652518011_p-45.jpg,2,1.0265733
imgs\img_402_lat-23.6093_lon-46.6936_h288.33457280486306_p-45.jpg,2,1.0267375
imgs\img_269_lat-19.9388_lon-43.9302_h195.5619756096921_p-45.jpg,2,1.0268228
imgs\img_641_lat-23.5478_lon-46.5922_h229.32606299542272_p-45.jpg,2,1.0269786
imgs\img_1086_lat-20.3499_lon-40.2850_h189.62383994152097_p-45.jpg,2,1.0273225
imgs\img_406_lat-19.9607_lon-43.9911_h49.34586203932502_p-45.jpg,2,1.027329
imgs\img_55_lat-7.1452_lon-34.8125_h296.62679084282377_p-45.jpg,2,1.0274839
imgs\img_413_lat-23.5859_lon-46.6875_h293.3245188481499_p-45.jpg,2,1.0275296
imgs\img_413_lat-23.5859_lon-46.6875_h113.3245188481499_p-45.jpg,2,1.0276023
imgs\img_626_lat-23.5527_lon-46.5903_h313.7233196151023_p-45.jpg,2,1.0276989
imgs\img_70_lat-7.1172_lon-34.8252_h12.748426671708588_p-45.jpg,2,1.0278857
imgs\img_1131_lat-20.3540_lon-40.2944_h39.2508011096888_p-45.jpg,2,1.0279156
imgs\img_112_lat-23.0052_lon-43.3189_h90_p-45.jpg,2,1.0282753
imgs\img_150_lat-23.5966_lon-46.7007_h212.89578175632292_p-45.jpg,2,1.0286435
imgs\img_235_lat-23.6098_lon-46.6555_h130.4653464404238_p-45.jpg,2,1.0288163
imgs\img_48_lat-7.1458_lon-34.8102_h25.183029764853018_p-45.jpg,2,1.0288297
imgs\img_240_lat-23.6117_lon-46.6705_h130.9758100836262_p-45.jpg,2,1.0288926
imgs\img_48_lat-23.5949_lon-46.7037_h340.45803881346427_p-45.jpg,2,1.0289277
imgs\img_196_lat-19.9311_lon-43.9381_h285.360921370601_p-45.jpg,2,1.0291545
imgs\img_433_lat-23.6119_lon-46.6783_h38.40279239436158_p-45.jpg,2,1.0293144
imgs\img_448_lat-23.5874_lon-46.6855_h163.18364346845723_p-45.jpg,2,1.0297036
imgs\img_118_lat-7.1122_lon-34.8237_h254.83288239123556_p-45.jpg,2,1.0297711
imgs\img_978_lat-23.5689_lon-46.5945_h219.43868252478322_p-45.jpg,2,1.0297885
imgs\img_671_lat-23.5708_lon-46.5933_h35.18890405591981_p-45.jpg,2,1.0299002
imgs\img_22_lat-7.1274_lon-34.8263_h134.21135910349722_p-45.jpg,2,1.0302142
imgs\img_84_lat-23.6119_lon-46.7099_h124.47243456308797_p-45.jpg,2,1.030282
imgs\img_82_lat-7.1260_lon-34.8251_h172.02751942507814_p-45.jpg,2,1.0303884
imgs\img_517_lat-23.6149_lon-46.6936_h37.741466654007695_p-45.jpg,2,1.0307148
imgs\img_49_lat-7.1107_lon-34.8246_h153.33222120633624_p-45.jpg,2,1.0308806
imgs\img_93_lat-23.5881_lon-46.7230_h241.89880162926002_p-45.jpg,2,1.0308964
imgs\img_236_lat-23.3785_lon-51.9234_h270_p-45.jpg,2,1.0309167
imgs\img_638_lat-23.5614_lon-46.5950_h75.42410431999586_p-45.jpg,2,1.030925
imgs\img_127_lat-7.0729_lon-34.8413_h76.07106361483424_p-45.jpg,2,1.0310173
imgs\img_605_lat-23.5763_lon-46.5852_h207.64567489927427_p-45.jpg,2,1.0310681
imgs\img_676_lat-23.5490_lon-46.6021_h234.10060513089036_p-45.jpg,2,1.0311227
imgs\img_437_lat-23.5874_lon-46.6855_h163.18357656384546_p-45.jpg,2,1.031234
imgs\img_1104_lat-20.3535_lon-40.2914_h190.4764025792911_p-45.jpg,2,1.031397
imgs\img_201_lat-19.9390_lon-43.9372_h59.34366845400007_p-45.jpg,2,1.0319417
imgs\img_117_lat-19.9716_lon-43.9603_h33.46374649202346_p-45.jpg,2,1.032008
imgs\img_1003_lat-20.3544_lon-40.2864_h356.43432722246416_p-45.jpg,2,1.0322542
imgs\img_695_lat-23.5769_lon-46.5856_h30.3901949755929_p-45.jpg,2,1.0322891
imgs\img_968_lat-23.5774_lon-46.5919_h156.0048381790181_p-45.jpg,2,1.0324417
imgs\img_33_lat-7.0998_lon-34.8418_h270_p-45.jpg,2,1.0326962
imgs\img_216_lat-23.4035_lon-51.9575_h270_p-45.jpg,2,1.0328933
imgs\img_831_lat-23.5668_lon-46.6010_h299.1583888070635_p-45.jpg,2,1.0329934
imgs\img_5_lat-7.0729_lon-34.8413_h76.07084829334917_p-45.jpg,2,1.0331672
imgs\img_78_lat-23.5854_lon-46.7164_h173.86074200233293_p-45.jpg,2,1.0335273
imgs\img_1088_lat-20.3507_lon-40.2933_h280.8978111193738_p-45.jpg,2,1.0335622
imgs\img_176_lat-23.6095_lon-46.7109_h26.886920990117233_p-45.jpg,2,1.0336965
imgs\img_1146_lat-20.3528_lon-40.2871_h8.431908079530386_p-45.jpg,2,1.033915
imgs\img_13_lat-23.6109_lon-46.7222_h244.74756173931388_p-45.jpg,2,1.0339878
imgs\img_34_lat-7.0641_lon-34.8481_h256.3231425388203_p-45.jpg,2,1.0346974
imgs\img_807_lat-23.5477_lon-46.6098_h322.3390743345004_p-45.jpg,2,1.0347748
imgs\img_44_lat-19.9798_lon-43.9739_h85.41402167441555_p-45.jpg,2,1.0348123
imgs\img_344_lat-23.5815_lon-46.6538_h239.03146334616133_p-45.jpg,2,1.0348727
imgs\img_112_lat-7.0662_lon-34.8398_h252.9172635619515_p-45.jpg,2,1.0350988
imgs\img_76_lat-7.0643_lon-34.8491_h254.4398592518637_p-45.jpg,2,1.0352005
imgs\img_580_lat-23.6107_lon-46.6877_h130.4236092756098_p-45.jpg,2,1.0352397
imgs\img_15_lat-7.0643_lon-34.8491_h254.43980357733315_p-45.jpg,2,1.0353949
imgs\img_345_lat-19.9638_lon-43.9956_h70.75234705128673_p-45.jpg,2,1.0355232
imgs\img_456_lat-23.6022_lon-46.6871_h39.130642736392346_p-45.jpg,2,1.0359259
imgs\img_758_lat-23.5546_lon-46.5915_h32.34035492574736_p-45.jpg,2,1.03632
imgs\img_66_lat-7.0735_lon-34.8450_h164.50060825416685_p-45.jpg,2,1.0369624
imgs\img_231_lat-23.0006_lon-43.3947_h270_p-45.jpg,2,1.0371604
imgs\img_121_lat-7.0641_lon-34.8481_h256.3233153739622_p-45.jpg,2,1.0374346
imgs\img_412_lat-23.5782_lon-46.6727_h351.5049147588611_p-45.jpg,2,1.0376083
imgs\img_226_lat-23.5802_lon-46.6561_h57.60286121882441_p-45.jpg,2,1.0376971
imgs\img_1060_lat-20.3554_lon-40.2956_h310.0141644414459_p-45.jpg,2,1.0378925
imgs\img_276_lat-19.9390_lon-43.9371_h328.61763890299505_p-45.jpg,2,1.0383198
imgs\img_1080_lat-20.3531_lon-40.2941_h281.3316308081029_p-45.jpg,2,1.0383301
imgs\img_91_lat-7.1260_lon-34.8251_h172.02753633337468_p-45.jpg,2,1.0384601
imgs\img_219_lat-23.4528_lon-51.9716_h270_p-45.jpg,2,1.0388505
imgs\img_114_lat-7.1145_lon-34.8231_h99.60147524252729_p-45.jpg,2,1.0388621
imgs\img_353_lat-23.5937_lon-46.6695_h187.71398861585797_p-45.jpg,2,1.0391723
imgs\img_795_lat-23.5581_lon-46.6037_h90.00003696954693_p-45.jpg,2,1.0391763
imgs\img_809_lat-23.5581_lon-46.6037_h90.00003696954693_p-45.jpg,2,1.0391763
imgs\img_356_lat-19.9639_lon-43.9961_h68.72012899023886_p-45.jpg,2,1.0393811
imgs\img_1089_lat-20.3531_lon-40.2941_h281.3312296508575_p-45.jpg,2,1.0395997
imgs\img_103_lat-7.1155_lon-34.8281_h103.13930934122817_p-45.jpg,2,1.0398252
imgs\img_943_lat-23.5623_lon-46.5932_h332.53626309357287_p-45.jpg,2,1.0399133
imgs\img_848_lat-23.5579_lon-46.5927_h25.370456847445283_p-45.jpg,2,1.0399978
imgs\img_43_lat-7.1274_lon-34.8263_h134.211501888502_p-45.jpg,2,1.0400071
imgs\img_12_lat-19.9794_lon-43.9743_h1.4931238209834248_p-45.jpg,2,1.0405694
imgs\img_134_lat-19.9741_lon-43.9614_h15.894929393585016_p-45.jpg,2,1.0406189
imgs\img_9_lat-7.1430_lon-34.8154_h139.0827954350181_p-45.jpg,2,1.0407674
imgs\img_84_lat-7.0693_lon-34.8437_h345.68350289842203_p-45.jpg,2,1.0412494
imgs\img_1060_lat-20.3554_lon-40.2956_h130.01416444144596_p-45.jpg,2,1.0412834
imgs\img_786_lat-23.5778_lon-46.5921_h163.3268457201521_p-45.jpg,2,1.0414066
imgs\img_465_lat-23.5847_lon-46.6830_h340.2809421694994_p-45.jpg,2,1.0414832
imgs\img_293_lat-23.5946_lon-46.6596_h69.78045375793363_p-45.jpg,2,1.0416335
imgs\img_1062_lat-20.3513_lon-40.2921_h235.0981832472348_p-45.jpg,2,1.0417765
imgs\img_1026_lat-20.3459_lon-40.2919_h10.196618828211715_p-45.jpg,2,1.0418684
imgs\img_1150_lat-20.3507_lon-40.2882_h188.96927560448734_p-45.jpg,2,1.0419061
imgs\img_207_lat-23.5841_lon-46.6510_h109.14359394257129_p-45.jpg,2,1.0430403
imgs\img_206_lat-19.9367_lon-43.9282_h16.80663662785571_p-45.jpg,2,1.0437291
imgs\img_981_lat-23.5566_lon-46.6044_h7.414003185618981_p-45.jpg,2,1.0446249
imgs\img_654_lat-23.5577_lon-46.6013_h187.3290317502072_p-45.jpg,2,1.045097
imgs\img_445_lat-23.6161_lon-46.6936_h126.07530845238271_p-45.jpg,2,1.0452943
imgs\img_685_lat-23.5671_lon-46.5948_h150.84382921055874_p-45.jpg,2,1.0454572
imgs\img_839_lat-23.5671_lon-46.5948_h150.84382921055874_p-45.jpg,2,1.0454572
imgs\img_246_lat-19.9308_lon-43.9335_h61.61373079637792_p-45.jpg,2,1.0456145
imgs\img_20_lat-7.1453_lon-34.8105_h293.0601606985035_p-45.jpg,2,1.0457678
imgs\img_765_lat-23.5486_lon-46.5968_h331.04097985663_p-45.jpg,2,1.0472114
imgs\img_88_lat-23.5892_lon-46.7178_h63.72117456666897_p-45.jpg,2,1.0472686
imgs\img_95_lat-7.1377_lon-34.8192_h252.1427609786085_p-45.jpg,2,1.0473796
imgs\img_47_lat-19.9745_lon-43.9705_h109.76979423502289_p-45.jpg,2,1.0473888
imgs\img_21_lat-7.1347_lon-34.8220_h148.79474349414005_p-45.jpg,2,1.0478897
imgs\img_321_lat-23.5766_lon-46.6561_h221.43151775608024_p-45.jpg,2,1.048318
imgs\img_811_lat-23.5615_lon-46.5956_h345.2373657164476_p-45.jpg,2,1.0487067
imgs\img_567_lat-23.6099_lon-46.6825_h38.900162245017896_p-45.jpg,2,1.0490756
imgs\img_419_lat-19.9610_lon-43.9916_h52.14402872124296_p-45.jpg,2,1.0492446
imgs\img_550_lat-23.6159_lon-46.6939_h309.307350154387_p-45.jpg,2,1.0493636
imgs\img_384_lat-23.5991_lon-46.6671_h311.1366121572282_p-45.jpg,2,1.0494274
imgs\img_370_lat-23.6091_lon-46.6743_h40.45280645166987_p-45.jpg,2,1.0502799
imgs\img_80_lat-19.9762_lon-43.9675_h122.66299259630937_p-45.jpg,2,1.0503511
imgs\img_970_lat-23.5622_lon-46.5881_h205.8890084630626_p-45.jpg,2,1.050465
imgs\img_87_lat-7.1227_lon-34.8250_h177.170623528746_p-45.jpg,2,1.0506378
imgs\img_1039_lat-20.3518_lon-40.2933_h4.094699761394042_p-45.jpg,2,1.0508764
imgs\img_623_lat-23.5602_lon-46.5871_h25.615533078183148_p-45.jpg,2,1.0510281
imgs\img_788_lat-23.5684_lon-46.5881_h209.47048281721968_p-45.jpg,2,1.0511259
imgs\img_159_lat-23.6018_lon-46.7214_h163.00583370226695_p-45.jpg,2,1.0513421
imgs\img_0_lat-23.4571_lon-51.9393_h270_p-45.jpg,2,1.0513716
imgs\img_238_lat-19.9397_lon-43.9332_h175.28008650253264_p-45.jpg,2,1.0514479
imgs\img_137_lat-23.6171_lon-46.7025_h241.4618364257049_p-45.jpg,2,1.052335
imgs\img_1070_lat-20.3467_lon-40.2850_h277.19704284517377_p-45.jpg,2,1.052546
imgs\img_19_lat-7.1403_lon-34.8170_h45.870080482214576_p-45.jpg,2,1.052589
imgs\img_67_lat-7.0605_lon-34.8465_h346.03514956492836_p-45.jpg,2,1.0529363
imgs\img_154_lat-19.9384_lon-43.9346_h105.12838474585918_p-45.jpg,2,1.0530092
imgs\img_251_lat-23.6074_lon-46.6619_h311.3369328272896_p-45.jpg,2,1.053369
imgs\img_953_lat-23.5522_lon-46.5904_h42.488665630785576_p-45.jpg,2,1.0540715
imgs\img_29_lat-7.1377_lon-34.8192_h252.1429231433177_p-45.jpg,2,1.0540766
imgs\img_150_lat-19.9321_lon-43.9311_h194.00319646883415_p-45.jpg,2,1.0541911
imgs\img_879_lat-23.5679_lon-46.5888_h29.719184991359164_p-45.jpg,2,1.0543057
imgs\img_80_lat-7.1195_lon-34.8252_h90.01905440859089_p-45.jpg,2,1.0543193
imgs\img_9_lat-23.6125_lon-46.7090_h305.9596499757784_p-45.jpg,2,1.05436
imgs\img_678_lat-23.5762_lon-46.5874_h209.3089971851409_p-45.jpg,2,1.0545644
imgs\img_49_lat-19.9758_lon-43.9689_h77.73922636356394_p-45.jpg,2,1.0545692
imgs\img_48_lat-19.9673_lon-43.9647_h225.77330047001945_p-45.jpg,2,1.0553946
imgs\img_33_lat-25.5550_lon-49.3307_h90_p-45.jpg,2,1.0554665
imgs\img_1116_lat-20.3560_lon-40.2948_h309.511851262897_p-45.jpg,2,1.0563234
imgs\img_142_lat-23.6079_lon-46.7032_h149.9240452505357_p-45.jpg,2,1.0564296
imgs\img_8_lat-7.1112_lon-34.8250_h62.81351423245756_p-45.jpg,2,1.0571369
imgs\img_268_lat-23.6091_lon-46.6743_h40.452624026719036_p-45.jpg,2,1.0576774
imgs\img_160_lat-23.6115_lon-46.7171_h93.899295465866_p-45.jpg,2,1.0579774
imgs\img_34_lat-19.9819_lon-43.9776_h225.0405273635373_p-45.jpg,2,1.0581181
imgs\img_857_lat-23.5486_lon-46.5968_h331.04151146648314_p-45.jpg,2,1.0581771
imgs\img_289_lat-19.9362_lon-43.9330_h108.05556976664764_p-45.jpg,2,1.0585041
imgs\img_397_lat-23.5933_lon-46.6681_h158.18016441193595_p-45.jpg,2,1.0587847
imgs\img_221_lat-19.9360_lon-43.9364_h13.250425971220826_p-45.jpg,2,1.0590801
imgs\img_848_lat-23.5579_lon-46.5927_h205.37045684744527_p-45.jpg,2,1.0593626
imgs\img_862_lat-23.5591_lon-46.6027_h176.3502548441429_p-45.jpg,2,1.05939
imgs\img_576_lat-23.6180_lon-46.6870_h306.9648782612123_p-45.jpg,2,1.0597072
imgs\img_350_lat-23.6131_lon-46.6605_h41.12247299506828_p-45.jpg,2,1.059837
imgs\img_937_lat-23.5486_lon-46.6066_h238.30809680285734_p-45.jpg,2,1.0598775
imgs\img_30_lat-7.1206_lon-34.8295_h346.63323318799144_p-45.jpg,2,1.0601722
imgs\img_28_lat-7.1459_lon-34.8053_h274.00783282460714_p-45.jpg,2,1.0606072
imgs\img_984_lat-23.5581_lon-46.6052_h89.87369836599152_p-45.jpg,2,1.0607189
imgs\img_1007_lat-20.3530_lon-40.2897_h190.4980428209564_p-45.jpg,2,1.060721
imgs\img_1144_lat-20.3496_lon-40.2937_h350.1759182767351_p-45.jpg,2,1.0609291
imgs\img_706_lat-23.5552_lon-46.6030_h276.20337038434184_p-45.jpg,2,1.0611398
imgs\img_1104_lat-20.3535_lon-40.2914_h10.476402579291102_p-45.jpg,2,1.0612736
imgs\img_328_lat-19.9633_lon-43.9909_h198.0854089456998_p-45.jpg,2,1.0613543
imgs\img_34_lat-7.1376_lon-34.8201_h323.76169387909385_p-45.jpg,2,1.0619739
imgs\img_7_lat-7.1376_lon-34.8201_h323.7617564898725_p-45.jpg,2,1.0627667
imgs\img_562_lat-23.6027_lon-46.6745_h198.83436199816185_p-45.jpg,2,1.0628266
imgs\img_1085_lat-20.3560_lon-40.2948_h309.51212731871306_p-45.jpg,2,1.0632803
imgs\img_1107_lat-20.3464_lon-40.2885_h176.95619602642813_p-45.jpg,2,1.0633703
imgs\img_1173_lat-20.3447_lon-40.2907_h190.4424316010236_p-45.jpg,2,1.0640419
imgs\img_899_lat-23.5664_lon-46.5990_h225.5532940153683_p-45.jpg,2,1.0644743
imgs\img_291_lat-19.9327_lon-43.9313_h283.0357896117106_p-45.jpg,2,1.0646174
imgs\img_1160_lat-20.3535_lon-40.2914_h10.476333330145735_p-45.jpg,2,1.0647262
imgs\img_348_lat-23.6023_lon-46.6534_h40.88720844037003_p-45.jpg,2,1.0659407
imgs\img_751_lat-23.5578_lon-46.6018_hnan_p-45.jpg,2,1.0663009
imgs\img_936_lat-23.5578_lon-46.6018_hnan_p-45.jpg,2,1.0663009
imgs\img_1165_lat-20.3474_lon-40.2903_h188.68594502597915_p-45.jpg,2,1.0664109
imgs\img_229_lat-23.5945_lon-46.6683_h55.09774774041533_p-45.jpg,2,1.0671474
imgs\img_144_lat-19.9683_lon-43.9723_h188.9098395572008_p-45.jpg,2,1.0671947
imgs\img_58_lat-7.1286_lon-34.8255_h340.7306726552206_p-45.jpg,2,1.0673321
imgs\img_1043_lat-20.3447_lon-40.2907_h190.44247811893445_p-45.jpg,2,1.0673373
imgs\img_54_lat-7.1133_lon-34.8238_h354.1328510107486_p-45.jpg,2,1.0674473
imgs\img_47_lat-23.6131_lon-46.7122_h123.99296410456378_p-45.jpg,2,1.0674762
imgs\img_482_lat-23.6094_lon-46.6878_h130.90377658307494_p-45.jpg,2,1.0677941
imgs\img_75_lat-19.9816_lon-43.9779_h350.838700537907_p-45.jpg,2,1.0682137
imgs\img_148_lat-23.6095_lon-46.7195_h293.68958846846124_p-45.jpg,2,1.068239
imgs\img_163_lat-23.6077_lon-46.7009_h219.10956906429308_p-45.jpg,2,1.0682476
imgs\img_37_lat-7.1174_lon-34.8243_h192.20266296990155_p-45.jpg,2,1.06868
imgs\img_407_lat-23.6024_lon-46.6831_h130.9022664199096_p-45.jpg,2,1.0688376
imgs\img_19_lat-7.0613_lon-34.8426_h255.22048073497282_p-45.jpg,2,1.0690359
imgs\img_99_lat-23.5795_lon-46.7070_h299.9274189916025_p-45.jpg,2,1.0697817
imgs\img_140_lat-19.9683_lon-43.9723_h188.9097604997375_p-45.jpg,2,1.0699149
imgs\img_105_lat-7.1155_lon-34.8309_h336.642631144908_p-45.jpg,2,1.0701128
imgs\img_636_lat-23.5510_lon-46.6015_h143.99856729964478_p-45.jpg,2,1.0707053
imgs\img_896_lat-23.5510_lon-46.6015_h143.99856729964478_p-45.jpg,2,1.0707053
imgs\img_434_lat-23.5962_lon-46.6798_h70.979014726547_p-45.jpg,2,1.0713793
imgs\img_51_lat-7.1423_lon-34.8152_h229.9584324165251_p-45.jpg,2,1.0715314
imgs\img_1022_lat-20.3461_lon-40.2912_h62.48829670984912_p-45.jpg,2,1.0715886
imgs\img_1167_lat-20.3529_lon-40.2917_h280.46856337224466_p-45.jpg,2,1.0718695
imgs\img_50_lat-19.9820_lon-43.9797_h237.24752716497144_p-45.jpg,2,1.0741128
imgs\img_893_lat-23.5510_lon-46.6015_h143.99863234883944_p-45.jpg,2,1.0746409
imgs\img_976_lat-23.5595_lon-46.5945_h317.3133715498408_p-45.jpg,2,1.0751402
imgs\img_269_lat-23.6004_lon-46.6611_h41.09773194793672_p-45.jpg,2,1.0755033
imgs\img_1198_lat-20.3422_lon-40.2901_h6.911115862660899_p-45.jpg,2,1.076536
imgs\img_214_lat-23.6061_lon-46.6645_h220.71164920715563_p-45.jpg,2,1.0768428
imgs\img_24_lat-23.5984_lon-46.7146_h269.09015676974286_p-45.jpg,2,1.0772164
imgs\img_459_lat-23.6094_lon-46.6903_h220.86339983501145_p-45.jpg,2,1.0775893
imgs\img_420_lat-23.6176_lon-46.6843_h41.833217933052254_p-45.jpg,2,1.0785109
imgs\img_1174_lat-20.3476_lon-40.2906_h280.50117261126263_p-45.jpg,2,1.0791917
imgs\img_75_lat-23.6122_lon-46.7087_h168.99415773239048_p-45.jpg,2,1.0805348
imgs\img_371_lat-19.9607_lon-43.9911_h229.34569705263704_p-45.jpg,2,1.0815288
imgs\img_257_lat-23.6075_lon-46.6636_h130.86219857419832_p-45.jpg,2,1.0820487
imgs\img_104_lat-19.9755_lon-43.9613_h37.218256269140795_p-45.jpg,2,1.0825553
imgs\img_531_lat-23.5800_lon-46.6771_h163.73017445283642_p-45.jpg,2,1.0826914
imgs\img_66_lat-7.1252_lon-34.8252_h354.51643806859175_p-45.jpg,2,1.0850863
imgs\img_74_lat-7.0725_lon-34.8395_h255.89503109303666_p-45.jpg,2,1.0894216
imgs\img_146_lat-19.9782_lon-43.9636_h63.85837166204017_p-45.jpg,2,1.0896543
imgs\img_379_lat-23.6061_lon-46.6540_h41.348554142962094_p-45.jpg,2,1.0897495
imgs\img_351_lat-19.9682_lon-43.9940_h308.03171599623715_p-45.jpg,2,1.0915707
imgs\img_1092_lat-20.3464_lon-40.2882_h189.73254879546312_p-45.jpg,2,1.0930173
imgs\img_345_lat-23.6069_lon-46.6652_h40.60632551521661_p-45.jpg,2,1.0968682
imgs\img_323_lat-23.5789_lon-46.6529_h328.9327032513067_p-45.jpg,2,1.1072004
